SoPlex version 8.0.3 [mode: optimized] [precision: 8 byte] [rational: GMP 6.3.0] [PaPILO: not available] [githash: NoGitInfo]
Copyright (c) 1996-2026 Zuse Institute Berlin (ZIB)

Loading settings file <exact.set> . . .
int:syncmode = 1
int:readmode = 1
int:solvemode = 2
int:checkmode = 2
real:feastol = 0.00000000e+00
real:opttol = 0.00000000e+00

Reading (rational) LP file <pilot/pilot_204880136538_flat.lp> . . .
Reading took 0.18 seconds.

LP has 3882 rows 915 columns and 8056 nonzeros.

Initial floating-point solve . . .
Simplifier removed 1862 rows, 96 columns, 1958 nonzeros, 882 col bounds, 112 row bounds
Reduced LP has 2020 rows 819 columns 6002 nonzeros
Equilibrium scaling LP

type |   time |   iters | facts |    shift | viol sum | viol num | obj value 
  L  |    0.0 |       0 |     1 | 0.00e+00 | 9.25e+02 |      630 | 1.50000000e+01
  L  |    0.0 |     199 |     1 | 1.27e-06 | 8.85e+02 |      630 | 1.49999999e+01
  L  |    0.0 |     399 |     2 | 1.88e-06 | 1.32e+02 |      446 | 1.49999995e+01
  L  |    0.1 |     599 |     3 | 2.34e-06 | 1.79e+02 |      304 | 1.49999987e+01
  L  |    0.1 |     799 |     4 | 2.36e-06 | 2.69e+02 |      239 | 1.49999991e+01
  L  |    0.2 |     999 |     5 | 2.43e-06 | 2.29e+02 |      332 | 1.49999993e+01
  L  |    0.2 |    1199 |     7 | 2.52e-06 | 4.14e+02 |      311 | 1.49999986e+01
  L  |    0.3 |    1399 |     8 | 2.66e-06 | 1.65e+02 |      456 | 1.40073422e+01
  L  |    0.4 |    1599 |     9 | 2.66e-06 | 6.13e+01 |      279 | 1.28177360e+01
  L  |    0.4 |    1799 |    10 | 2.67e-06 | 3.37e+01 |      278 | 1.26438024e+01
  L  |    0.5 |    1999 |    11 | 2.67e-06 | 6.56e+01 |      218 | 1.24738020e+01
  L  |    0.6 |    2199 |    13 | 2.14e-06 | 2.32e+01 |      227 | 1.24241613e+01
  L  |    0.6 |    2399 |    14 | 2.14e-06 | 3.49e+01 |      166 | 1.22855300e+01
  L  |    0.7 |    2599 |    15 | 2.14e-06 | 3.33e+01 |      218 | 1.22081598e+01
  L  |    0.8 |    2799 |    16 | 2.14e-06 | 1.96e+01 |      228 | 1.21392003e+01
  L  |    0.9 |    2999 |    17 | 2.15e-06 | 2.58e+01 |      232 | 1.21030740e+01
  L  |    1.0 |    3199 |    18 | 2.15e-06 | 3.61e+02 |      202 | 1.20629872e+01
  L  |    1.1 |    3399 |    19 | 2.15e-06 | 7.38e+00 |      180 | 1.20477109e+01
  L  |    1.1 |    3599 |    21 | 2.15e-06 | 1.37e+01 |      161 | 1.20102550e+01
  L  |    1.2 |    3799 |    22 | 2.16e-06 | 1.35e+01 |      128 | 1.19911518e+01
  L  |    1.3 |    3999 |    23 | 2.16e-06 | 1.00e+01 |      132 | 1.19736656e+01
  L  |    1.4 |    4199 |    25 | 2.12e-06 | 6.50e+00 |      146 | 1.19395765e+01
  L  |    1.5 |    4399 |    26 | 2.12e-06 | 1.75e+02 |      144 | 1.18644590e+01
  L  |    1.6 |    4599 |    27 | 2.12e-06 | 5.63e+00 |      193 | 1.18467130e+01
  L  |    1.6 |    4799 |    28 | 2.13e-06 | 2.07e+00 |      146 | 1.18351885e+01
  L  |    1.7 |    4999 |    29 | 2.13e-06 | 6.67e+01 |       85 | 1.17835219e+01
  L  |    1.8 |    5199 |    30 | 2.14e-06 | 2.89e+00 |      402 | 1.17805019e+01
  L  |    1.9 |    5399 |    31 | 2.14e-06 | 2.99e-01 |       57 | 1.17771178e+01
  L  |    2.0 |    5599 |    32 | 2.15e-06 | 4.41e-01 |       18 | 1.17756220e+01
  E  |    2.0 |    5711 |    34 | 0.00e+00 | 0.00e+00 |        0 | 1.17752593e+01
  E  |    2.0 |    5711 |    34 | 0.00e+00 | 0.00e+00 |        0 | 1.17752593e+01

 --- unsimplifying solution and basis
Store basis as old basis (from solver)
Floating-point optimal.
Max. bound violation = 0, ofm = 1e0
Max. row violation = 7/281474976710656, ofm = 1e-14
Max. reduced cost violation = 11/9007199254740992, ofm = 1e-14
Max. dual violation = 1/2251799813685248, ofm = 1e-15
Performing rational reconstruction . . .
Reconstructed solution primal infeasible (3).
Refined floating-point solve . . .

  L  |    0.0 |       0 |     1 | 0.00e+00 | 5.26e+00 |        6 | -5.85798345e+13
  E  |    0.0 |       4 |     2 | 0.00e+00 | 0.00e+00 |        0 | 5.81873088e+13
  E  |    0.0 |       4 |     2 | 0.00e+00 | 0.00e+00 |        0 | 5.81873088e+13

Store basis as old basis (from solver)
Floating-point optimal.
Max. bound violation = 0, ofm = 1e0
Max. row violation = 55246095735497/507060240091291760598681282150400000000000, ofm = 1e-28
Max. reduced cost violation = 1538657033480187317979068663291453453657/247588007857076054979824844800000000000000, ofm = 1e-2
Max. dual violation = 223904067167341/36028797018963968, ofm = 1e-2
Performing rational reconstruction . . .
Reconstructed solution primal infeasible (3).
Refined floating-point solve . . .

  L  |    0.0 |       0 |     0 | 0.00e+00 | 0.00e+00 |        0 | 8.64256691e-24
  L  |    0.0 |       0 |     0 | 0.00e+00 | 0.00e+00 |        0 | 8.64256691e-24

Floating-point optimal.
Max. bound violation = 0, ofm = 1e0
Max. row violation = 12618278156288293/35681192317648997026457149236237378409568665600000000000000, ofm = 1e-42
Max. reduced cost violation = 62415344385169473388241267813308482015970977591834332435193365987149621/10043362776618689222137263077132266265763768711142455220633600000000000000, ofm = 1e-3
Max. dual violation = 223904067167341/36028797018963968, ofm = 1e-2
Performing rational reconstruction . . .
Reconstructed solution primal infeasible (3).
Refined floating-point solve . . .

  L  |    0.0 |       0 |     0 | 0.00e+00 | 0.00e+00 |        0 | 2.48253706e-38
  L  |    0.0 |       0 |     0 | 0.00e+00 | 0.00e+00 |        0 | 2.48253706e-38

Floating-point optimal.
Max. bound violation = 0, ofm = 1e0
Max. row violation = 5714626720780889/10043362776618689222137263077132266265763768711142455220633600000000000000, ofm = 1e-58
Max. reduced cost violation = 62415344385169473388241267813308482015970977591813758240119611854210491/10043362776618689222137263077132266265763768711142455220633600000000000000, ofm = 1e-3
Max. dual violation = 223904067167341/36028797018963968, ofm = 1e-2
Performing rational reconstruction . . .
Reconstructed solution primal infeasible (3).
Performing rational factorization . . .
Tolerances reached.
Solved to optimality.

SoPlex status       : problem is solved [optimal]
Solving time (sec)  : 2.75
Iterations          : 5715
Objective value     : 1.17752593e+01


Primal solution (name, value):
ln(0)	83544408425250359133334599227062545036876004462435043025229935618373456096051206383181370889644056886795088639975832807806164568302982862645200578350573860835138473681265675219567143845359483419816208948883925653154121595228597869011030515734013637829706431362343489636539229963046973/375561032507020428260407047394468112502166496808546228642400011982872666461560313219075307510472621001579996122410358127093237469545956989608976829306481464915228027134700988007630356644598048734492288417728037375441970947613076744300832499995632050277838968750000000000000000000000000
ln(1)	249514738688177847058885246622193685883880642191806467332759196647988263682368507906686954631589055878648985779431140081029937301155015368136191848880538952825909297276009097460319328339619701094177130921421183589182593139393297991671246872698957422839425362627656510363460770036953027/375561032507020428260407047394468112502166496808546228642400011982872666461560313219075307510472621001579996122410358127093237469545956989608976829306481464915228027134700988007630356644598048734492288417728037375441970947613076744300832499995632050277838968750000000000000000000000000
ln(2)	438699140229550/438699140229555
ln(3)	35885589670777190000000000000000/139162861230985421920491748369959
ln(4)	438699140229550/438699140229555
ln(5)	366941462562845814633870407843630712087239232079756460327172147893446085696695988666803108259255705811008033826573010733794569065362231857803474013272910794367941799792634925588880026655540155703125649095229884233544977526799218478680229940490705956671936742250010308065284189277852571/375561032507020428260407047394468112502166496808546228642400011982872666461560313219075307510472621001579996122410358127093237469545956989608976829306481464915228027134700988007630356644598048734492288417728037375441970947613076744300832499995632050277838968750000000000000000000000000
ln(6)	16590004463086329037887029154673518172124638629168720754712256413001022704680938614317139035417545130384008130565798086622646562202017262447253094876988740504299426202338862807385124183165127607371712331256720931788464491437482757658775421646993039659558150128260875608101432383351243/93890258126755107065101761848617028125541624202136557160600002995718166615390078304768826877618155250394999030602589531773309367386489247402244207326620366228807006783675247001907589161149512183623072104432009343860492736903269186075208124998908012569459742187500000000000000000000000
ln(7)	59084146889380446817098407965021337462916919449025162660583447735941105524403216535724578266479463336466184276958437358813664686119362595300521074690343380130885088552896128558668077960264610437930585327856180413197169783136082575002482702120703895295154487348172708827790919882087017/62593505417836738043401174565744685417027749468091038107066668663812111076926718869845884585078770166929999353735059687848872911590992831601496138217746910819204671189116831334605059440766341455748714736288006229240328491268846124050138749999272008379639828125000000000000000000000000
ln(8)	2390811595060786629390541970258040360047039034163493666806670453770306263835448154069118938462087699985073314282893562942489673353056714572907015608342152709687439696578088257068299209730426998190904174136074846238171471804875145140857641005115324944552778192953705630825185327671381/2487159155675631975234483757579259023193155608003617408227814648893196466632849756417717268281275635772052954453048729318498261387721569467609118074877360694802834616786099258328677858573497011486703896806145942883721661904722362545038625827785642717071781250000000000000000000000000
ln(9)	6939417294032220696368394144525693549019883351015935293210519285333945164527383163502188032237796887520612567316050411679405858075241646289483968856229571967077753287459108788837331290480092891460861299192588043039810059118959435695973940279597194142689544522567876943237949265112889/7824188177229592255425146820718085677128468683511379763383333582976513884615839858730735573134846270866249919216882460981109113948874103950187017277218363852400583898639603916825632430095792681968589342036000778655041061408605765506267343749909001047454978515625000000000000000000000
ln(10)	29116084093052067827742447205279739660856102880745563392981573879496381552570846323736321583017468535406246377290952133165514958556287573296153363400329136478692715381344269697166821592319298243259804042561366352354022811340242839252037836282064682683158246832246374797299522538882919/31296752708918369021700587282872342708513874734045519053533334331906055538463359434922942292539385083464999676867529843924436455795496415800748069108873455409602335594558415667302529720383170727874357368144003114620164245634423062025069374999636004189819914062500000000000000000000000
ln(11)	60505584569477566575045530345806984480636612044587970521211590193397351866561054108235842453381147384344475279815653862578078553740189919545994488117391229782692016013479968442061230788357670474500110687677648838980433856622497451303850559527225791469214504594019395080471855071552569/62593505417836738043401174565744685417027749468091038107066668663812111076926718869845884585078770166929999353735059687848872911590992831601496138217746910819204671189116831334605059440766341455748714736288006229240328491268846124050138749999272008379639828125000000000000000000000000
ln(12)	37372536162147663411195514171277834585823112224132060784326372088680881540346536366503045657427886457190201635576339681863932764930646522053880043430691244763593604234452040666565983216212076294441346385396619372087293918187844333181154384288176496928409152773374990930796415020473161/37556103250702042826040704739446811250216649680854622864240001198287266646156031321907530751047262100157999612241035812709323746954595698960897682930648146491522802713470098800763035664459804873449228841772803737544197094761307674430083249999563205027783896875000000000000000000000000
ln(13)	371890711614078373126391712405183196150330803117542248862769679853174609022973210759983375114910028169930268521433609093162887087554482182491529253561186926937792523607980978579499219988870404176703144574461214637562739822989802842815243649702879657869607277040267372807002218781373809/375561032507020428260407047394468112502166496808546228642400011982872666461560313219075307510472621001579996122410358127093237469545956989608976829306481464915228027134700988007630356644598048734492288417728037375441970947613076744300832499995632050277838968750000000000000000000000000
ln(14)	301348791677119260159719218333975051042418366398856610190322589470727824342408336621805091484223680386525951035203021466199113986593533945712069181831426635144991377630575250233494811399617475983286012146869691561636322215146303548282404255933640643896222938113552142840148242810407291/375561032507020428260407047394468112502166496808546228642400011982872666461560313219075307510472621001579996122410358127093237469545956989608976829306481464915228027134700988007630356644598048734492288417728037375441970947613076744300832499995632050277838968750000000000000000000000000
yn(0)	133575548748012136625585322762846692440884443575931254162532852184577249572959959724578163488816942824476799568184714878728993737937058389306813077074558299098485389797058900757560333335321918149900802863217822756072553108659886595812759949402484360457648942042260642169665251541304079/55556365755476305822892756828666108853682051133071926801184189098950715772417328494498368197333057763474553160682952011701100830321442846217311472747825161324304901888218509414613452828848703628094919683557701507068121683839242017329484662584739817891396298186201117671250000000000000
yn(1)	1570511803461230288207058548521875860884493128757734879805397817369889436862162174896010541612675257726344497246945986150253145860329726555497578731439292796289539243767022287607532148864924718274349515249294437892914718868413825622905662985267352900939717315284075327478726729963046973/722232754821191975697605838772659415097866664729935048415394458286359305041425270428478786565329750925169191088878376152114310794178757000825049145721727097215963724546840622389974886775033147165233955886250119591885581889910146225283300613601617632588151876420614529726250000000000000
yn(2)	33746087709965902976856940735/16873043854982857618514447412
yn(3)	63851904552553731301031089973680869419903219215/26762088698266384473060342075631524464077424628
yn(4)	33746087709965902976856940735/16873043854982857618514447412
yn(5)	1453085079586562320632073387300438834681134538869784886810984866124431614847834694135894387985008607793985449199804115497488514096122510065830296567046920954747506741250396459478971450549004263665400997075485737248552334481007905135896679917475604367107205935661721529776903310722147429/722232754821191975697605838772659415097866664729935048415394458286359305041425270428478786565329750925169191088878376152114310794178757000825049145721727097215963724546840622389974886775033147165233955886250119591885581889910146225283300613601617632588151876420614529726250000000000000
yn(6)	438416631074265704778598919631343868519968804108216616029826997091468402431451732086357235025648533270864362626028483471198124228169168218461189550202969196774562709058418983459577745117970977234759949211422184438735863510514298145985452042844584541285227519349672083852445442616648757/180558188705297993924401459693164853774466666182483762103848614571589826260356317607119696641332437731292297772219594038028577698544689250206262286430431774303990931136710155597493721693758286791308488971562529897971395472477536556320825153400404408147037969105153632431562500000000000
yn(7)	244253610135520909060558891225656920331812042375898395195776054600371844566351897264725004440897922264366062894104417013066849174128094391971774022029628578055023001620942435619307168240492792790157189033929756500485715551498438027427002274207014492001369292303782597479240330117912983/120372125803531995949600973128776569182977777454989174735899076381059884173570878404746464427554958487528198514813062692019051799029792833470841524286954516202660620757806770398329147795838857860872325981041686598647596981651691037547216768933602938764691979403435754954375000000000000
yn(8)	9662344313213439431973324222749042731134244217157972208280462089394446719903165639326228718784695833822830546818941710112365182021014423994204047837484547615580431436157218928811511897584436706236424608451445825828698144140867395353029179246317193755971345501825975414487314672328619/4782998376299284607268912839554035861575275925363808267651618929048737119479637552506482030233971860431584046946214411603406031749528192058444034077627331769642143871171129949602482693874391703081019575405629931072089946290795670366114573600010712798597032294176255163750000000000000
yn(9)	30977802334080448788338768254309088675321236877099509438834418506705173596817006061554009806184376312583418329066806384805658374455690477119552918233766922806160757984270711733409574484614582512050110496030654071170550607710355639607711681761367604269375927933926536345140956984887111/15046515725441499493700121641097071147872222181873646841987384547632485521696359800593308053444369810941024814351632836502381474878724104183855190535869314525332577594725846299791143474479857232609040747630210824830949622706461379693402096116700367345586497425429469369296875000000000
yn(10)	122552794419398610111086202390059389236508378031716215535198177288660093492806710576488469770671224265009877208240475052774741971567440920339994184959656842614261329705575012391820801508059403370784083138331602104487419855977017461962704651881794510965103642993731278356216102461117081/60186062901765997974800486564388284591488888727494587367949538190529942086785439202373232213777479243764099257406531346009525899514896416735420762143477258101330310378903385199164573897919428930436162990520843299323798490825845518773608384466801469382345989701717877477187500000000000
yn(11)	242832172455423789302611768844871273314092349780335587335147912142915598224194059692213740253996238216487771891247200509302435306507267067726300608602580728403216074160358595735914015412399732753587663674108288074702451478012023151125634416800492595827309275057935911226559394928447431/120372125803531995949600973128776569182977777454989174735899076381059884173570878404746464427554958487528198514813062692019051799029792833470841524286954516202660620757806770398329147795838857860872325981041686598647596981651691037547216768933602938764691979403435754954375000000000000
yn(12)	144630118052793150115398865343129120091014264870822073929489329313106888514106531913766703966998544903309146667061372941264375551217827670309497014601291930147951249869851097840219164504242365642411318231674942776122437282592868028276536601508454535449505115017798192853422334979526839/72223275482119197569760583877265941509786666472993504841539445828635930504142527042847878656532975092516919108887837615211431079417875700082504914572172709721596372454684062238997488677503314716523395588625011959188558188991014622528330061360161763258815187642061452972625000000000000
yn(13)	1448135830535329762139552082738886350618042967831999098275387334164703091521557472042714121129354285435063214504943517138120196073930259741142241326758644822177656017435050406488352257215674015191823501596254406844534572184817320771761666208263430665909535400871464465035185281218626191/722232754821191975697605838772659415097866664729935048415394458286359305041425270428478786565329750925169191088878376152114310794178757000825049145721727097215963724546840622389974886775033147165233955886250119591885581889910146225283300613601617632588151876420614529726250000000000000
yn(14)	1518677750472288875106224576810094495725955404550684736947834424547149876202122346180892404760040633218467531991174104765083969174891207977921701398488405113970457163412456134834356665804926943385240634023845929920460989792660820066294505602032669679882919739798179695002039257189592709/722232754821191975697605838772659415097866664729935048415394458286359305041425270428478786565329750925169191088878376152114310794178757000825049145721727097215963724546840622389974886775033147165233955886250119591885581889910146225283300613601617632588151876420614529726250000000000000
ynsum__pos	24403274221782020425536051287593170335230195063346473140972856418520759864325519797329829148115712957527554082129347560333967144303470896367463101758568937170689070326696236368733910985302972305555279296996892409665366912394828657324123465301537721309340247846587709405475/770381605142604774077446228024170042771057775711930718309754088838783258710853621790377372336351734320180470494803601228921931513790674134213385755436508903697027972849963330549306545893368690309582886278666794231344620682570822640302187321175058808094028668181988831708
tau(0)	206/1000
tau(1)	206/1000
tau(2)	206/1000
tau(3)	206/1000
tau(4)	206/1000
tau(5)	428598995360014497850351303667072605457295857740918391051777952337097309628349011002756268630887581184524217719243452131610707113644461873544970365062122974019956756682224095686561153182632751944660588830425679650722917807414061013827570819786053283886425741438717593082647015521621469/4012404193451066531653365770959218972765925915166305824529969212701996139119029280158215480918498616250939950493768756400635059967659761115694717476231817206755354025260225679944304926527961928695744199368056219954919899388389701251573892297786764625489732646781191831812500000000000000
tau(6)	1848545073238198806176956418582058896391881316594872556136434845483031183372621222261883576540570908947862804314167324715386375860685899937020332805888839985835517885390179630570911752328686746391591642003639794363116056159182786883528200814289369817725370321612825789961481440768515279/28889310192847679027904233550906376603914666589197401936615778331454372201657010817139151462613190037006767643555135046084572431767150280033001965828869083888638548981873624895598995471001325886609358235450004783675423275596405849011332024544064705303526075056824581189050000000000000000
tau(7)	7596680869104165389034910749743904074971055217827432517668134135214331395254079202378569694327092456316309841875444672916943158539664665397609648351032133420457097674123278010327965803509346512175798141248225006457005709377587836471248412474918439927916195022410794142875316810714745679/144446550964238395139521167754531883019573332945987009683078891657271861008285054085695757313065950185033838217775675230422862158835751400165009829144345419443192744909368124477994977355006629433046791177250023918377116377982029245056660122720323526517630375284122905945250000000000000000
tau(8)	145397035943413926538738282454277137778412044848983592525439140746146175477790254321758766425160344548595436314696750825063566306244463164757812281131295912855377314109015758159156841854141168975942503689970216151786348520145976319248099844312169425939521640606634140553409568061051411/1660305183496993047580703077638297505972107275241229996357228639738757023083736253858571923138689082586595841583628450924400714469376452875459883093613165740726353389762852005494195142011570453253411392841954297912380648022781945345478851985291075017444027302116355240750000000000000000
tau(9)	547384810235750918276913484958504301791153422130006888704178821380866270507719382175001405382128646732382405618780172658891528105225724892387742651862403568868222606621610908690974312786151346342287270264229690832107491258462979443130738855478222077656156703470625989593316905092006313/16049616773804266126613463083836875891063703660665223298119876850807984556476117120632861923673994465003759801975075025602540239870639044462778869904927268827021416101040902719777219706111847714782976797472224879819679597553558805006295569191147058501958930587124767327250000000000000000
tau(10)	6442836636282888468298745092160507185188710098268566607153608897565239151091267259107317344486663072919036321985445829299778360226421859335897027491151838441853577019889656190422184672993299794722987359050018018308969859849975912222640871558880993281621585080966925964001660517415819/4012404193451066531653365770959218972765925915166305824529969212701996139119029280158215480918498616250939950493768756400635059967659761115694717476231817206755354025260225679944304926527961928695744199368056219954919899388389701251573892297786764625489732646781191831812500000000000000
tau(11)	28745189850466615542012548887754140488183689868410853720753320618783260681874295993642621617955794610899096967549677272052854560378478474058290517593377718538463069768519773767017092087870368500646342499647998226283041115353601723136005899707637620374217164067960990248326259949007681/1851878858515876860763091894288870295122735037769064226706139636631690525747244283149945606577768592115818438689431733723370027677381428207243715758260838710810163396273950313820448427628290120936497322785256716902270722794641400577649488752824660596379876606206703922375000000000000000
tau(12)	1060959663330865200536303129087149635487762399136254784759572172364485506239278118948213996955854145616264477477757295551656846839154116778046430367841340511561812950910790912580667098090628033923928512945642835609814561788055990524473172220698899535324888887099441187606275868850272513/48148850321412798379840389251510627673191110981995669894359630552423953669428351361898585771021983395011279405925225076807620719611917133388336609714781806481064248303122708159331659118335543144348930392416674639459038792660676415018886707573441175505876791761374301981750000000000000000
tau(13)	2615000340645947117630410389950034008889820067043243743315661639285123117838282062058391199054756879899808251351396765150302213452497834385952483013787247163072377035396016231219651959830527723235272741970129327342119084627836452351060126664821982279561016300942155193248764603143607/116866141556827180533593177794928707944638618888339004597960268331126101139389202334705305269470833483037085936711711351474807571873585275214409246880538365245301573551268709124591405627028017340652743670914258833638443671506496152958462882459808678412322310100423063062500000000000000
tau(14)	426308539236570515754272054832499593734270124786966264898622507373714672999209897996756781524199071042348156924749817789943653427216694632825654450648979220615050031597094381591630410776676483946042403892968274941252870300820214031704870841682475416831545866280971505566439632173944339/12037212580353199594960097312877656918297777745498917473589907638105988417357087840474646442755495848752819851481306269201905179902979283347084152428695451620266062075780677039832914779583885786087232598104168659864759698165169103754721676893360293876469197940343575495437500000000000000
tau(15)	2228985094439386322328729386355337860408855567688197711149280401452025800558622020154153667184898523129953164659981768020594426098196355843537357549599176741279453448029255645751563592618559941379178240450808950807356936837366969226135011362065884139455843783329805655147404980269431361/48148850321412798379840389251510627673191110981995669894359630552423953669428351361898585771021983395011279405925225076807620719611917133388336609714781806481064248303122708159331659118335543144348930392416674639459038792660676415018886707573441175505876791761374301981750000000000000000
tau(16)	2175101533349127412796705096737114025407792533799252869599420660203635364082425674412748687214982232990367088967971637801162747273207637187292754188564826462281539928902875756046330386508012287751236666244106321496938729563188435507059705293496867200267879121047013845259227332623318299/48148850321412798379840389251510627673191110981995669894359630552423953669428351361898585771021983395011279405925225076807620719611917133388336609714781806481064248303122708159331659118335543144348930392416674639459038792660676415018886707573441175505876791761374301981750000000000000000
tau(17)	1350356918653434624573883348541055302818025143796621743026535987937985496684628717423802225374707611155183452639507277957469955423212096764799958331084798702340236230969526663259015382825268575049011265729370379029757808069274498025240227674599081732818160219493950527637014005922914639/48148850321412798379840389251510627673191110981995669894359630552423953669428351361898585771021983395011279405925225076807620719611917133388336609714781806481064248303122708159331659118335543144348930392416674639459038792660676415018886707573441175505876791761374301981750000000000000000
tau(18)	110556101409036773437203334346251016541726037386885244880913088432963792683982126499186083297834978272233267020099118000039905732446613643923376119617456148883049474544064914340025413054749242121022888871547911019285279786655672546495010772052057386555726339773789010869997486038226207/3703757717031753721526183788577740590245470075538128453412279273263381051494488566299891213155537184231636877378863467446740055354762856414487431516521677421620326792547900627640896855256580241872994645570513433804541445589282801155298977505649321192759753212413407844750000000000000000
tau(19)	43198841309779226172079437105646388334293278384960381458606256319244365340586762262929016270237671892595645679918399644966138631412434179677878392527969953032435962251677077859199694959136255089245319073940645720970929803350506345929300368595781680300954899923395628603634203989451743/2006202096725533265826682885479609486382962957583152912264984606350998069559514640079107740459249308125469975246884378200317529983829880557847358738115908603377677012630112839972152463263980964347872099684028109977459949694194850625786946148893382312744866323390595915906250000000000000
tau(20)	48658719161717192489286409439909834373581744113528587763102949948219105486239183195338777813395917100005339750118552391961319589183033824195580077242360033548931668200790743532677676319963419757587064404727115849357027282498153333530566316971323313383284771212640303408737022538882919/334367016120922210971113814246601581063827159597192152044164101058499678259919106679851290076541551354244995874480729700052921663971646759641226456352651433896279502105018806662025410543996827391312016614004684996243324949032475104297824358148897052124144387231765985984375000000000000
sqdeficit__neg	13486010826327114492785529925267872176165356401865018353546079041798015962649796932096170791745995059339902739738694169230839800811456165455526630625447716403242671010921351430068678947191112045789618280454636523058199300792138789359487206365721/54499668930202669898205489314242693833623224671152077241102631349015314790061885317920571969748075053650756242791434012135666988351163956848407469245368226581372387767423075390949597502443646688383433526808084105703208579117775750000000000000000
azim(0,1)	3227926699230174992120907852874146090186909585136516411632820070587995347009393103170990651621683145173955532219229979474223099537042808703145517038056264603886569974651394522635825494711407079878934535232908560862171214450702803069747686014656857008332562182995441154267774285938685305497/1805581887052979939244014596931648537744666661824837621038486145715898262603563176071196966413324377312922977722195940380285776985446892502062622864304317743039909311367101555974937216937582867913084889715625298979713954724775365563208251534004044081470379691051536324315625000000000000000
azim(0,3)	12270/7573
azim(0,4)	12270/7573
azim(0,5)	2265963856247478271113072852264233682812810323031916502344128979312352454244449431232088566658129302723893804569828365907981928461717508549500662931131245587429509912916384199054338305766170920544052579517148290237866589497387255198091133243961166183592600847401489883477392953067032788253/1805581887052979939244014596931648537744666661824837621038486145715898262603563176071196966413324377312922977722195940380285776985446892502062622864304317743039909311367101555974937216937582867913084889715625298979713954724775365563208251534004044081470379691051536324315625000000000000000
azim(1,3)	983/453
azim(1,5)	150915628670441370575410212235480491193334684629524998266710638567947417668426482316009318640357764399094020703961736483674127437815943256965602136160583788634620808311870351007531509220772765011347714589280938979473090107130747124313400557222567876699971121700331653318123407908952369643/120372125803531995949600973128776569182977777454989174735899076381059884173570878404746464427554958487528198514813062692019051799029792833470841524286954516202660620757806770398329147795838857860872325981041686598647596981651691037547216768933602938764691979403435754954375000000000000000
azim(1,6)	1065567914312757471576651867479508931902462172882804500402336741062343710456409402453349524963536430190331361198785114569930683829040481388931339897200222340433636461516114575513041027930061423673530252021798790141907060492545218328002349872851938882972968790924771542487550897983137439621/722232754821191975697605838772659415097866664729935048415394458286359305041425270428478786565329750925169191088878376152114310794178757000825049145721727097215963724546840622389974886775033147165233955886250119591885581889910146225283300613601617632588151876420614529726250000000000000000
azim(1,7)	999631412486881329690275700183053286471342673696153227883674753370666795439532018699746355045704929049282429768768623502610677280375464332758784092796880735210498396132308895451482294111352112837997608642648116117639576663388371567350880989320206514193624993328476756188025550165435580021/722232754821191975697605838772659415097866664729935048415394458286359305041425270428478786565329750925169191088878376152114310794178757000825049145721727097215963724546840622389974886775033147165233955886250119591885581889910146225283300613601617632588151876420614529726250000000000000000
azim(2,2)	983/453
azim(2,3)	226073714816711927771296805336463467384760323978691734188014095788157391520260459372604546137044836911457186679656658841131103246883720850662881652833882712619531394338579494039590563593824287788836077973131581450131143018926682801955513300570839448270093727321619429498201774640740485751/120372125803531995949600973128776569182977777454989174735899076381059884173570878404746464427554958487528198514813062692019051799029792833470841524286954516202660620757806770398329147795838857860872325981041686598647596981651691037547216768933602938764691979403435754954375000000000000000
azim(2,6)	65163654234039980975429084394938821369400677179192098834050205973600113137071172865607869168279825621557023262694206583928863886901021775362272143394058640921457395625087896290863625432403623598394933544066657792546197655111979926054943955541982278805078937610677641295869068879333817/57778620385695358055808467101812753207829333178394803873231556662908744403314021634278302925226380074013535287110270092169144863534300560066003931657738167777277097963747249791197990942002651773218716470900009567350846551192811698022664049088129410607052150113649162378100000000000000
azim(2,20)	399852565998257847949372227059964547053871272872028038666281588220874624285773948996713075212810551947986002164853310814344353834373253983739022548765788260108226948087284954568186838949029552433330505530254914514385424498129113376906877478903868741341185715196025562698371443383085805247/361116377410595987848802919386329707548933332364967524207697229143179652520712635214239393282664875462584595544439188076057155397089378500412524572860863548607981862273420311194987443387516573582616977943125059795942790944955073112641650306800808816294075938210307264863125000000000000000
azim(3,0)	1129710110176938937325212840558058046846981869442244092181612634001806599590019174482755778414566334156137769506415323032564296827210521802218552531259565050311219026177323179017630624102902139092699562059003713304152735383616261082122182276292679700427226085897564408805236625520900973491/601860629017659979748004865643882845914888887274945873679495381905299420867854392023732322137774792437640992574065313460095258995148964167354207621434772581013303103789033851991645738979194289304361629905208432993237984908258455187736083844668014693823459897017178774771875000000000000000
azim(3,3)	12270/7573
azim(3,4)	12270/7573
azim(3,20)	701586741648945483752780727821401877486258099947233545810703715964976000827928336984937294345371148476478676089937458761504045839042917281996840791802938346794140936345269728212423976056290527714962809524348570395859865932413758340490757476579994696881161590901412603776485787481005057759/601860629017659979748004865643882845914888887274945873679495381905299420867854392023732322137774792437640992574065313460095258995148964167354207621434772581013303103789033851991645738979194289304361629905208432993237984908258455187736083844668014693823459897017178774771875000000000000000
azim(4,0)	610210605362383198206140740944743675824459481559001019285783899674298899333447283887579161090827664142123203397463261374125748295200841782459260905392923548340414391206228910848325107930504530764748523484553957356730013629725464720217300938234191082393981384144885806131582273044935267813/361116377410595987848802919386329707548933332364967524207697229143179652520712635214239393282664875462584595544439188076057155397089378500412524572860863548607981862273420311194987443387516573582616977943125059795942790944955073112641650306800808816294075938210307264863125000000000000000
azim(4,4)	1532545439547535493422297623758559298406398229597590814660259440821777965451187579403177521901035036757243818986604617533379533859958152004545659155629248923579433441352761968561091123549621779809099674777448188618116170337105289261670490017936559232750165910762366427841387424969424560433/722232754821191975697605838772659415097866664729935048415394458286359305041425270428478786565329750925169191088878376152114310794178757000825049145721727097215963724546840622389974886775033147165233955886250119591885581889910146225283300613601617632588151876420614529726250000000000000000
azim(4,10)	147913220763128809325336909280719372485501160512032566548029268099145163437913715919723294820148880649883008418830178904262098048110324256698621135040497690327757252544298166266505597905896233489283653742692747599869183890139610349252611084581080215885779395358600011011291827246407808377/120372125803531995949600973128776569182977777454989174735899076381059884173570878404746464427554958487528198514813062692019051799029792833470841524286954516202660620757806770398329147795838857860872325981041686598647596981651691037547216768933602938764691979403435754954375000000000000000
azim(4,11)	897476258605277868581235386836954697874987543445860641066786279493751129977097110390433457421135742961472011612854865469431883400551895084977990863071746021744463110275710369306017613212884232348196251538664691953548682595941573166909751086552973524853909711643253054400763961064545291179/722232754821191975697605838772659415097866664729935048415394458286359305041425270428478786565329750925169191088878376152114310794178757000825049145721727097215963724546840622389974886775033147165233955886250119591885581889910146225283300613601617632588151876420614529726250000000000000000
azim(5,1)	983/453
azim(5,4)	1199417140249224577730616990584031013968101733804988951442735667978529118984021417539760337756456651746329230931181477133690446298584619814259251015463422975027936710984986045819931687310482067378305849651967636742713839653572171187523627919202845172970983841136354053239055989003338002067/722232754821191975697605838772659415097866664729935048415394458286359305041425270428478786565329750925169191088878376152114310794178757000825049145721727097215963724546840622389974886775033147165233955886250119591885581889910146225283300613601617632588151876420614529726250000000000000000
azim(5,9)	318695868282905811263313854900857082597583580383058768581175931446168624321918456680601508254783631797566557831650668423719189970731695761357188823286257291132337480192615452817485602762769812329871452984689350104237705485976589553051325756276880627398067912995826665295120903971265328563/261642190114621630084896559647965737182444752384802858974558409078275998238386700976983634484893763934696709271781170990291411202057813589419259702095949747023838710397177216213034883750677517433701653000458666009560401772617911769113047560251511943287142983008856884032773437500000000000
azim(5,10)	9622625684032342240551117881705934830198462020053013718713514073840283898986149943048269724123463348751694214030292457658860949286081424406712169290320411276218907414790644207865303282771023609551743519544966078350267286191272199350858155661729261398063482824841948446140765611527512648693/7795132836518382358391400949511806790539043657257574832897188463573464223378141711865995179136145242744067476235135577090061354433722446250284151124513813152710229164936590165795246191744323278024766489392975428698627142466961233397023210070941597206899708183436287855321250000000000000000
azim(6,0)	187358686917171107986560003836717055928714729175152075524788928191471162346475969632858269773427630766339060758643966611341319510765223294263843180956873554973988943461698962536776920645282736123079659516734866036284854935111440164093320392286208178105065237215399569744858866174189867246560761027708457/106121238781932812081332989824078914947563387610612187596146732384532188067793394252734860620731769915814017526612756768863343277913183512369864244226478206565183572338146094985210560462850300915258766149675030942163001271529792835617157791778316384767394461049362823000519368786183034375000000000000000
azim(6,2)	69523640953071871620571805371815525192381692370372905005868911730817769637442562919477593513781586766876258585090269777483825006491329908844332151376422127108408019804926980535442441673905371302773294035465360505708979941039965344767416743867572289269011684472035121148139367656948379976685118412912781/35373746260644270693777663274692971649187795870204062532048910794844062689264464750911620206910589971938005842204252256287781092637727837456621414742159402188394524112715364995070186820950100305086255383225010314054333757176597611872385930592772128255798153683120941000173122928727678125000000000000000
azim(6,8)	204367105384108471500917416084512974813936977154000113278628386783955284520981314789716019511251544334407331772824616962394100655276386301486318319881273951284207143447449361690019886115550993049545818046573469263147762721108276563056217821630956335359837085569264387690976750820810647/150127305084962422042557722120712877025730698653385941780578931755306366850989770826150112283970673620957053972219638222972015247268871458701841547977334332895043073157412689634250129744085306334583577223236118043731920454860891721474316946812826008512671209265234762865456224631205000
azim(6,20)	43008077679461338914627400600104740379896029321112296311264857686269305784940906168888112130752798782272810787202222219047555858842162743730279595964175572460912807335069452116560250397570379008838004035920841691927699836977735823740518655086490043022447820231721668546250757677982491579/36111637741059598784880291938632970754893333236496752420769722914317965252071263521423939328266487546258459554443918807605715539708937850041252457286086354860798186227342031119498744338751657358261697794312505979594279094495507311264165030680080881629407593821030726486312500000000000000
azim(7,0)	12270/7573
azim(7,8)	3619929569805976741528444368457546140000353217529595861564303232756219592002193805588950844701694086399627353689128295165255539409506088017080823325721539001609951424946901872432502931293188754086850699036212757957657349704140963567957240205629259864192905373875269632025848025364053/3320610366993986095161406155276595011944214550482459992714457279477514046167472507717143846277378165173191683167256901848801428938752905750919766187226331481452706779525704010988390284023140906506822785683908595824761296045563890690957703970582150034888054604232710481500000000000000
azim(7,11)	4463902655612647179698300989503757146186333192376257510680428752676097265634197450580880177146728502614316616048922548546140788342508694075141759157404051401870168515534894466053444719443811580257049827619807264499889506186965740324773483833761504916416255024636425015911896933070263/3703757717031753721526183788577740590245470075538128453412279273263381051494488566299891213155537184231636877378863467446740055354762856414487431516521677421620326792547900627640896855256580241872994645570513433804541445589282801155298977505649321192759753212413407844750000000000000
azim(7,17)	114135009037809648970936793530741623020891790135271706311918145486991881242093296585425267790134886910554318498156281249790408941463144076499102974917882403476291485502987088240978792774099359891692220883167632886114064096739445180636749319990257582769031851235668568684698038319735097/96297700642825596759680778503021255346382221963991339788719261104847907338856702723797171542043966790022558811850450153615241439223834266776673219429563612962128496606245416318663318236671086288697860784833349278918077585321352830037773415146882351011753583522748603963500000000000000
azim(7,18)	8758266264234548217693157133733575840087175465742727361810038185239104207561578496970383868472615506664942902752797929501437498053421040879335291208000752286787866312197503415154840784322100779939881751494400744441570713473137649658419175422677060485205379021675830765455279597321961/7407515434063507443052367577155481180490940151076256906824558546526762102988977132599782426311074368463273754757726934893480110709525712828974863033043354843240653585095801255281793710513160483745989291141026867609082891178565602310597955011298642385519506424826815689500000000000000
azim(8,1)	12270/7573
azim(8,5)	8501444835774142912213227923231712471477530661141013079349195979052523059084036852137602721010723173574119949396033515325489741410394741806836939589892575959046855727693768938883557956050792118693490238603762331356438992720913766613048965653385800248372742481095208042852964806640187/8024808386902133063306731541918437945531851830332611649059938425403992278238058560316430961836997232501879900987537512801270119935319522231389434952463634413510708050520451359888609853055923857391488398736112439909839798776779402503147784595573529250979465293562383663625000000000000
azim(8,7)	331077199275908622582736065243596312620129109107292539738985982239249206329474161161684228232376003789647749475437141388206583718095411861755424664824644854794892383086550088938428647795034371090320227045476975753013974126736660326589073105494347206040444709093814196277850425524873017/288893101928476790279042335509063766039146665891974019366157783314543722016570108171391514626131900370067676435551350460845724317671502800330019658288690838886385489818736248955989954710013258866093582354500047836754232755964058490113320245440647053035260750568245811890500000000000000
azim(8,13)	293210291624055848593636298688211960933864130885029142403172725922997841894323117989433886716005382451047253051732562409152767055112378471312986776510122506837477527061726636381869395025326573268225792724748851454895471231609069920785216379690597050837035170179954545200555323514371370231/240744251607063991899201946257553138365955554909978349471798152762119768347141756809492928855109916975056397029626125384038103598059585666941683048573909032405321241515613540796658295591677715721744651962083373197295193963303382075094433537867205877529383958806871509908750000000000000000
azim(8,14)	895285319542094995493774542847853959236706906324501075890373602627724880787881209859273903248400943081768083022061651587489919482027709716903338759020104636434969847772920986928229009516824899182952803558422407092876694199734639061830279784333421557272625880929913937682508028649373754307/722232754821191975697605838772659415097866664729935048415394458286359305041425270428478786565329750925169191088878376152114310794178757000825049145721727097215963724546840622389974886775033147165233955886250119591885581889910146225283300613601617632588151876420614529726250000000000000000
azim(9,1)	12270/7573
azim(9,9)	37734249538637488815384834152063546755041208934767460226351841385754894051050769331349208549031460355656589910230120118386787401262512266274606987779334164306512037671501227429832220002939205731759120970573110117025705427660630352753088975788194929612946389292701101764821671229737999/32099233547608532253226926167673751782127407321330446596239753701615969112952234241265723847347988930007519603950150051205080479741278088925557739809854537654042832202081805439554439412223695429565953594944449759639359195107117610012591138382294117003917861174249534654500000000000000
azim(9,14)	28250303986055569240782756792598390521901018336253035750049860619705739323852229198622111755263682851429147376088996835448956342166381321228208124343279611907315711714869095652011865717261711090546730660214829371100997115930862606579651183278610066671085420280458727239362413315738197/24074425160706399189920194625755313836595555490997834947179815276211976834714175680949292885510991697505639702962612538403810359805958566694168304857390903240532124151561354079665829559167771572174465196208337319729519396330338207509443353786720587752938395880687150990875000000000000
azim(9,15)	111327890265330570064371790215041039769802875042966351781174553111547663018853701369034368615022455881880932836749014508374675808316229510752338121184609630188945743595448018009373207439296512075940888695559202944332597231665667317375104643672472271565716568284116315881150463321822903/96297700642825596759680778503021255346382221963991339788719261104847907338856702723797171542043966790022558811850450153615241439223834266776673219429563612962128496606245416318663318236671086288697860784833349278918077585321352830037773415146882351011753583522748603963500000000000000
azim(9,16)	111500042217695614503771228840019390680349402307787261818075063466973830547531644965652275899271389716192709436403998949970304175169228611890499793264591579962102016819493960149006540366167271352707475194622150641809971695800423016158092841974609705876221247716329708245010455806315277/96297700642825596759680778503021255346382221963991339788719261104847907338856702723797171542043966790022558811850450153615241439223834266776673219429563612962128496606245416318663318236671086288697860784833349278918077585321352830037773415146882351011753583522748603963500000000000000
azim(10,2)	12270/7573
azim(10,6)	65163654234039980975429084394938821369400677179192098834050205973600113137071172865607869168279825621557023262694206583928863886901021775362272143394058640921457395625087896290863625432403623598394933544066657792546197655111979926054943955541982278805078937610677641295869068879333817/57778620385695358055808467101812753207829333178394803873231556662908744403314021634278302925226380074013535287110270092169144863534300560066003931657738167777277097963747249791197990942002651773218716470900009567350846551192811698022664049088129410607052150113649162378100000000000000
azim(10,7)	331077199275908622582736065243596312620129109107292539738985982239249206329474161161684228232376003789647749475437141388206583718095411861755424664824644854794892383086550088938428647795034371090320227045476975753013974126736660326589073105494347206040444709093814196277850425524873017/288893101928476790279042335509063766039146665891974019366157783314543722016570108171391514626131900370067676435551350460845724317671502800330019658288690838886385489818736248955989954710013258866093582354500047836754232755964058490113320245440647053035260750568245811890500000000000000
azim(10,12)	115059600907849806875210212762223749753576335645368725347914834993616481850544895941577306858565728653490161869280083110511856572722115258565408176078404634117756096621385605016308978987309074080590248847332896603110687886775287057636005088213580848575719619070794796608118926936580599/96297700642825596759680778503021255346382221963991339788719261104847907338856702723797171542043966790022558811850450153615241439223834266776673219429563612962128496606245416318663318236671086288697860784833349278918077585321352830037773415146882351011753583522748603963500000000000000
azim(10,13)	279143542038693232885739094288003422071827209191622331620171709187482347474413430465382408493411453361146159488551504714010541906997325327569145805380917872446676787856488465797813835057447430124815782379021884902745950614799251071651617548975177955584431828998030681676920879862161/233732283113654361067186355589857415889277237776678009195920536662252202278778404669410610538941666966074171873423422702949615143747170550428818493761076730490603147102537418249182811254056034681305487341828517667276887343012992305916925764919617356824644620200846126125000000000000
azim(11,2)	12270/7573
azim(11,8)	3619929569805976741528444368457546140000353217529595861564303232756219592002193805588950844701694086399627353689128295165255539409506088017080823325721539001609951424946901872432502931293188754086850699036212757957657349704140963567957240205629259864192905373875269632025848025364053/3320610366993986095161406155276595011944214550482459992714457279477514046167472507717143846277378165173191683167256901848801428938752905750919766187226331481452706779525704010988390284023140906506822785683908595824761296045563890690957703970582150034888054604232710481500000000000000
azim(11,12)	115059600907849806875210212762223749753576335645368725347914834993616481850544895941577306858565728653490161869280083110511856572722115258565408176078404634117756096621385605016308978987309074080590248847332896603110687886775287057636005088213580848575719619070794796608118926936580599/96297700642825596759680778503021255346382221963991339788719261104847907338856702723797171542043966790022558811850450153615241439223834266776673219429563612962128496606245416318663318236671086288697860784833349278918077585321352830037773415146882351011753583522748603963500000000000000
azim(11,18)	8758266264234548217693157133733575840087175465742727361810038185239104207561578496970383868472615506664942902752797929501437498053421040879335291208000752286787866312197503415154840784322100779939881751494400744441570713473137649658419175422677060485205379021675830765455279597321961/7407515434063507443052367577155481180490940151076256906824558546526762102988977132599782426311074368463273754757726934893480110709525712828974863033043354843240653585095801255281793710513160483745989291141026867609082891178565602310597955011298642385519506424826815689500000000000000
azim(11,19)	4797369882328694531995100270650648294506671562153569843403935752623080345751563931622951897391004138543182860256174350061592202735260619328640855705499296075298323761896197472585807353847057787407719481414571881666687640451052807143535617143936494250838952616892534270428684651790889/4012404193451066531653365770959218972765925915166305824529969212701996139119029280158215480918498616250939950493768756400635059967659761115694717476231817206755354025260225679944304926527961928695744199368056219954919899388389701251573892297786764625489732646781191831812500000000000
azim(12,9)	98856393495317521569434862651637250486129831949061486552389441465011934151785860070089276425540025923069757402495013859551236880113020989853497252883129395689205561838150321898447554090576081069060170167149523813257299134896273843574087543347728376642282242879870606846358515974786867321771/75352950753011029464450209178614132308544088686823223384672821814543487492655369881371286731649404013192652270272977245203926426192650313752746794203633527142865548594387038269354046520195125020906076064132095810753395710513958589504557697352435439666697179106550782601438750000000000000000
azim(12,10)	3083108392321038340904792898546438101844574244579786918280922684882971787970561278462718602962757271440304725558216496599189217814871594199749035429207347410759769022430484117366692608753537385301000046154353271346979352669210094051489256197736927768345472552940550784531623339482584181/2511765025100367648815006972620471076951469622894107446155760727151449583088512329379042891054980133773088409009099241506797547539755010458424893140121117571428851619812901275645134884006504167363535868804403193691779857017131952983485256578414514655556572636885026086714625000000000000
azim(12,11)	902705485591965493713819240165232379443201431461021454788661711037612398124360034523929929319798888259671073064943083742920470845123253413101840074553215398268438906183844241987064306198363499655534315491980505711890491157345963023445524172661323239797318015046960123096873810227126886641/722232754821191975697605838772659415097866664729935048415394458286359305041425270428478786565329750925169191088878376152114310794178757000825049145721727097215963724546840622389974886775033147165233955886250119591885581889910146225283300613601617632588151876420614529726250000000000000000
azim(12,16)	613686467710504689035485516960465542847315569915383813763339239658308347435615285356145477005236077197583653609377171108228211126629798176546821367408287040688283583083792496436040026193532673796721425988653750693064421487082229244452552619043425533701241239694869592097384641716741703/478934187547209532955972041626431972876569406319585575872277492232333756658770073228434208597698773823056492764508206997423283020012438329459581661619182425209525016277745770815633214041799169207714824858256047474725186929648638080426591918833963947339623260225871704062500000000000000
azim(12,17)	437877697733990572094993570022012635708832264682310358482126742939473191021661538161534309735131686996366536581012335505437565474235949879486938515846724012038270399863231499526934989800873426705495921741808785664293087490700032167579428226200671225876327881080209419544397518875020863867/361116377410595987848802919386329707548933332364967524207697229143179652520712635214239393282664875462584595544439188076057155397089378500412524572860863548607981862273420311194987443387516573582616977943125059795942790944955073112641650306800808816294075938210307264863125000000000000000
azim(13,12)	234806942028199995545060784189383276792816329223291116063560424421058943335627882921253949908711371892558688447408960548237528650017882602337492587080230186364051217183470493322392404230314266203850744166132645458655664958006075228671853639709727228943540570392115177863784009617557283597/180558188705297993924401459693164853774466666182483762103848614571589826260356317607119696641332437731292297772219594038028577698544689250206262286430431774303990931136710155597493721693758286791308488971562529897971395472477536556320825153400404408147037969105153632431562500000000000000
azim(13,13)	102442801478238099645969360747999514670881520195608548401645329742066867877809293321783657555990538599755023677415474019209792346786729582590685463745450832964408249809592430288771300032253241204243001774575787423986865275544969097031623956848302277807194265192639734574772660677756219343/80248083869021330633067315419184379455318518303326116490599384254039922782380585603164309618369972325018799009875375128012701199353195222313894349524636344135107080505204513598886098530559238573914883987361124399098397987767794025031477845955735292509794652935623836636250000000000000000
azim(13,14)	925347160087547510270619061852588475059226713296224643724440390229717818733930116643258510620198991271369928645779027278085211213399016327854475143423469515919000199028721051503257697464928146039804224570401111829329641147539776446875656167044337915010868393749307156338340286532399657593/722232754821191975697605838772659415097866664729935048415394458286359305041425270428478786565329750925169191088878376152114310794178757000825049145721727097215963724546840622389974886775033147165233955886250119591885581889910146225283300613601617632588151876420614529726250000000000000000
azim(13,15)	110979439141587151168016431763760459445460638262017534772573829649286001188831844646331312579422415090635934691137695065203181089084456466869741243410813391545336407014558589338197275211244711399463896485080070213062764974084643680480801508127232490188240528719351189116184173397186556429/90279094352648996962200729846582426887233333091241881051924307285794913130178158803559848320666218865646148886109797019014288849272344625103131143215215887151995465568355077798746860846879143395654244485781264948985697736238768278160412576700202204073518984552576816215781250000000000000
azim(13,19)	4797369882328694531995100270650648294506671562153569843403935752623080345751563931622951897391004138543182860256174350061592202735260619328640855705499296075298323761896197472585807353847057787407719481414571881666687640451052807143535617143936494250838952616892534270428684651790889/4012404193451066531653365770959218972765925915166305824529969212701996139119029280158215480918498616250939950493768756400635059967659761115694717476231817206755354025260225679944304926527961928695744199368056219954919899388389701251573892297786764625489732646781191831812500000000000
azim(14,15)	229538450815263753308388053370373479190678642184581765535526115370053692806672459889885447278122514523046982772352588363743074591442239029280665076477424802187882518362127204256758432700572688853270860239242091723111471234151423722503974744752773127610551818505518016360711667245392541547/180558188705297993924401459693164853774466666182483762103848614571589826260356317607119696641332437731292297772219594038028577698544689250206262286430431774303990931136710155597493721693758286791308488971562529897971395472477536556320825153400404408147037969105153632431562500000000000000
azim(14,16)	219801655176907463254890508115174777306720936423843680417203842556007327526712288681622784972216589430184910065922309248495219214935069381908330721557541552680681318743126824227431373709690929181147149929516174081869214708523477264178927212110869425004825434974444600591085291002422803853/180558188705297993924401459693164853774466666182483762103848614571589826260356317607119696641332437731292297772219594038028577698544689250206262286430431774303990931136710155597493721693758286791308488971562529897971395472477536556320825153400404408147037969105153632431562500000000000000
azim(14,17)	45604977480089844207179441412792941780465323128191699780781582626013035648612738739572423265813412440463280620766106869208405563522911481706129004013850000810367849929485928218002654388770151249169255171688960938131002331811958162084135275511501255899753963385195511292488691757345989727/36111637741059598784880291938632970754893333236496752420769722914317965252071263521423939328266487546258459554443918807605715539708937850041252457286086354860798186227342031119498744338751657358261697794312505979594279094495507311264165030680080881629407593821030726486312500000000000000
azim(14,18)	46138966384489487001936426792527302982268082138980284550422977424882102689300847238472413711792014925673207391821030731353929740388203961868870411229796128058003280162258482103649714295366432527864939967325871785795401618410346729806383001252196422741202657521995196793326789495615721927/36111637741059598784880291938632970754893333236496752420769722914317965252071263521423939328266487546258459554443918807605715539708937850041252457286086354860798186227342031119498744338751657358261697794312505979594279094495507311264165030680080881629407593821030726486312500000000000000
azim(14,19)	45284146609804056196620216906035983079952263972825371157588904776842551331542541962008970093562721438330147815126236835821781041792106683918896357135852009356479544952540741839649297036755316347206947614302378159294458037909487608999426806285793621721303666539166326552478471877589581141/36111637741059598784880291938632970754893333236496752420769722914317965252071263521423939328266487546258459554443918807605715539708937850041252457286086354860798186227342031119498744338751657358261697794312505979594279094495507311264165030680080881629407593821030726486312500000000000000
rhazim(0,1)	189718108315034489704070107054037080821877877442016853134586833590039901355679588322330553754031615363099112778111498491280826331319000251556928459047966909982794387637600740423036770543390805522822794359829150201340287331698946041076314267058454288203087096948559303861478382815285923746637927689136727/90279094352648996962200729846582426887233333091241881051924307285794913130178158803559848320666218865646148886109797019014288849272344625103131143215215887151995465568355077798746860846879143395654244485781264948985697736238768278160412576700202204073518984552576816215781250000000000000000000000000000
rhazim(0,3)	1563563527215390965449406126457030669729393076913436708719841383514610959103158825706043895356103425617682259685473028065666999386669191404714909690814736472972257683663693490697854541159641195482893661927811904845007139154398379345914245797896977113178284210570878923186053391548480501573375936781164334722302337958740640667729/902790943526489969622007298465824268872333330912418810519243072857949131301781588035598483206662188656461488861097970190142888492723446251031311432152158871519954655683550777987468608468791433956542444857812649489856977362387682781604125767002022040735189845525768162157812500000000000000000000000000000000000000000000000000000
rhazim(0,4)	72115676901233157/37865000000000000
rhazim(0,5)	1688286017148064590790632058518932759559463581212846360992720034652862897068723889955282163708328994360544043806811006452863999652413088110764678911324027638710772701390674182286129061061327787347132589326442162951057375866519428719851983015950123153365389498606790156309760499650501616927/1203721258035319959496009731287765691829777774549891747358990763810598841735708784047464644275549584875281985148130626920190517990297928334708415242869545162026606207578067703983291477958388578608723259810416865986475969816516910375472167689336029387646919794034357549543750000000000000000
rho(0)	2432213618259274661106527928230997842786781537255335726060488355594708156216531869541844148152246328734332219532512180361184135929293534482361208671493586383453572444781528704446227255665758059344738722404513853354480634568393335971833073060216697854115670756137656510363460770036953027/2140196994177508872373443835081337022209161207583268958765733445768126477317914298958904847360015682429242032081442513525961225913077612277849258575762234477890634415797049172926995636964865348021336572666365784305338117947577467772779166230890625000000000000000000000000000000000000000
rhazim(1,3)	2131923871928299046891559649005278019666845022482942397229193670803387271971242678390076560493065708720682490882537265735867209197129293627590313403196133001176743816556248671177907225545180672694722318750374803642301574202748925244510084213268698811109977600900670610915983568373812183419124063218835665277697662041259359332271/902790943526489969622007298465824268872333330912418810519243072857949131301781588035598483206662188656461488861097970190142888492723446251031311432152158871519954655683550777987468608468791433956542444857812649489856977362387682781604125767002022040735189845525768162157812500000000000000000000000000000000000000000000000000000
rhazim(1,5)	1610273011389398706496172703045336965588358936808172157124682966336469620547616752086692049373361572152482471154891886404999330445965658089716004431919656089838904523809605372363918932968220829129619828247101981855117790072409596954457923112804476823044794589770621500492062642040773273773/1203721258035319959496009731287765691829777774549891747358990763810598841735708784047464644275549584875281985148130626920190517990297928334708415242869545162026606207578067703983291477958388578608723259810416865986475969816516910375472167689336029387646919794034357549543750000000000000000
rhazim(1,6)	3336122782022472851159713649108996389889655751867711755922169627952990834805541811856686167978271671080133334688307536092262183783071921415490291195757276660707335972053426718642000501192471212056440364545886228966392134551031369039956904524011291361280804494275157426262444827244176483/2222254630219052232915710273146644354147282045322877072047367563958028630896693139779934727893322310538982126427318080468044033212857713848692458909913006452972196075528740376584538113153948145123796787342308060282724867353569680693179386503389592715655851927448044706850000000000000000
rhazim(1,7)	1165821183752312855950451771776055699506281650079185405845824506898881995679777285127599363070498987637121154265915910138999880216480176331888850711686484237757217939551325066633860646314205662475739996715190943399822371704138379536466334577458131718790859227780562703807119989652668920813/802480838690213306330673154191843794553185183033261164905993842540399227823805856031643096183699723250187990098753751280127011993531952223138943495246363441351070805052045135988860985305592385739148839873611243990983979877677940250314778459557352925097946529356238366362500000000000000000
rho(1)	2266243287996347173180977280835866701939776899525964301752959094565093348630214568018338564410301329742478322393056873087960363196441501976870217400963621291462801621186785282205475071171497841670377800431976595418452163024228635849172856703251754069105951824872343489636539229963046973/2140196994177508872373443835081337022209161207583268958765733445768126477317914298958904847360015682429242032081442513525961225913077612277849258575762234477890634415797049172926995636964865348021336572666365784305338117947577467772779166230890625000000000000000000000000000000000000000
rhazim(2,2)	983/453
rhazim(2,3)	226073714816711927771296805336463467384760323978691734188014095788157391520260459372604546137044836911457186679656658841131103246883720850662881652833882712619531394338579494039590563593824287788836077973131581450131143018926682801955513300570839448270093727321619429498201774640740485751/120372125803531995949600973128776569182977777454989174735899076381059884173570878404746464427554958487528198514813062692019051799029792833470841524286954516202660620757806770398329147795838857860872325981041686598647596981651691037547216768933602938764691979403435754954375000000000000000
rhazim(2,6)	65163654234039980975429084394938821369400677179192098834050205973600113137071172865607869168279825621557023262694206583928863886901021775362272143394058640921457395625087896290863625432403623598394933544066657792546197655111979926054943955541982278805078937610677641295869068879333817/57778620385695358055808467101812753207829333178394803873231556662908744403314021634278302925226380074013535287110270092169144863534300560066003931657738167777277097963747249791197990942002651773218716470900009567350846551192811698022664049088129410607052150113649162378100000000000000
rhazim(2,20)	399852565998257847949372227059964547053871272872028038666281588220874624285773948996713075212810551947986002164853310814344353834373253983739022548765788260108226948087284954568186838949029552433330505530254914514385424498129113376906877478903868741341185715196025562698371443383085805247/361116377410595987848802919386329707548933332364967524207697229143179652520712635214239393282664875462584595544439188076057155397089378500412524572860863548607981862273420311194987443387516573582616977943125059795942790944955073112641650306800808816294075938210307264863125000000000000000
rho(2)	1
rhazim(3,0)	66397562589712013174824664158558498197788151119584793629893058054290659855932568111437465047188664771853167819511247185376330569659068467116341713907131513273485384837557548822803633912647177948373955386598000520287290085788978738787140783233313743309278631128916168085366864179120316204229746324097181/30093031450882998987400243282194142295744444363747293683974769095264971043392719601186616106888739621882049628703265673004762949757448208367710381071738629050665155189451692599582286948959714465218081495260421649661899245412922759386804192233400734691172994850858938738593750000000000000000000000000000
rhazim(3,3)	12270/7573
rhazim(3,4)	72115676901233157/37865000000000000
rhazim(3,20)	41235047089604150231133922665055571740693096822198796265919061466838525635068650657386327392031228258512402855732269056253250965448385063240951103593411775459106564483664678906078814837263269781796577282363133316177141238209384839683071888028677078713563360641041673733890775981790892841765766765371569/30093031450882998987400243282194142295744444363747293683974769095264971043392719601186616106888739621882049628703265673004762949757448208367710381071738629050665155189451692599582286948959714465218081495260421649661899245412922759386804192233400734691172994850858938738593750000000000000000000000000000
rho(3)	268895993124417169100524211800637/237912811656355175350000000000000
rhazim(4,0)	610210605362383198206140740944743675824459481559001019285783899674298899333447283887579161090827664142123203397463261374125748295200841782459260905392923548340414391206228910848325107930504530764748523484553957356730013629725464720217300938234191082393981384144885806131582273044935267813/361116377410595987848802919386329707548933332364967524207697229143179652520712635214239393282664875462584595544439188076057155397089378500412524572860863548607981862273420311194987443387516573582616977943125059795942790944955073112641650306800808816294075938210307264863125000000000000000
rhazim(4,4)	1532545439547535493422297623758559298406398229597590814660259440821777965451187579403177521901035036757243818986604617533379533859958152004545659155629248923579433441352761968561091123549621779809099674777448188618116170337105289261670490017936559232750165910762366427841387424969424560433/722232754821191975697605838772659415097866664729935048415394458286359305041425270428478786565329750925169191088878376152114310794178757000825049145721727097215963724546840622389974886775033147165233955886250119591885581889910146225283300613601617632588151876420614529726250000000000000000
rhazim(4,10)	147913220763128809325336909280719372485501160512032566548029268099145163437913715919723294820148880649883008418830178904262098048110324256698621135040497690327757252544298166266505597905896233489283653742692747599869183890139610349252611084581080215885779395358600011011291827246407808377/120372125803531995949600973128776569182977777454989174735899076381059884173570878404746464427554958487528198514813062692019051799029792833470841524286954516202660620757806770398329147795838857860872325981041686598647596981651691037547216768933602938764691979403435754954375000000000000000
rhazim(4,11)	897476258605277868581235386836954697874987543445860641066786279493751129977097110390433457421135742961472011612854865469431883400551895084977990863071746021744463110275710369306017613212884232348196251538664691953548682595941573166909751086552973524853909711643253054400763961064545291179/722232754821191975697605838772659415097866664729935048415394458286359305041425270428478786565329750925169191088878376152114310794178757000825049145721727097215963724546840622389974886775033147165233955886250119591885581889910146225283300613601617632588151876420614529726250000000000000000
rho(4)	1
rhazim(5,1)	619595559545301437685896066570409363100920903760762419642909989890683021893256320967497777915558458092598440359682254530108909306804075048869289468143868065896869696264981046466285619127787908810446170059746194453121230373222035271424928948855077140621612200606867497927580343153433566488315028564118213705326996728726384008858479/282573565323791360491688284419802996157040332575587087692523081804538078097457637055142325243685265049472446013523664669514724098222438676572800478263625726785745807228951393510077674450731718828397785240495359290325233914427344710642091365071632898750114421649565434755395312500000000000000000000000000000000000000000000000000000
rhazim(5,4)	1199417140249224577730616990584031013968101733804988951442735667978529118984021417539760337756456651746329230931181477133690446298584619814259251015463422975027936710984986045819931687310482067378305849651967636742713839653572171187523627919202845172970983841136354053239055989003338002067/722232754821191975697605838772659415097866664729935048415394458286359305041425270428478786565329750925169191088878376152114310794178757000825049145721727097215963724546840622389974886775033147165233955886250119591885581889910146225283300613601617632588151876420614529726250000000000000000
rhazim(5,9)	318695868282905811263313854900857082597583580383058768581175931446168624321918456680601508254783631797566557831650668423719189970731695761357188823286257291132337480192615452817485602762769812329871452984689350104237705485976589553051325756276880627398067912995826665295120903971265328563/261642190114621630084896559647965737182444752384802858974558409078275998238386700976983634484893763934696709271781170990291411202057813589419259702095949747023838710397177216213034883750677517433701653000458666009560401772617911769113047560251511943287142983008856884032773437500000000000
rhazim(5,10)	297809271988392142523847231750420037359017608218177324524562906985806983671948973759433386315850007439696897976395924187423041223367089173732143123471617469743688747291593063824447239845573773010586625804745343854343705048529768864908360830735655387479432044999345838422288026064263430093/240744251607063991899201946257553138365955554909978349471798152762119768347141756809492928855109916975056397029626125384038103598059585666941683048573909032405321241515613540796658295591677715721744651962083373197295193963303382075094433537867205877529383958806871509908750000000000000000
rho(5)	2148816564121679205605992119614429675736418309638014308758546143319635526615887087258222410782634679810119274345915002435195731432234285487202935236571249449920769118670159454076914372855577387061429282258167894774089778636822715362163873635460005535273440445249989691934715810722147429/2140196994177508872373443835081337022209161207583268958765733445768126477317914298958904847360015682429242032081442513525961225913077612277849258575762234477890634415797049172926995636964865348021336572666365784305338117947577467772779166230890625000000000000000000000000000000000000000
rhazim(6,0)	187358686917171107986560003836717055928714729175152075524788928191471162346475969632858269773427630766339060758643966611341319510765223294263843180956873554973988943461698962536776920645282736123079659516734866036284854935111440164093320392286208178105065237215399569744858866174189867246560761027708457/90279094352648996962200729846582426887233333091241881051924307285794913130178158803559848320666218865646148886109797019014288849272344625103131143215215887151995465568355077798746860846879143395654244485781264948985697736238768278160412576700202204073518984552576816215781250000000000000000000000000000
rhazim(6,2)	486278281388726078217871511426593483270061415308413743175462964553200721761627474999600586002243593347229529482079659653320563935748847914125735105654944703558763764815028011212676415024985463169904665901241210245787255493231838824516062576500365513149493330735783196296018721755717046334371697079563347895726044323796031092439/225697735881622492405501824616456067218083332728104702629810768214487282825445397008899620801665547164115372215274492547535722123180861562757827858038039717879988663920887694496867152117197858489135611214453162372464244340596920695401031441750505510183797461381442040539453125000000000000000000000000000000000000000000000000000
rhazim(6,8)	204367105384108471500917416084512974813936977154000113278628386783955284520981314789716019511251544334407331772824616962394100655276386301486318319881273951284207143447449361690019886115550993049545818046573469263147762721108276563056217821630956335359837085569264387690976750820810647/127715783345922542121592544433715192767085175018556153565940664595289001775672019527582455626053006352815064737202188532646208805336650221189221776431781980055873337674065538884168857077813111788723953295534945993260049847906303488113757845022390385957232869393565787750000000000000000
rhazim(6,20)	122859275552455258148638772709785664362739714216291442434528890941241059273918250233538299578623032469001775778271990612273983372329296865083402660799424809918889011742624050401785818968521246533129482413246751998280427989977208963936241351582257925275012957863537288941966839146665495792952699703885293/90279094352648996962200729846582426887233333091241881051924307285794913130178158803559848320666218865646148886109797019014288849272344625103131143215215887151995465568355077798746860846879143395654244485781264948985697736238768278160412576700202204073518984552576816215781250000000000000000000000000000
rho(6)	612349502208044926022078602709841578783789746800273971516717316390269380373464830366939240725055051274897818912556205205624928562197112073804349217584051320567878303413359732109063475694614258083767020507092723820120224549468000702552250472340684833326786146746739124391898567616648757/535049248544377218093360958770334255552290301895817239691433361442031619329478574739726211840003920607310508020360628381490306478269403069462314643940558619472658603949262293231748909241216337005334143166591446076334529486894366943194791557722656250000000000000000000000000000000000000
rhazim(7,0)	12270/7573
rhazim(7,8)	3619929569805976741528444368457546140000353217529595861564303232756219592002193805588950844701694086399627353689128295165255539409506088017080823325721539001609951424946901872432502931293188754086850699036212757957657349704140963567957240205629259864192905373875269632025848025364053/3320610366993986095161406155276595011944214550482459992714457279477514046167472507717143846277378165173191683167256901848801428938752905750919766187226331481452706779525704010988390284023140906506822785683908595824761296045563890690957703970582150034888054604232710481500000000000000
rhazim(7,11)	9757183478019853873606004471481999177906229778485945719091057908862344596874874560669220889738753217704221204141637284823004517093102549471872691861797953648194774612888607783800252793249425299221646361924511066794063288717838798877101720890751936937720195668470423998691041387854785753/8024808386902133063306731541918437945531851830332611649059938425403992278238058560316430961836997232501879900987537512801270119935319522231389434952463634413510708050520451359888609853055923857391488398736112439909839798776779402503147784595573529250979465293562383663625000000000000000
rhazim(7,17)	90212452374662180595320955534825528929677010007664391139905958937176990325798445845239054358679485431735445268348983446375602273002668565345511511055354460467363324873622596220918265250678584162249068341242181556460198495835486745927576581746980129329257970695706327394718995744275869858886184507026207677203614524881231041589/75232578627207497468500608205485355739361110909368234209936922738162427608481799002966540267221849054705124071758164182511907374393620520919275952679346572626662887973629231498955717372399286163045203738151054124154748113532306898467010480583501836727932487127147346846484375000000000000000000000000000000000000000000000000000
rhazim(7,18)	61171143281959956035426867725578730225336198503376643999368471637154767392846306881798384832799224028654608461859457572075411461665730153094974310691130002486298638449918069792198984928670321553273694214129424587500270584638411646215671623728223653005948250897440914444360270415048843626569893232851173092403246937440013437121/50155052418138331645667072136990237159574073939578822806624615158774951738987866001977693511481232703136749381172109455007938249595747013946183968452897715084441925315752820999303811581599524108696802492100702749436498742354871265644673653722334557818621658084764897897656250000000000000000000000000000000000000000000000000000
rho(7)	1080626572674121169668636039833966181523078012511809896561108802398717489583081888355339024721506802801165101255368694508054156190440170886601641400851049981751700193572708804156892965874764940068485709693130348264225868732402719195414603681613244060087225131705481873516627240353738949/1070098497088754436186721917540668511104580603791634479382866722884063238658957149479452423680007841214621016040721256762980612956538806138924629287881117238945317207898524586463497818482432674010668286333182892152669058973788733886389583115445312500000000000000000000000000000000000000
rhazim(8,1)	3751231075056517994662513560024177515032484316367765549650106783007840909660404118497734294552808050208835828958261765461323056253380194885314069452978520075111491624962401566639986751488905736004907531377490028046479776242780362760234659293295843876277534307046294369174814672328619/2255780998766666800422412637178919446755928173474837634151598979677786208197925716801348177555797808512034612698320944210913368723144203511937395250222194808831638566532412060883675393313064846373486487036758448083742076950239062500000000000000000000000000000000000000000000000000000
rhazim(8,5)	8501444835774142912213227923231712471477530661141013079349195979052523059084036852137602721010723173574119949396033515325489741410394741806836939589892575959046855727693768938883557956050792118693490238603762331356438992720913766613048965653385800248372742481095208042852964806640187/8024808386902133063306731541918437945531851830332611649059938425403992278238058560316430961836997232501879900987537512801270119935319522231389434952463634413510708050520451359888609853055923857391488398736112439909839798776779402503147784595573529250979465293562383663625000000000000
rhazim(8,7)	331077199275908622582736065243596312620129109107292539738985982239249206329474161161684228232376003789647749475437141388206583718095411861755424664824644854794892383086550088938428647795034371090320227045476975753013974126736660326589073105494347206040444709093814196277850425524873017/288893101928476790279042335509063766039146665891974019366157783314543722016570108171391514626131900370067676435551350460845724317671502800330019658288690838886385489818736248955989954710013258866093582354500047836754232755964058490113320245440647053035260750568245811890500000000000000
rhazim(8,13)	293210291624055848593636298688211960933864130885029142403172725922997841894323117989433886716005382451047253051732562409152767055112378471312986776510122506837477527061726636381869395025326573268225792724748851454895471231609069920785216379690597050837035170179954545200555323514371370231/240744251607063991899201946257553138365955554909978349471798152762119768347141756809492928855109916975056397029626125384038103598059585666941683048573909032405321241515613540796658295591677715721744651962083373197295193963303382075094433537867205877529383958806871509908750000000000000000
rhazim(8,14)	895285319542094995493774542847853959236706906324501075890373602627724880787881209859273903248400943081768083022061651587489919482027709716903338759020104636434969847772920986928229009516824899182952803558422407092876694199734639061830279784333421557272625880929913937682508028649373754307/722232754821191975697605838772659415097866664729935048415394458286359305041425270428478786565329750925169191088878376152114310794178757000825049145721727097215963724546840622389974886775033147165233955886250119591885581889910146225283300613601617632588151876420614529726250000000000000000
rho(8)	14269837588280438670211196622179445652030163228868100830449742070819638188565764269275420922742484390221067799442192616984598409412483135394022846973407252881628526650857636111579345820144523616143896695753976670368681218020435674997182780027670843876277534307046294369174814672328619/14173490027665621671347310166101569683504378858167344097786314210384943558396783436813939386490170082312861139612202076330869045781970942237412308448756519721130029243689067370377454549436194357757195845472621088114821973162764687236948120734375000000000000000000000000000000000000000
rhazim(9,1)	249144148224332782744996197926355762629406602489944811272715952178487070547700524406602052350052476145288611792121292999866506583881463521482755965192865215059771403254717289981232795453799340810969826540451203242687898930750387606088876985053658364827113549201297879087538621700761426863982720601432830214166536817285194047363/152412926280362114612561102707552856611132865466875451829839849948510290235953418044844835622268212000794199575794856887548394874985134129758792059473368784674080802173112941483321291505249039281767953204150679228870136954923055399483328675874667151429403679422635078077343750000000000000000000000000000000000000000000000000000
rhazim(9,9)	1108361282683285665203335546067799567382836674187434198869304472907586493441840780437171705083163349773540067449419148633915903037332987871424280097581736414734363857146162605635742343193340278391124833245371089305012748704891291023608719450979955732437704034232203974070762396210675849/925939429257938430381545947144435147561367518884532113353069818315845262873622141574972803288884296057909219344715866861685013838690714103621857879130419355405081698136975156910224213814145060468248661392628358451135361397320700288824744376412330298189938303103351961187500000000000000
rhazim(9,14)	1083700889375348468181880402138348099421538828634977311024094205477649157113315607805476886674430997740043005732325503214355768184242819235901465999608512989877189978935000179302238708820655637508957488465437697108069432115607829550454063056051311987959072889846851250493221941612733962379841794992245332233779641373631901804843/902790943526489969622007298465824268872333330912418810519243072857949131301781588035598483206662188656461488861097970190142888492723446251031311432152158871519954655683550777987468608468791433956542444857812649489856977362387682781604125767002022040735189845525768162157812500000000000000000000000000000000000000000000000000000
rhazim(9,15)	338089899291550310848830196871998261733699826302889751440158928871262723495072533201997995778021532366382386477863388415432091564289778418597161094313303220872599989466405175795062281013893411290770033025542352673310212214166361991357210289832030521336017888111914938385204914531674244216297913963668110074842506380477443470428067/282573565323791360491688284419802996157040332575587087692523081804538078097457637055142325243685265049472446013523664669514724098222438676572800478263625726785745807228951393510077674450731718828397785240495359290325233914427344710642091365071632898750114421649565434755395312500000000000000000000000000000000000000000000000000000
rhazim(9,16)	1577317597233956350538383655206665353097788744708028303075377840168029773782371918570423716400361069800987593339628195176905498434226702106872277223265134363540829790947099845078153945131347820973709651950297410811863628862878142004918510243221393239040323602755216892415343490597382893/1337468064483688843884455256986406324255308638388768608176656404233998713039676426719405160306166205416979983497922918800211686655886587038564905825410605735585118008420075226648101642175987309565248066456018739984973299796129900417191297432595588208496577548927063943937500000000000000
rho(9)	136416624785686151675886225532551693591918946304312867188225835344815765275954292754807530843404758438758619058832349588023676206874057395194448671546571299366811172541547322362600156098004567748402099312009597058857742082869492557964834652658127885818517440651046369170286152204661333/133762312136094304523340239692583563888072575473954309922858340360507904832369643684931552960000980151827627005090157095372576619567350767365578660985139654868164650987315573307937227310304084251333535791647861519083632371723591735798697889430664062500000000000000000000000000000000000
rhazim(10,2)	371722679105385792673411721478017560016205359226496417507911665373374300477410875461201402412841682487568141710515735936043376672088352772959048194170920758477792617816333586782658782548127309715166741861288200611299939214474585913226333838943613820822655908237717823167134470676244535696878302920436652104273955676203968907561/225697735881622492405501824616456067218083332728104702629810768214487282825445397008899620801665547164115372215274492547535722123180861562757827858038039717879988663920887694496867152117197858489135611214453162372464244340596920695401031441750505510183797461381442040539453125000000000000000000000000000000000000000000000000000
rhazim(10,6)	65163654234039980975429084394938821369400677179192098834050205973600113137071172865607869168279825621557023262694206583928863886901021775362272143394058640921457395625087896290863625432403623598394933544066657792546197655111979926054943955541982278805078937610677641295869068879333817/57778620385695358055808467101812753207829333178394803873231556662908744403314021634278302925226380074013535287110270092169144863534300560066003931657738167777277097963747249791197990942002651773218716470900009567350846551192811698022664049088129410607052150113649162378100000000000000
rhazim(10,7)	2760563246520053103303793104702071659360790113905253085340610220522013050650167721433051651712220082834418273048869938264301706027114687731883869475003575514179965064892850692670205442455340912751130306926217703195214807997422900667784153391407993515755988467470195325921089281241596857211/2407442516070639918992019462575531383659555549099783494717981527621197683471417568094929288551099169750563970296261253840381035980595856669416830485739090324053212415156135407966582955916777157217446519620833731972951939633033820750944335378672058775293839588068715099087500000000000000000
rhazim(10,12)	8552012167045025972057620872149892259695015705587872767284854657638417141031609713344177216181252627467042180447872083706873410802006682026658297960524510140334783837662082066434864582861270536965589812656755442182998865503757373089136239819084569223669073316243849349330586430647187969/7011968493409630832015590667695722476678317133300340275877616099867566068363352140082318316168250008982225156202702681088488454312415116512864554812832301914718094413076122547475484337621681040439164620254855530018306620290389769177507772947588520704739338606025383783750000000000000000
rhazim(10,13)	176064515996060904105769736177390087784125602302974555120927125669952291742824887866687556765024693534938324835038488030846831642198290822000212907444219105853784133514488490921357732419394703558152293428652992246976386880669861143984895190498221858708860854960242380092992315155639749353/144446550964238395139521167754531883019573332945987009683078891657271861008285054085695757313065950185033838217775675230422862158835751400165009829144345419443192744909368124477994977355006629433046791177250023918377116377982029245056660122720323526517630375284122905945250000000000000000
rho(10)	541591254391975051576738290248675877973346076787206002092484851164781258420433230010047415011420190799063087911249146892751030248730266616363142222260052651636099583471665785824948135100821490961359320710665345694846620606884754942454912385141483824936869556378260875608101432383351243/535049248544377218093360958770334255552290301895817239691433361442031619329478574739726211840003920607310508020360628381490306478269403069462314643940558619472658603949262293231748909241216337005334143166591446076334529486894366943194791557722656250000000000000000000000000000000000000
rhazim(11,2)	12270/7573
rhazim(11,8)	3619929569805976741528444368457546140000353217529595861564303232756219592002193805588950844701694086399627353689128295165255539409506088017080823325721539001609951424946901872432502931293188754086850699036212757957657349704140963567957240205629259864192905373875269632025848025364053/3320610366993986095161406155276595011944214550482459992714457279477514046167472507717143846277378165173191683167256901848801428938752905750919766187226331481452706779525704010988390284023140906506822785683908595824761296045563890690957703970582150034888054604232710481500000000000000
rhazim(11,12)	115059600907849806875210212762223749753576335645368725347914834993616481850544895941577306858565728653490161869280083110511856572722115258565408176078404634117756096621385605016308978987309074080590248847332896603110687886775287057636005088213580848575719619070794796608118926936580599/96297700642825596759680778503021255346382221963991339788719261104847907338856702723797171542043966790022558811850450153615241439223834266776673219429563612962128496606245416318663318236671086288697860784833349278918077585321352830037773415146882351011753583522748603963500000000000000
rhazim(11,18)	60827839699116460672142793895680739663515056872211369397507824848593667445627340579848908445373345327521079992124377059979075368337927165103277353774804526023356670574910338553998935684663222463093608061622092398234741410594744463289626551529148586159239491888526180299316011174116602555680106767148826907596753062559986562879/50155052418138331645667072136990237159574073939578822806624615158774951738987866001977693511481232703136749381172109455007938249595747013946183968452897715084441925315752820999303811581599524108696802492100702749436498742354871265644673653722334557818621658084764897897656250000000000000000000000000000000000000000000000000000
rhazim(11,19)	28936637515902432402419518672778113618254015398457497424448146950536577655534201700176330616464726281883587526435384584513849431128244458229122216115088810259636265354443573846080511669995053967770856743465250076050855641280047641411491367025748895940782263787682906918772193740521996463/24074425160706399189920194625755313836595555490997834947179815276211976834714175680949292885510991697505639702962612538403810359805958566694168304857390903240532124151561354079665829559167771572174465196208337319729519396330338207509443353786720587752938395880687150990875000000000000000
rho(11)	1076362259633829810394794672691609240469918934725121472979224375026348750556608375637805232160801750657530228246797044996760914587577688913865221160569906432796279411190957284506713507390485759958777133613665942986876076511943474566510500109393678371565045079967941814758584434785342293/1070098497088754436186721917540668511104580603791634479382866722884063238658957149479452423680007841214621016040721256762980612956538806138924629287881117238945317207898524586463497818482432674010668286333182892152669058973788733886389583115445312500000000000000000000000000000000000000
rhazim(12,9)	98856393495317521569434862651637250486129831949061486552389441465011934151785860070089276425540025923069757402495013859551236880113020989853497252883129395689205561838150321898447554090576081069060170167149523813257299134896273843574087543347728376642282242879870606846358515974786867321771/75352950753011029464450209178614132308544088686823223384672821814543487492655369881371286731649404013192652270272977245203926426192650313752746794203633527142865548594387038269354046520195125020906076064132095810753395710513958589504557697352435439666697179106550782601438750000000000000000
rhazim(12,10)	32865563082515921009590398464827978994171562815292516546295286197663662279930818194336001245925331631518852864036646850805718357466085711813257229170960322883050185967882168485476618191054319970889444588267591127766810362638931495971507933173449760671771111890036408019329241186681022477/26749361289673776877689105139728126485106172767775372163533128084679974260793528534388103206123324108339599669958458376004233733117731740771298116508212114711702360168401504532962032843519746191304961329120374799699465995922598008343825948651911764169931550978541278878750000000000000000
rhazim(12,11)	902705485591965493713819240165232379443201431461021454788661711037612398124360034523929929319798888259671073064943083742920470845123253413101840074553215398268438906183844241987064306198363499655534315491980505711890491157345963023445524172661323239797318015046960123096873810227126886641/722232754821191975697605838772659415097866664729935048415394458286359305041425270428478786565329750925169191088878376152114310794178757000825049145721727097215963724546840622389974886775033147165233955886250119591885581889910146225283300613601617632588151876420614529726250000000000000000
rhazim(12,16)	36326702017199732719636118008266215534236974874967794495031206302772352652247661543140178898357748853921020438532314840849000254992499201766302462587542085803217830219123401516845284901386995810995262137439070569432050943493206566448139044814642844101192861579827726524345535227162906699440787095294776951414739383725584993692389/28257356532379136049168828441980299615704033257558708769252308180453807809745763705514232524368526504947244601352366466951472409822243867657280047826362572678574580722895139351007767445073171882839778524049535929032523391442734471064209136507163289875011442164956543475539531250000000000000000000000000000000000000000000000000000
rhazim(12,17)	437877697733990572094993570022012635708832264682310358482126742939473191021661538161534309735131686996366536581012335505437565474235949879486938515846724012038270399863231499526934989800873426705495921741808785664293087490700032167579428226200671225876327881080209419544397518875020863867/361116377410595987848802919386329707548933332364967524207697229143179652520712635214239393282664875462584595544439188076057155397089378500412524572860863548607981862273420311194987443387516573582616977943125059795942790944955073112641650306800808816294075938210307264863125000000000000000
rho(12)	214203266506304838612790738574528204196542641947645016124245457032627279690911771225999506246761152104922529181672461635035097284829005212446760881553724779665277487611827397300013456734899677982014146749943158528676181698174349050903255973306894652266128565976625009069203584979526839/214019699417750887237344383508133702220916120758326895876573344576812647731791429895890484736001568242924203208144251352596122591307761227784925857576223447789063441579704917292699563696486534802133657266636578430533811794757746777277916623089062500000000000000000000000000000000000000
rhazim(13,12)	234806942028199995545060784189383276792816329223291116063560424421058943335627882921253949908711371892558688447408960548237528650017882602337492587080230186364051217183470493322392404230314266203850744166132645458655664958006075228671853639709727228943540570392115177863784009617557283597/180558188705297993924401459693164853774466666182483762103848614571589826260356317607119696641332437731292297772219594038028577698544689250206262286430431774303990931136710155597493721693758286791308488971562529897971395472477536556320825153400404408147037969105153632431562500000000000000
rhazim(13,13)	461662440215034058867704247313823888496038349883152010571043195049838073312705834889427029011719221703109888448081217668629277904157309219115400690799551037903432587865465808311254303414112994476290903128426179006030215773864318605260407164860845910766188969132396767105317036872302266901/361116377410595987848802919386329707548933332364967524207697229143179652520712635214239393282664875462584595544439188076057155397089378500412524572860863548607981862273420311194987443387516573582616977943125059795942790944955073112641650306800808816294075938210307264863125000000000000000
rhazim(13,14)	387687547703820288235078164208650177245615105906946678669507412800094893356534907380509432787469109960421144600318277341143430284049086632504444838190576526258588460576962971913102438734449060443779339971580835869082256678638930648741729108259362414362545500848129126433285437837235681720469401669251555922073452875456032731719/300930314508829989874002432821941422957444443637472936839747690952649710433927196011866161068887396218820496287032656730047629497574482083677103810717386290506651551894516925995822869489597144652180814952604216496618992454129227593868041922334007346911729948508589387385937500000000000000000000000000000000000000000000000000000
rhazim(13,15)	296391726752874143421938567335245273505942708033989121235956353205120781745260929017817213551634305577837347109508243228665291133303234643290854051725517237163294061187022819576381702742634836436701987388770277633560254620167021593694203594368277080924517927095281811989051171607430337049/240744251607063991899201946257553138365955554909978349471798152762119768347141756809492928855109916975056397029626125384038103598059585666941683048573909032405321241515613540796658295591677715721744651962083373197295193963303382075094433537867205877529383958806871509908750000000000000000
rhazim(13,19)	4797369882328694531995100270650648294506671562153569843403935752623080345751563931622951897391004138543182860256174350061592202735260619328640855705499296075298323761896197472585807353847057787407719481414571881666687640451052807143535617143936494250838952616892534270428684651790889/4012404193451066531653365770959218972765925915166305824529969212701996139119029280158215480918498616250939950493768756400635059967659761115694717476231817206755354025260225679944304926527961928695744199368056219954919899388389701251573892297786764625489732646781191831812500000000000
rho(13)	2143867315070446647113470815052877191673326738600228520222948611359907003289609865165042143926980357451197039651054404075827413410042035162514879996282973317350918394854813401086295179522247138587851786778936564370072016340632130998028859926247831834075769910459732627192997781218626191/2140196994177508872373443835081337022209161207583268958765733445768126477317914298958904847360015682429242032081442513525961225913077612277849258575762234477890634415797049172926995636964865348021336572666365784305338117947577467772779166230890625000000000000000000000000000000000000000
rhazim(14,15)	370611441685892307112110855767685892697998214984543470321267096511541034046311998619498411266225767002741495059939443236406426717688864071188640441769128166296986079976285316073974166139107266739329494659375959581085181697238523350697528581020885445662675054684755544881635195469794796347307086036331889925157493619522556529571933/282573565323791360491688284419802996157040332575587087692523081804538078097457637055142325243685265049472446013523664669514724098222438676572800478263625726785745807228951393510077674450731718828397785240495359290325233914427344710642091365071632898750114421649565434755395312500000000000000000000000000000000000000000000000000000
rhazim(14,16)	35976010557687873167076719166328096525953074037432558309072153939163876676246762742472143130821584575193991375771755234526840235297292310444214096709942478040086635252200304943176705959731157176927637517867204840742422829494894655131893843746973847498181350714259966146620063185847613492927337904705223048585260616274415006307611/28257356532379136049168828441980299615704033257558708769252308180453807809745763705514232524368526504947244601352366466951472409822243867657280047826362572678574580722895139351007767445073171882839778524049535929032523391442734471064209136507163289875011442164956543475539531250000000000000000000000000000000000000000000000000000
rhazim(14,17)	295493140216378647600546897630971365293457677387714822456436486072147926072983173206583167641704325295689609151443321182376026271111698378389641168895869085653845612300346742887552471757357603898618417329808286182342740713288594934870749880138320921805887739162267570943575646253826106626778946478921376968389156425356306875233/225697735881622492405501824616456067218083332728104702629810768214487282825445397008899620801665547164115372215274492547535722123180861562757827858038039717879988663920887694496867152117197858489135611214453162372464244340596920695401031441750505510183797461381442040539453125000000000000000000000000000000000000000000000000000
rhazim(14,18)	1553151196707683335149102763701209117275894193006520345765514650228832580089368118594488179039687471584046530941255066697908864618801992706959790463902177794355982219980616963628371506005166055993894960980197454038051567549909219311602702025566638939166272971673348739989492182853269308901/1203721258035319959496009731287765691829777774549891747358990763810598841735708784047464644275549584875281985148130626920190517990297928334708415242869545162026606207578067703983291477958388578608723259810416865986475969816516910375472167689336029387646919794034357549543750000000000000000
rhazim(14,19)	31701450391754358814948504127563849559362741766638507346716493852477508325852285188476861007312756313444207901293287801200262599554033414144021853806429717328977394768192919588247307376079786542801325731234222194889152463750679039120826129150314599287798834072244186707998783957222420453/24074425160706399189920194625755313836595555490997834947179815276211976834714175680949292885510991697505639702962612538403810359805958566694168304857390903240532124151561354079665829559167771572174465196208337319729519396330338207509443353786720587752938395880687150990875000000000000000
rho(14)	2214409235007405760080143309124085336781239175318914158895395701742353787970174739303220427557666705234601357137284991702791186511002983399294340068012733609143719540832219129432299588111500066781268919206528087445998433948475630292561699320017070848049154249386447857159851757189592709/2140196994177508872373443835081337022209161207583268958765733445768126477317914298958904847360015682429242032081442513525961225913077612277849258575762234477890634415797049172926995636964865348021336572666365784305338117947577467772779166230890625000000000000000000000000000000000000000
sol(0)	14207058830780641707667546805152327332910409246244226570649825347550504749936206503988452829879026411688909316198902253788578855443974579326693586473540078280974272723580615472791916783710987671106910489369120289825078625318027211726250052180293644876366111556073075621689519411822529767356645577248233/21224247756386562416266597964815782989512677522122437519229346476906437613558678850546972124146353983162803505322551353772668655582636702473972848845295641313036714467629218997042112092570060183051753229935006188432600254305958567123431558355663276953478892209872564600103873757236606875000000000000000
sol(1)	1652108980337685703008044915470447360460936539161936436907155526733404702795953663862804629775199312946312127220278939597141512546437668778374741650791810353869012941551299751328362100965934949563149289335963561632020424839156198110151054963380942717258134773577892471494482046932967211747/1805581887052979939244014596931648537744666661824837621038486145715898262603563176071196966413324377312922977722195940380285776985446892502062622864304317743039909311367101555974937216937582867913084889715625298979713954724775365563208251534004044081470379691051536324315625000000000000000
sol(2)	38651279781952878395592121415802318678076169241857733363928931969802742255816551325369303642758404426168656437190638674774527829138592635043019136726966459460124717730502112166723334303672514300858366315091831831971723193872938305967304226629190743350914913608275700969434000871179130305689605323444031/35373746260644270693777663274692971649187795870204062532048910794844062689264464750911620206910589971938005842204252256287781092637727837456621414742159402188394524112715364995070186820950100305086255383225010314054333757176597611872385930592772128255798153683120941000173122928727678125000000000000000
sol(3)	121019200223879308497105942842883552069695454247053069206303126197851348572697830085392144680612581429614293013059922849325664114176711522344829960349585762618360925465239842619093004010792812434450394913335248168121090378156909137982404563819111828865131900027116183979982292040359279501/120372125803531995949600973128776569182977777454989174735899076381059884173570878404746464427554958487528198514813062692019051799029792833470841524286954516202660620757806770398329147795838857860872325981041686598647596981651691037547216768933602938764691979403435754954375000000000000000
sol(4)	280176945668291829/378650000000000000
sol(5)	192530145633212311235460662052906399578530006358036756387045091745684814148039148958903909568972399717871952620259917438855816287882570124028890079016514272721150009070213432127294411155838725957067417569956715951046328294094910166209661472645952539775077824453638723518320697843530734787/451395471763244984811003649232912134436166665456209405259621536428974565650890794017799241603331094328230744430548985095071444246361723125515655716076079435759977327841775388993734304234395716978271222428906324744928488681193841390802062883501011020367594922762884081078906250000000000000
sol(6)	425698153435584299942235109228199162745017116042858013793520975948089678494149379346516926084524517172059625461211365425789974323659948247225165055971778396730165536125438484021858127913817726196590017918512420683171441354274948925020143567910424160749652857856379935357126275237987877121/722232754821191975697605838772659415097866664729935048415394458286359305041425270428478786565329750925169191088878376152114310794178757000825049145721727097215963724546840622389974886775033147165233955886250119591885581889910146225283300613601617632588151876420614529726250000000000000000
sol(7)	386056292138251746583812158276254546179526232912866969118533750112655966697863479761138168121577394440323859841025416701281289192946446115772928990840195042445054495547185841380851997260189680852785171165080180610318886781001905645940441323300870852045559165462215098050126333061305677521/722232754821191975697605838772659415097866664729935048415394458286359305041425270428478786565329750925169191088878376152114310794178757000825049145721727097215963724546840622389974886775033147165233955886250119591885581889910146225283300613601617632588151876420614529726250000000000000000
sol(8)	8673567021439841007986537260490771989281696621838852409273758279183079413006952513386244841114146954430873765882437913234560906772117312242571079967726193073165683431038719248698653816492558852131283276505517004903628466439804785047062457760210825540287379330504473236797448462692167905415013179/21685055178939016517258337639658526681494434249933524923861401253544252989587411341555016218795763967471574462653947743318179980161059210701377112485614959195950666122737388502725018740812322026106516710022994828539055176813239915324068003428519312340719174671645021302788121335618500000000000000
sol(9)	179817945711331128321450073534764423027511050226979033169547674219469687947937928742729201735518031629555963157063086740334777815285936817451579975938420496857974558377340563783502973736775187720317382954715904705906043455194333720258793234865987268536080765373751775329282606818504641/318866558419952307151260855970269057438351728357587217843441261936582474631975836833765468682264790695438936463080960773560402116635212803896268938508488784642809591411408663306832179591626113538734638360375328738139329752719711357740971573334047519906468819611750344250000000000000000
sol(10)	2626411764024061648987399537583020244328494981639632625524653937474301538678913886157558010442583524966762308808968790531257331883320810661368604242028564348955104985131494059345482219533430884185147360362705706761779297630877287459364749661829238207959432586051621353979560839482584181/4782998376299284607268912839554035861575275925363808267651618929048737119479637552506482030233971860431584046946214411603406031749528192058444034077627331769642143871171129949602482693874391703081019575405629931072089946290795670366114573600010712798597032294176255163750000000000000000
sol(11)	3347347044279473885967328765255328478600516342504194608150505690407880287592385858588380776654492797281145895853407770304062510787985552641412462893657012305313992174758212778422750865637139189308680922596289999754392224530634066661085828444222654425017567359658195133944219404265653961/6018606290176599797480048656438828459148888872749458736794953819052994208678543920237323221377747924376409925740653134600952589951489641673542076214347725810133031037890338519916457389791942893043616299052084329932379849082584551877360838446680146938234598970171787747718750000000000000
sol(12)	24760041562648399330515778754131815630153022828371649188305831758389133794477851628852879651707741488461866532744260944266603532062323860129257160213567518155165031377299534360714422869034930536715196041848201038055776101098989951554480355534471872003729199643440626315610537361902695743/45139547176324498481100364923291213443616666545620940525962153642897456565089079401779924160333109432823074443054898509507144424636172312551565571607607943575997732784177538899373430423439571697827122242890632474492848868119384139080206288350101102036759492276288408107890625000000000000
sol(13)	18927610936192520890393825479970392032998571096644080942077864577713550282095361554375330091502147130252935237865526303844669545073436752570920096541501497907683538693974503941428213595183772140408601005347387512340164179041755263059768093081836199386085195188802845480323471776269281/34589691322854021824597980784131198041085568234192291590775596661224104647577838622053581732056022553887413366325592727591681551445342768238747564450274286265132362286726083447795732125241051109446070684207381206507930167141290528030809416360230729530083902127424067515625000000000000
sol(14)	27720866839106728261648086135667628233368207179761655184461034513497084642245754007928224891701587940195494142054282651852882936285561677488963833795975871030106637654850097863129801574532645173773984390994137901586506132578508760537476823350346512504567188177614602199622872911487801/50155052418138331645667072136990237159574073939578822806624615158774951738987866001977693511481232703136749381172109455007938249595747013946183968452897715084441925315752820999303811581599524108696802492100702749436498742354871265644673653722334557818621658084764897897656250000000000
sol(15)	18599368832777940102016411303980254360372962566848301061071666627842669649485400612546036313726512218709254379460030452352275448145512582848007386800043430039570429525648208402006872623031899987076885267467506820352596172535279082990989533904071138817035819628621065397689859317211970131/36111637741059598784880291938632970754893333236496752420769722914317965252071263521423939328266487546258459554443918807605715539708937850041252457286086354860798186227342031119498744338751657358261697794312505979594279094495507311264165030680080881629407593821030726486312500000000000000
sol(16)	1291441020554219919594494931293216231079146375404267427081329879086129051240295130343476598511424414753277060328927393776402756508892882782228123373911076218946236904136102721840449205758789015689364588068291208034035533468914291056180726803053696203340776089912437220686195408115997547/2507752620906916582283353606849511857978703696978941140331230757938747586949393300098884675574061635156837469058605472750396912479787350697309198422644885754222096265787641049965190579079976205434840124605035137471824937117743563282233682686116727890931082904238244894882812500000000000
sol(17)	20828133118065427755303225091981443127288746201291308469955573060966074663457679486565403618140873392997708722699444668117166811222090691170930610987480894423121006865039512581027248742031155008069723935344512359148396768173072159847854259392623763786954696710917260585925156420359986793/40124041934510665316533657709592189727659259151663058245299692127019961391190292801582154809184986162509399504937687564006350599676597611156947174762318172067553540252602256799443049265279619286957441993680562199549198993883897012515738922977867646254897326467811918318125000000000000000
sol(18)	9042003312183848661718757720095326126747471806992214227533652004125262846787135173291095012549819218898267414207182428437415006256877617077120289601903982258594842952645232731635367575595100380219054204574319165240594024484975218129089850974372088927220317158283957390079099166540046151/18055818870529799392440145969316485377446666618248376210384861457158982626035631760711969664133243773129229777221959403802857769854468925020626228643043177430399093113671015559749372169375828679130848897156252989797139547247753655632082515340040440814703796910515363243156250000000000000
sol(19)	9094374327655961485762414185754318605724626387801090232928101300672577267809362746935318921150209127123786717245464724906162678565746977773141419265421920187427040932889310704027576307342821074352609822258515657837653770112474879932638827601048466809445172488232655721918614186700416883/18055818870529799392440145969316485377446666618248376210384861457158982626035631760711969664133243773129229777221959403802857769854468925020626228643043177430399093113671015559749372169375828679130848897156252989797139547247753655632082515340040440814703796910515363243156250000000000000
sol(20)	12125503064390852014296118301194054755037024259543401097428847649523422128897952135733532196308067924791943441497244936514706936173707607016503517755140834314988195337104642008318433400556303690862650547041256930727402309304150295982147491559503139949918352644419113610749460446590235619/37616289313603748734250304102742677869680555454684117104968461369081213804240899501483270133610924527352562035879082091255953687196810260459637976339673286313331443986814615749477858686199643081522601869075527062077374056766153449233505240291750918363966243563573673423242187500000000000
ye(3,0)	2
ye(6,20)	2
ye(6,0)	2
ye(7,8)	2
ye(7,0)	1600693598657141895160805216807998317508477809592735929466760244888293908679402117559895485109682575424591412421820200381870117115709282163009027895423362034326228128541194622709673130970614013086183727900413481070417974400118200754228592241352620704989609562450091359265914542793123/779107610378847870223954518632858052964257459255593363986401788874174007595928015564702035129805556553580572911411409009832050479157235168096061645870255768302010490341791394163942704180186782271018291139428392224256291143376641019723085883065391189415482067336153753750000000000000
ye(4,11)	1600693598657141895160805216807998317508477809592735929466760244888293908679402117559895485109682575424591412421820200381870117115709282163009027895423362034326228128541194622709673130970614013086183727900413481070417974400118200754228592241352620704989609562450091359265914542793123/779107610378847870223954518632858052964257459255593363986401788874174007595928015564702035129805556553580572911411409009832050479157235168096061645870255768302010490341791394163942704180186782271018291139428392224256291143376641019723085883065391189415482067336153753750000000000000
ye(4,0)	252/100
ye(3,4)	252/100
ye(0,1)	252/100
ye(5,4)	252/100
ye(5,1)	258043674979003088347521011049638051550482581318209656713996343947836516201992235103721268470899445134780188311596197281997671076599232613137012345526831459130227455832351626085360396107988877859521511405660228316918560069869917771545481109569151721804508184857824281880841856500011197/120372125803531995949600973128776569182977777454989174735899076381059884173570878404746464427554958487528198514813062692019051799029792833470841524286954516202660620757806770398329147795838857860872325981041686598647596981651691037547216768933602938764691979403435754954375000000000000
ye(9,9)	258043674979003088347521011049638051550482581318209656713996343947836516201992235103721268470899445134780188311596197281997671076599232613137012345526831459130227455832351626085360396107988877859521511405660228316918560069869917771545481109569151721804508184857824281880841856500011197/120372125803531995949600973128776569182977777454989174735899076381059884173570878404746464427554958487528198514813062692019051799029792833470841524286954516202660620757806770398329147795838857860872325981041686598647596981651691037547216768933602938764691979403435754954375000000000000
ye(9,1)	513609318943796816515183647332086591977802008389062215518381284360245487032263081843131502836308030128501007611687419772392334549182180014688449115414279201236293228468104921183903326088087999535594095009892072975409031209442096556267892097022572076194462044558096849756461941327220669/240744251607063991899201946257553138365955554909978349471798152762119768347141756809492928855109916975056397029626125384038103598059585666941683048573909032405321241515613540796658295591677715721744651962083373197295193963303382075094433537867205877529383958806871509908750000000000000
ye(8,14)	513609318943796816515183647332086591977802008389062215518381284360245487032263081843131502836308030128501007611687419772392334549182180014688449115414279201236293228468104921183903326088087999535594095009892072975409031209442096556267892097022572076194462044558096849756461941327220669/240744251607063991899201946257553138365955554909978349471798152762119768347141756809492928855109916975056397029626125384038103598059585666941683048573909032405321241515613540796658295591677715721744651962083373197295193963303382075094433537867205877529383958806871509908750000000000000
ye(8,1)	2
ye(0,5)	2
ye(2,2)	320152753909453571774089643962196648939668424510094308473648375524812883545321177791634453945290640844118307079267048591078522570032318823094248862092936329235659458490530893648657858262718282454214659622332146958553621330732559375369058718920107774134581810663125972491975109295762451/144446550964238395139521167754531883019573332945987009683078891657271861008285054085695757313065950185033838217775675230422862158835751400165009829144345419443192744909368124477994977355006629433046791177250023918377116377982029245056660122720323526517630375284122905945250000000000000
ye(10,6)	320152753909453571774089643962196648939668424510094308473648375524812883545321177791634453945290640844118307079267048591078522570032318823094248862092936329235659458490530893648657858262718282454214659622332146958553621330732559375369058718920107774134581810663125972491975109295762451/144446550964238395139521167754531883019573332945987009683078891657271861008285054085695757313065950185033838217775675230422862158835751400165009829144345419443192744909368124477994977355006629433046791177250023918377116377982029245056660122720323526517630375284122905945250000000000000
ye(10,2)	757455948146072917022956358530473301352826229318942196895896292501865468199898995195250536260085789409899027202769557106436837754913009716733369986961902734591912855168329679607972423904944554691676476191772268052646146578805292229470858496171588967237321490057588416718201470427262997/361116377410595987848802919386329707548933332364967524207697229143179652520712635214239393282664875462584595544439188076057155397089378500412524572860863548607981862273420311194987443387516573582616977943125059795942790944955073112641650306800808816294075938210307264863125000000000000
ye(11,12)	757455948146072917022956358530473301352826229318942196895896292501865468199898995195250536260085789409899027202769557106436837754913009716733369986961902734591912855168329679607972423904944554691676476191772268052646146578805292229470858496171588967237321490057588416718201470427262997/361116377410595987848802919386329707548933332364967524207697229143179652520712635214239393282664875462584595544439188076057155397089378500412524572860863548607981862273420311194987443387516573582616977943125059795942790944955073112641650306800808816294075938210307264863125000000000000
ye(11,2)	2
ye(6,8)	2
ye(6,2)	2
ye(2,20)	2
ye(1,3)	2
ye(2,6)	2
ye(2,3)	2
ye(3,20)	2
ye(3,3)	252/100
ye(0,4)	252/100
ye(0,3)	2
ye(1,5)	2
ye(4,4)	2
ye(5,10)	2
ye(8,5)	2
ye(1,7)	2
ye(1,6)	2
ye(10,7)	2
ye(8,7)	1513972176083708904963489895074754277822561514379421787897344519963111436478301620390513796948719497572110912095086421769246151191792429463998168186528143567410684346124816075455286335085408809536182662475683818373145969595077773380404165614005154211786695730165350222549220228402564111/722232754821191975697605838772659415097866664729935048415394458286359305041425270428478786565329750925169191088878376152114310794178757000825049145721727097215963724546840622389974886775033147165233955886250119591885581889910146225283300613601617632588151876420614529726250000000000000
ye(10,13)	1513972176083708904963489895074754277822561514379421787897344519963111436478301620390513796948719497572110912095086421769246151191792429463998168186528143567410684346124816075455286335085408809536182662475683818373145969595077773380404165614005154211786695730165350222549220228402564111/722232754821191975697605838772659415097866664729935048415394458286359305041425270428478786565329750925169191088878376152114310794178757000825049145721727097215963724546840622389974886775033147165233955886250119591885581889910146225283300613601617632588151876420614529726250000000000000
ye(11,8)	487538367281866656066797304702085871885107967408540660038887275240293689009442439878931399531856029561852601272719867317187526205067401469338164474716822975557209324382399843322013188464153323160506080087549046041956610619446164231409662538248901985808494385326143734480926640993336031/240744251607063991899201946257553138365955554909978349471798152762119768347141756809492928855109916975056397029626125384038103598059585666941683048573909032405321241515613540796658295591677715721744651962083373197295193963303382075094433537867205877529383958806871509908750000000000000
ye(7,18)	487538367281866656066797304702085871885107967408540660038887275240293689009442439878931399531856029561852601272719867317187526205067401469338164474716822975557209324382399843322013188464153323160506080087549046041956610619446164231409662538248901985808494385326143734480926640993336031/240744251607063991899201946257553138365955554909978349471798152762119768347141756809492928855109916975056397029626125384038103598059585666941683048573909032405321241515613540796658295591677715721744651962083373197295193963303382075094433537867205877529383958806871509908750000000000000
ye(5,9)	2
ye(12,10)	2
ye(12,9)	489098150964258728498658812230764687003364758834772279334245287968194310446254969750510324654601599719919943762272675349599717168242775034372284367157913727423321764686297352347615365952494771570056455699998461460943086550160743538359662635052721675965865964889412354933995869630859733/240744251607063991899201946257553138365955554909978349471798152762119768347141756809492928855109916975056397029626125384038103598059585666941683048573909032405321241515613540796658295591677715721744651962083373197295193963303382075094433537867205877529383958806871509908750000000000000
ye(9,16)	489098150964258728498658812230764687003364758834772279334245287968194310446254969750510324654601599719919943762272675349599717168242775034372284367157913727423321764686297352347615365952494771570056455699998461460943086550160743538359662635052721675965865964889412354933995869630859733/240744251607063991899201946257553138365955554909978349471798152762119768347141756809492928855109916975056397029626125384038103598059585666941683048573909032405321241515613540796658295591677715721744651962083373197295193963303382075094433537867205877529383958806871509908750000000000000
ye(4,10)	2
ye(12,11)	2
ye(7,11)	489195561313518311500014245409887046103848929706645739085551115041355794699124421523802118121886295834099519572745964424187584478019002582656167308448368959322729341064814640481940963756042335506292772372911091802873938753385054567756317476910632319937269257504955568570072357982574763/240744251607063991899201946257553138365955554909978349471798152762119768347141756809492928855109916975056397029626125384038103598059585666941683048573909032405321241515613540796658295591677715721744651962083373197295193963303382075094433537867205877529383958806871509908750000000000000
ye(12,17)	489195561313518311500014245409887046103848929706645739085551115041355794699124421523802118121886295834099519572745964424187584478019002582656167308448368959322729341064814640481940963756042335506292772372911091802873938753385054567756317476910632319937269257504955568570072357982574763/240744251607063991899201946257553138365955554909978349471798152762119768347141756809492928855109916975056397029626125384038103598059585666941683048573909032405321241515613540796658295591677715721744651962083373197295193963303382075094433537867205877529383958806871509908750000000000000
ye(10,12)	1446105292733049718866672047962197243380092056594450292196804958425870178509082810018728491734825183839377555598035576834053284372277652530458888980343943440077053708676768675649949778278634736919025330145952077578952714173095980181600432749400944490404614554617537088410405935742796029/722232754821191975697605838772659415097866664729935048415394458286359305041425270428478786565329750925169191088878376152114310794178757000825049145721727097215963724546840622389974886775033147165233955886250119591885581889910146225283300613601617632588151876420614529726250000000000000
ye(13,13)	1446105292733049718866672047962197243380092056594450292196804958425870178509082810018728491734825183839377555598035576834053284372277652530458888980343943440077053708676768675649949778278634736919025330145952077578952714173095980181600432749400944490404614554617537088410405935742796029/722232754821191975697605838772659415097866664729935048415394458286359305041425270428478786565329750925169191088878376152114310794178757000825049145721727097215963724546840622389974886775033147165233955886250119591885581889910146225283300613601617632588151876420614529726250000000000000
ye(13,12)	2
ye(11,19)	2
ye(8,13)	2
ye(13,14)	2
ye(9,14)	490372861404317919606869337747847968543615127010916460685602537921985508842666590185743924752901209852556947829474782450148292851601371922359378334841339488648129416457813622454467600353756505506673165414104176673370919148861337452404450785069617404054432111047852409809061248453492511/240744251607063991899201946257553138365955554909978349471798152762119768347141756809492928855109916975056397029626125384038103598059585666941683048573909032405321241515613540796658295591677715721744651962083373197295193963303382075094433537867205877529383958806871509908750000000000000
ye(13,15)	490372861404317919606869337747847968543615127010916460685602537921985508842666590185743924752901209852556947829474782450148292851601371922359378334841339488648129416457813622454467600353756505506673165414104176673370919148861337452404450785069617404054432111047852409809061248453492511/240744251607063991899201946257553138365955554909978349471798152762119768347141756809492928855109916975056397029626125384038103598059585666941683048573909032405321241515613540796658295591677715721744651962083373197295193963303382075094433537867205877529383958806871509908750000000000000
ye(9,15)	252960376019266208433044018404552715300412218902978336750890133847604864528148549170676633866263684888768885883900022254264525116845354364437665710640427576030256796694218164599536093409558599701247495647082127055672807910829208131803352719816700066084325052077777039756394761694770317/120372125803531995949600973128776569182977777454989174735899076381059884173570878404746464427554958487528198514813062692019051799029792833470841524286954516202660620757806770398329147795838857860872325981041686598647596981651691037547216768933602938764691979403435754954375000000000000
ye(14,16)	252960376019266208433044018404552715300412218902978336750890133847604864528148549170676633866263684888768885883900022254264525116845354364437665710640427576030256796694218164599536093409558599701247495647082127055672807910829208131803352719816700066084325052077777039756394761694770317/120372125803531995949600973128776569182977777454989174735899076381059884173570878404746464427554958487528198514813062692019051799029792833470841524286954516202660620757806770398329147795838857860872325981041686598647596981651691037547216768933602938764691979403435754954375000000000000
ye(14,15)	2
ye(13,19)	2
ye(12,16)	2
ye(14,17)	2
ye(7,17)	1677471269751244598349775512331702066390736760207511416647461871100133810510715707723263850473380912883675512746064858154455953388489084401553912147055063911176845445770375212178492848823474391667192708373231795656590805458363333862879104482935020607297694004307853645221041667229233/835917540302305527427784535616503952659567898992980380110410252646249195649797766699628225191353878385612489686201824250132304159929116899103066140881628584740698755262547016655063526359992068478280041535011712490608312372581187760744560895372242630310360968079414964960937500000000
ye(14,18)	1677471269751244598349775512331702066390736760207511416647461871100133810510715707723263850473380912883675512746064858154455953388489084401553912147055063911176845445770375212178492848823474391667192708373231795656590805458363333862879104482935020607297694004307853645221041667229233/835917540302305527427784535616503952659567898992980380110410252646249195649797766699628225191353878385612489686201824250132304159929116899103066140881628584740698755262547016655063526359992068478280041535011712490608312372581187760744560895372242630310360968079414964960937500000000
ye(11,18)	2
ye(14,19)	2
y1(3,0)	63851904552553731301031089973680869419903219215/26762088698266384473060342075631524464077424628
y1(6,0)	438416631074265704778598919631343868519968804108216616029826997091468402431451732086357235025648533270864362626028483471198124228169168218461189550202969196774562709058418983459577745117970977234759949211422184438735863510514298145985452042844584541285227519349672083852445442616648757/180558188705297993924401459693164853774466666182483762103848614571589826260356317607119696641332437731292297772219594038028577698544689250206262286430431774303990931136710155597493721693758286791308488971562529897971395472477536556320825153400404408147037969105153632431562500000000000
y1(7,0)	244253610135520909060558891225656920331812042375898395195776054600371844566351897264725004440897922264366062894104417013066849174128094391971774022029628578055023001620942435619307168240492792790157189033929756500485715551498438027427002274207014492001369292303782597479240330117912983/120372125803531995949600973128776569182977777454989174735899076381059884173570878404746464427554958487528198514813062692019051799029792833470841524286954516202660620757806770398329147795838857860872325981041686598647596981651691037547216768933602938764691979403435754954375000000000000
y1(4,0)	33746087709965902976856940735/16873043854982857618514447412
y1(0,1)	133575548748012136625585322762846692440884443575931254162532852184577249572959959724578163488816942824476799568184714878728993737937058389306813077074558299098485389797058900757560333335321918149900802863217822756072553108659886595812759949402484360457648942042260642169665251541304079/55556365755476305822892756828666108853682051133071926801184189098950715772417328494498368197333057763474553160682952011701100830321442846217311472747825161324304901888218509414613452828848703628094919683557701507068121683839242017329484662584739817891396298186201117671250000000000000
y1(5,1)	1453085079586562320632073387300438834681134538869784886810984866124431614847834694135894387985008607793985449199804115497488514096122510065830296567046920954747506741250396459478971450549004263665400997075485737248552334481007905135896679917475604367107205935661721529776903310722147429/722232754821191975697605838772659415097866664729935048415394458286359305041425270428478786565329750925169191088878376152114310794178757000825049145721727097215963724546840622389974886775033147165233955886250119591885581889910146225283300613601617632588151876420614529726250000000000000
y1(9,1)	30977802334080448788338768254309088675321236877099509438834418506705173596817006061554009806184376312583418329066806384805658374455690477119552918233766922806160757984270711733409574484614582512050110496030654071170550607710355639607711681761367604269375927933926536345140956984887111/15046515725441499493700121641097071147872222181873646841987384547632485521696359800593308053444369810941024814351632836502381474878724104183855190535869314525332577594725846299791143474479857232609040747630210824830949622706461379693402096116700367345586497425429469369296875000000000
y1(8,1)	9662344313213439431973324222749042731134244217157972208280462089394446719903165639326228718784695833822830546818941710112365182021014423994204047837484547615580431436157218928811511897584436706236424608451445825828698144140867395353029179246317193755971345501825975414487314672328619/4782998376299284607268912839554035861575275925363808267651618929048737119479637552506482030233971860431584046946214411603406031749528192058444034077627331769642143871171129949602482693874391703081019575405629931072089946290795670366114573600010712798597032294176255163750000000000000
y1(2,2)	33746087709965902976856940735/16873043854982857618514447412
y1(10,2)	122552794419398610111086202390059389236508378031716215535198177288660093492806710576488469770671224265009877208240475052774741971567440920339994184959656842614261329705575012391820801508059403370784083138331602104487419855977017461962704651881794510965103642993731278356216102461117081/60186062901765997974800486564388284591488888727494587367949538190529942086785439202373232213777479243764099257406531346009525899514896416735420762143477258101330310378903385199164573897919428930436162990520843299323798490825845518773608384466801469382345989701717877477187500000000000
y1(11,2)	242832172455423789302611768844871273314092349780335587335147912142915598224194059692213740253996238216487771891247200509302435306507267067726300608602580728403216074160358595735914015412399732753587663674108288074702451478012023151125634416800492595827309275057935911226559394928447431/120372125803531995949600973128776569182977777454989174735899076381059884173570878404746464427554958487528198514813062692019051799029792833470841524286954516202660620757806770398329147795838857860872325981041686598647596981651691037547216768933602938764691979403435754954375000000000000
y1(6,2)	438416631074265704778598919631343868519968804108216616029826997091468402431451732086357235025648533270864362626028483471198124228169168218461189550202969196774562709058418983459577745117970977234759949211422184438735863510514298145985452042844584541285227519349672083852445442616648757/180558188705297993924401459693164853774466666182483762103848614571589826260356317607119696641332437731292297772219594038028577698544689250206262286430431774303990931136710155597493721693758286791308488971562529897971395472477536556320825153400404408147037969105153632431562500000000000
y1(1,3)	1570511803461230288207058548521875860884493128757734879805397817369889436862162174896010541612675257726344497246945986150253145860329726555497578731439292796289539243767022287607532148864924718274349515249294437892914718868413825622905662985267352900939717315284075327478726729963046973/722232754821191975697605838772659415097866664729935048415394458286359305041425270428478786565329750925169191088878376152114310794178757000825049145721727097215963724546840622389974886775033147165233955886250119591885581889910146225283300613601617632588151876420614529726250000000000000
y1(2,3)	33746087709965902976856940735/16873043854982857618514447412
y1(3,3)	63851904552553731301031089973680869419903219215/26762088698266384473060342075631524464077424628
y1(0,3)	133575548748012136625585322762846692440884443575931254162532852184577249572959959724578163488816942824476799568184714878728993737937058389306813077074558299098485389797058900757560333335321918149900802863217822756072553108659886595812759949402484360457648942042260642169665251541304079/55556365755476305822892756828666108853682051133071926801184189098950715772417328494498368197333057763474553160682952011701100830321442846217311472747825161324304901888218509414613452828848703628094919683557701507068121683839242017329484662584739817891396298186201117671250000000000000
y1(3,4)	63851904552553731301031089973680869419903219215/26762088698266384473060342075631524464077424628
y1(4,4)	33746087709965902976856940735/16873043854982857618514447412
y1(5,4)	1453085079586562320632073387300438834681134538869784886810984866124431614847834694135894387985008607793985449199804115497488514096122510065830296567046920954747506741250396459478971450549004263665400997075485737248552334481007905135896679917475604367107205935661721529776903310722147429/722232754821191975697605838772659415097866664729935048415394458286359305041425270428478786565329750925169191088878376152114310794178757000825049145721727097215963724546840622389974886775033147165233955886250119591885581889910146225283300613601617632588151876420614529726250000000000000
y1(0,4)	133575548748012136625585322762846692440884443575931254162532852184577249572959959724578163488816942824476799568184714878728993737937058389306813077074558299098485389797058900757560333335321918149900802863217822756072553108659886595812759949402484360457648942042260642169665251541304079/55556365755476305822892756828666108853682051133071926801184189098950715772417328494498368197333057763474553160682952011701100830321442846217311472747825161324304901888218509414613452828848703628094919683557701507068121683839242017329484662584739817891396298186201117671250000000000000
y1(0,5)	133575548748012136625585322762846692440884443575931254162532852184577249572959959724578163488816942824476799568184714878728993737937058389306813077074558299098485389797058900757560333335321918149900802863217822756072553108659886595812759949402484360457648942042260642169665251541304079/55556365755476305822892756828666108853682051133071926801184189098950715772417328494498368197333057763474553160682952011701100830321442846217311472747825161324304901888218509414613452828848703628094919683557701507068121683839242017329484662584739817891396298186201117671250000000000000
y1(8,5)	9662344313213439431973324222749042731134244217157972208280462089394446719903165639326228718784695833822830546818941710112365182021014423994204047837484547615580431436157218928811511897584436706236424608451445825828698144140867395353029179246317193755971345501825975414487314672328619/4782998376299284607268912839554035861575275925363808267651618929048737119479637552506482030233971860431584046946214411603406031749528192058444034077627331769642143871171129949602482693874391703081019575405629931072089946290795670366114573600010712798597032294176255163750000000000000
y1(1,5)	1570511803461230288207058548521875860884493128757734879805397817369889436862162174896010541612675257726344497246945986150253145860329726555497578731439292796289539243767022287607532148864924718274349515249294437892914718868413825622905662985267352900939717315284075327478726729963046973/722232754821191975697605838772659415097866664729935048415394458286359305041425270428478786565329750925169191088878376152114310794178757000825049145721727097215963724546840622389974886775033147165233955886250119591885581889910146225283300613601617632588151876420614529726250000000000000
y1(2,6)	33746087709965902976856940735/16873043854982857618514447412
y1(1,6)	1570511803461230288207058548521875860884493128757734879805397817369889436862162174896010541612675257726344497246945986150253145860329726555497578731439292796289539243767022287607532148864924718274349515249294437892914718868413825622905662985267352900939717315284075327478726729963046973/722232754821191975697605838772659415097866664729935048415394458286359305041425270428478786565329750925169191088878376152114310794178757000825049145721727097215963724546840622389974886775033147165233955886250119591885581889910146225283300613601617632588151876420614529726250000000000000
y1(10,6)	122552794419398610111086202390059389236508378031716215535198177288660093492806710576488469770671224265009877208240475052774741971567440920339994184959656842614261329705575012391820801508059403370784083138331602104487419855977017461962704651881794510965103642993731278356216102461117081/60186062901765997974800486564388284591488888727494587367949538190529942086785439202373232213777479243764099257406531346009525899514896416735420762143477258101330310378903385199164573897919428930436162990520843299323798490825845518773608384466801469382345989701717877477187500000000000
y1(1,7)	1570511803461230288207058548521875860884493128757734879805397817369889436862162174896010541612675257726344497246945986150253145860329726555497578731439292796289539243767022287607532148864924718274349515249294437892914718868413825622905662985267352900939717315284075327478726729963046973/722232754821191975697605838772659415097866664729935048415394458286359305041425270428478786565329750925169191088878376152114310794178757000825049145721727097215963724546840622389974886775033147165233955886250119591885581889910146225283300613601617632588151876420614529726250000000000000
y1(8,7)	9662344313213439431973324222749042731134244217157972208280462089394446719903165639326228718784695833822830546818941710112365182021014423994204047837484547615580431436157218928811511897584436706236424608451445825828698144140867395353029179246317193755971345501825975414487314672328619/4782998376299284607268912839554035861575275925363808267651618929048737119479637552506482030233971860431584046946214411603406031749528192058444034077627331769642143871171129949602482693874391703081019575405629931072089946290795670366114573600010712798597032294176255163750000000000000
y1(10,7)	122552794419398610111086202390059389236508378031716215535198177288660093492806710576488469770671224265009877208240475052774741971567440920339994184959656842614261329705575012391820801508059403370784083138331602104487419855977017461962704651881794510965103642993731278356216102461117081/60186062901765997974800486564388284591488888727494587367949538190529942086785439202373232213777479243764099257406531346009525899514896416735420762143477258101330310378903385199164573897919428930436162990520843299323798490825845518773608384466801469382345989701717877477187500000000000
y1(6,8)	438416631074265704778598919631343868519968804108216616029826997091468402431451732086357235025648533270864362626028483471198124228169168218461189550202969196774562709058418983459577745117970977234759949211422184438735863510514298145985452042844584541285227519349672083852445442616648757/180558188705297993924401459693164853774466666182483762103848614571589826260356317607119696641332437731292297772219594038028577698544689250206262286430431774303990931136710155597493721693758286791308488971562529897971395472477536556320825153400404408147037969105153632431562500000000000
y1(11,8)	242832172455423789302611768844871273314092349780335587335147912142915598224194059692213740253996238216487771891247200509302435306507267067726300608602580728403216074160358595735914015412399732753587663674108288074702451478012023151125634416800492595827309275057935911226559394928447431/120372125803531995949600973128776569182977777454989174735899076381059884173570878404746464427554958487528198514813062692019051799029792833470841524286954516202660620757806770398329147795838857860872325981041686598647596981651691037547216768933602938764691979403435754954375000000000000
y1(7,8)	244253610135520909060558891225656920331812042375898395195776054600371844566351897264725004440897922264366062894104417013066849174128094391971774022029628578055023001620942435619307168240492792790157189033929756500485715551498438027427002274207014492001369292303782597479240330117912983/120372125803531995949600973128776569182977777454989174735899076381059884173570878404746464427554958487528198514813062692019051799029792833470841524286954516202660620757806770398329147795838857860872325981041686598647596981651691037547216768933602938764691979403435754954375000000000000
y1(5,9)	1453085079586562320632073387300438834681134538869784886810984866124431614847834694135894387985008607793985449199804115497488514096122510065830296567046920954747506741250396459478971450549004263665400997075485737248552334481007905135896679917475604367107205935661721529776903310722147429/722232754821191975697605838772659415097866664729935048415394458286359305041425270428478786565329750925169191088878376152114310794178757000825049145721727097215963724546840622389974886775033147165233955886250119591885581889910146225283300613601617632588151876420614529726250000000000000
y1(12,9)	144630118052793150115398865343129120091014264870822073929489329313106888514106531913766703966998544903309146667061372941264375551217827670309497014601291930147951249869851097840219164504242365642411318231674942776122437282592868028276536601508454535449505115017798192853422334979526839/72223275482119197569760583877265941509786666472993504841539445828635930504142527042847878656532975092516919108887837615211431079417875700082504914572172709721596372454684062238997488677503314716523395588625011959188558188991014622528330061360161763258815187642061452972625000000000000
y1(9,9)	30977802334080448788338768254309088675321236877099509438834418506705173596817006061554009806184376312583418329066806384805658374455690477119552918233766922806160757984270711733409574484614582512050110496030654071170550607710355639607711681761367604269375927933926536345140956984887111/15046515725441499493700121641097071147872222181873646841987384547632485521696359800593308053444369810941024814351632836502381474878724104183855190535869314525332577594725846299791143474479857232609040747630210824830949622706461379693402096116700367345586497425429469369296875000000000
y1(5,10)	1453085079586562320632073387300438834681134538869784886810984866124431614847834694135894387985008607793985449199804115497488514096122510065830296567046920954747506741250396459478971450549004263665400997075485737248552334481007905135896679917475604367107205935661721529776903310722147429/722232754821191975697605838772659415097866664729935048415394458286359305041425270428478786565329750925169191088878376152114310794178757000825049145721727097215963724546840622389974886775033147165233955886250119591885581889910146225283300613601617632588151876420614529726250000000000000
y1(4,10)	33746087709965902976856940735/16873043854982857618514447412
y1(12,10)	144630118052793150115398865343129120091014264870822073929489329313106888514106531913766703966998544903309146667061372941264375551217827670309497014601291930147951249869851097840219164504242365642411318231674942776122437282592868028276536601508454535449505115017798192853422334979526839/72223275482119197569760583877265941509786666472993504841539445828635930504142527042847878656532975092516919108887837615211431079417875700082504914572172709721596372454684062238997488677503314716523395588625011959188558188991014622528330061360161763258815187642061452972625000000000000
y1(4,11)	33746087709965902976856940735/16873043854982857618514447412
y1(7,11)	244253610135520909060558891225656920331812042375898395195776054600371844566351897264725004440897922264366062894104417013066849174128094391971774022029628578055023001620942435619307168240492792790157189033929756500485715551498438027427002274207014492001369292303782597479240330117912983/120372125803531995949600973128776569182977777454989174735899076381059884173570878404746464427554958487528198514813062692019051799029792833470841524286954516202660620757806770398329147795838857860872325981041686598647596981651691037547216768933602938764691979403435754954375000000000000
y1(12,11)	144630118052793150115398865343129120091014264870822073929489329313106888514106531913766703966998544903309146667061372941264375551217827670309497014601291930147951249869851097840219164504242365642411318231674942776122437282592868028276536601508454535449505115017798192853422334979526839/72223275482119197569760583877265941509786666472993504841539445828635930504142527042847878656532975092516919108887837615211431079417875700082504914572172709721596372454684062238997488677503314716523395588625011959188558188991014622528330061360161763258815187642061452972625000000000000
y1(10,12)	122552794419398610111086202390059389236508378031716215535198177288660093492806710576488469770671224265009877208240475052774741971567440920339994184959656842614261329705575012391820801508059403370784083138331602104487419855977017461962704651881794510965103642993731278356216102461117081/60186062901765997974800486564388284591488888727494587367949538190529942086785439202373232213777479243764099257406531346009525899514896416735420762143477258101330310378903385199164573897919428930436162990520843299323798490825845518773608384466801469382345989701717877477187500000000000
y1(13,12)	1448135830535329762139552082738886350618042967831999098275387334164703091521557472042714121129354285435063214504943517138120196073930259741142241326758644822177656017435050406488352257215674015191823501596254406844534572184817320771761666208263430665909535400871464465035185281218626191/722232754821191975697605838772659415097866664729935048415394458286359305041425270428478786565329750925169191088878376152114310794178757000825049145721727097215963724546840622389974886775033147165233955886250119591885581889910146225283300613601617632588151876420614529726250000000000000
y1(11,12)	242832172455423789302611768844871273314092349780335587335147912142915598224194059692213740253996238216487771891247200509302435306507267067726300608602580728403216074160358595735914015412399732753587663674108288074702451478012023151125634416800492595827309275057935911226559394928447431/120372125803531995949600973128776569182977777454989174735899076381059884173570878404746464427554958487528198514813062692019051799029792833470841524286954516202660620757806770398329147795838857860872325981041686598647596981651691037547216768933602938764691979403435754954375000000000000
y1(10,13)	122552794419398610111086202390059389236508378031716215535198177288660093492806710576488469770671224265009877208240475052774741971567440920339994184959656842614261329705575012391820801508059403370784083138331602104487419855977017461962704651881794510965103642993731278356216102461117081/60186062901765997974800486564388284591488888727494587367949538190529942086785439202373232213777479243764099257406531346009525899514896416735420762143477258101330310378903385199164573897919428930436162990520843299323798490825845518773608384466801469382345989701717877477187500000000000
y1(8,13)	9662344313213439431973324222749042731134244217157972208280462089394446719903165639326228718784695833822830546818941710112365182021014423994204047837484547615580431436157218928811511897584436706236424608451445825828698144140867395353029179246317193755971345501825975414487314672328619/4782998376299284607268912839554035861575275925363808267651618929048737119479637552506482030233971860431584046946214411603406031749528192058444034077627331769642143871171129949602482693874391703081019575405629931072089946290795670366114573600010712798597032294176255163750000000000000
y1(13,13)	1448135830535329762139552082738886350618042967831999098275387334164703091521557472042714121129354285435063214504943517138120196073930259741142241326758644822177656017435050406488352257215674015191823501596254406844534572184817320771761666208263430665909535400871464465035185281218626191/722232754821191975697605838772659415097866664729935048415394458286359305041425270428478786565329750925169191088878376152114310794178757000825049145721727097215963724546840622389974886775033147165233955886250119591885581889910146225283300613601617632588151876420614529726250000000000000
y1(8,14)	9662344313213439431973324222749042731134244217157972208280462089394446719903165639326228718784695833822830546818941710112365182021014423994204047837484547615580431436157218928811511897584436706236424608451445825828698144140867395353029179246317193755971345501825975414487314672328619/4782998376299284607268912839554035861575275925363808267651618929048737119479637552506482030233971860431584046946214411603406031749528192058444034077627331769642143871171129949602482693874391703081019575405629931072089946290795670366114573600010712798597032294176255163750000000000000
y1(9,14)	30977802334080448788338768254309088675321236877099509438834418506705173596817006061554009806184376312583418329066806384805658374455690477119552918233766922806160757984270711733409574484614582512050110496030654071170550607710355639607711681761367604269375927933926536345140956984887111/15046515725441499493700121641097071147872222181873646841987384547632485521696359800593308053444369810941024814351632836502381474878724104183855190535869314525332577594725846299791143474479857232609040747630210824830949622706461379693402096116700367345586497425429469369296875000000000
y1(13,14)	1448135830535329762139552082738886350618042967831999098275387334164703091521557472042714121129354285435063214504943517138120196073930259741142241326758644822177656017435050406488352257215674015191823501596254406844534572184817320771761666208263430665909535400871464465035185281218626191/722232754821191975697605838772659415097866664729935048415394458286359305041425270428478786565329750925169191088878376152114310794178757000825049145721727097215963724546840622389974886775033147165233955886250119591885581889910146225283300613601617632588151876420614529726250000000000000
y1(9,15)	30977802334080448788338768254309088675321236877099509438834418506705173596817006061554009806184376312583418329066806384805658374455690477119552918233766922806160757984270711733409574484614582512050110496030654071170550607710355639607711681761367604269375927933926536345140956984887111/15046515725441499493700121641097071147872222181873646841987384547632485521696359800593308053444369810941024814351632836502381474878724104183855190535869314525332577594725846299791143474479857232609040747630210824830949622706461379693402096116700367345586497425429469369296875000000000
y1(14,15)	1518677750472288875106224576810094495725955404550684736947834424547149876202122346180892404760040633218467531991174104765083969174891207977921701398488405113970457163412456134834356665804926943385240634023845929920460989792660820066294505602032669679882919739798179695002039257189592709/722232754821191975697605838772659415097866664729935048415394458286359305041425270428478786565329750925169191088878376152114310794178757000825049145721727097215963724546840622389974886775033147165233955886250119591885581889910146225283300613601617632588151876420614529726250000000000000
y1(13,15)	1448135830535329762139552082738886350618042967831999098275387334164703091521557472042714121129354285435063214504943517138120196073930259741142241326758644822177656017435050406488352257215674015191823501596254406844534572184817320771761666208263430665909535400871464465035185281218626191/722232754821191975697605838772659415097866664729935048415394458286359305041425270428478786565329750925169191088878376152114310794178757000825049145721727097215963724546840622389974886775033147165233955886250119591885581889910146225283300613601617632588151876420614529726250000000000000
y1(9,16)	30977802334080448788338768254309088675321236877099509438834418506705173596817006061554009806184376312583418329066806384805658374455690477119552918233766922806160757984270711733409574484614582512050110496030654071170550607710355639607711681761367604269375927933926536345140956984887111/15046515725441499493700121641097071147872222181873646841987384547632485521696359800593308053444369810941024814351632836502381474878724104183855190535869314525332577594725846299791143474479857232609040747630210824830949622706461379693402096116700367345586497425429469369296875000000000
y1(12,16)	144630118052793150115398865343129120091014264870822073929489329313106888514106531913766703966998544903309146667061372941264375551217827670309497014601291930147951249869851097840219164504242365642411318231674942776122437282592868028276536601508454535449505115017798192853422334979526839/72223275482119197569760583877265941509786666472993504841539445828635930504142527042847878656532975092516919108887837615211431079417875700082504914572172709721596372454684062238997488677503314716523395588625011959188558188991014622528330061360161763258815187642061452972625000000000000
y1(14,16)	1518677750472288875106224576810094495725955404550684736947834424547149876202122346180892404760040633218467531991174104765083969174891207977921701398488405113970457163412456134834356665804926943385240634023845929920460989792660820066294505602032669679882919739798179695002039257189592709/722232754821191975697605838772659415097866664729935048415394458286359305041425270428478786565329750925169191088878376152114310794178757000825049145721727097215963724546840622389974886775033147165233955886250119591885581889910146225283300613601617632588151876420614529726250000000000000
y1(12,17)	144630118052793150115398865343129120091014264870822073929489329313106888514106531913766703966998544903309146667061372941264375551217827670309497014601291930147951249869851097840219164504242365642411318231674942776122437282592868028276536601508454535449505115017798192853422334979526839/72223275482119197569760583877265941509786666472993504841539445828635930504142527042847878656532975092516919108887837615211431079417875700082504914572172709721596372454684062238997488677503314716523395588625011959188558188991014622528330061360161763258815187642061452972625000000000000
y1(7,17)	244253610135520909060558891225656920331812042375898395195776054600371844566351897264725004440897922264366062894104417013066849174128094391971774022029628578055023001620942435619307168240492792790157189033929756500485715551498438027427002274207014492001369292303782597479240330117912983/120372125803531995949600973128776569182977777454989174735899076381059884173570878404746464427554958487528198514813062692019051799029792833470841524286954516202660620757806770398329147795838857860872325981041686598647596981651691037547216768933602938764691979403435754954375000000000000
y1(14,17)	1518677750472288875106224576810094495725955404550684736947834424547149876202122346180892404760040633218467531991174104765083969174891207977921701398488405113970457163412456134834356665804926943385240634023845929920460989792660820066294505602032669679882919739798179695002039257189592709/722232754821191975697605838772659415097866664729935048415394458286359305041425270428478786565329750925169191088878376152114310794178757000825049145721727097215963724546840622389974886775033147165233955886250119591885581889910146225283300613601617632588151876420614529726250000000000000
y1(7,18)	244253610135520909060558891225656920331812042375898395195776054600371844566351897264725004440897922264366062894104417013066849174128094391971774022029628578055023001620942435619307168240492792790157189033929756500485715551498438027427002274207014492001369292303782597479240330117912983/120372125803531995949600973128776569182977777454989174735899076381059884173570878404746464427554958487528198514813062692019051799029792833470841524286954516202660620757806770398329147795838857860872325981041686598647596981651691037547216768933602938764691979403435754954375000000000000
y1(11,18)	242832172455423789302611768844871273314092349780335587335147912142915598224194059692213740253996238216487771891247200509302435306507267067726300608602580728403216074160358595735914015412399732753587663674108288074702451478012023151125634416800492595827309275057935911226559394928447431/120372125803531995949600973128776569182977777454989174735899076381059884173570878404746464427554958487528198514813062692019051799029792833470841524286954516202660620757806770398329147795838857860872325981041686598647596981651691037547216768933602938764691979403435754954375000000000000
y1(14,18)	1518677750472288875106224576810094495725955404550684736947834424547149876202122346180892404760040633218467531991174104765083969174891207977921701398488405113970457163412456134834356665804926943385240634023845929920460989792660820066294505602032669679882919739798179695002039257189592709/722232754821191975697605838772659415097866664729935048415394458286359305041425270428478786565329750925169191088878376152114310794178757000825049145721727097215963724546840622389974886775033147165233955886250119591885581889910146225283300613601617632588151876420614529726250000000000000
y1(13,19)	1448135830535329762139552082738886350618042967831999098275387334164703091521557472042714121129354285435063214504943517138120196073930259741142241326758644822177656017435050406488352257215674015191823501596254406844534572184817320771761666208263430665909535400871464465035185281218626191/722232754821191975697605838772659415097866664729935048415394458286359305041425270428478786565329750925169191088878376152114310794178757000825049145721727097215963724546840622389974886775033147165233955886250119591885581889910146225283300613601617632588151876420614529726250000000000000
y1(14,19)	1518677750472288875106224576810094495725955404550684736947834424547149876202122346180892404760040633218467531991174104765083969174891207977921701398488405113970457163412456134834356665804926943385240634023845929920460989792660820066294505602032669679882919739798179695002039257189592709/722232754821191975697605838772659415097866664729935048415394458286359305041425270428478786565329750925169191088878376152114310794178757000825049145721727097215963724546840622389974886775033147165233955886250119591885581889910146225283300613601617632588151876420614529726250000000000000
y1(11,19)	242832172455423789302611768844871273314092349780335587335147912142915598224194059692213740253996238216487771891247200509302435306507267067726300608602580728403216074160358595735914015412399732753587663674108288074702451478012023151125634416800492595827309275057935911226559394928447431/120372125803531995949600973128776569182977777454989174735899076381059884173570878404746464427554958487528198514813062692019051799029792833470841524286954516202660620757806770398329147795838857860872325981041686598647596981651691037547216768933602938764691979403435754954375000000000000
y1(3,20)	63851904552553731301031089973680869419903219215/26762088698266384473060342075631524464077424628
y1(2,20)	33746087709965902976856940735/16873043854982857618514447412
y1(6,20)	438416631074265704778598919631343868519968804108216616029826997091468402431451732086357235025648533270864362626028483471198124228169168218461189550202969196774562709058418983459577745117970977234759949211422184438735863510514298145985452042844584541285227519349672083852445442616648757/180558188705297993924401459693164853774466666182483762103848614571589826260356317607119696641332437731292297772219594038028577698544689250206262286430431774303990931136710155597493721693758286791308488971562529897971395472477536556320825153400404408147037969105153632431562500000000000
y2(3,0)	438416631074265704778598919631343868519968804108216616029826997091468402431451732086357235025648533270864362626028483471198124228169168218461189550202969196774562709058418983459577745117970977234759949211422184438735863510514298145985452042844584541285227519349672083852445442616648757/180558188705297993924401459693164853774466666182483762103848614571589826260356317607119696641332437731292297772219594038028577698544689250206262286430431774303990931136710155597493721693758286791308488971562529897971395472477536556320825153400404408147037969105153632431562500000000000
y2(6,0)	244253610135520909060558891225656920331812042375898395195776054600371844566351897264725004440897922264366062894104417013066849174128094391971774022029628578055023001620942435619307168240492792790157189033929756500485715551498438027427002274207014492001369292303782597479240330117912983/120372125803531995949600973128776569182977777454989174735899076381059884173570878404746464427554958487528198514813062692019051799029792833470841524286954516202660620757806770398329147795838857860872325981041686598647596981651691037547216768933602938764691979403435754954375000000000000
y2(7,0)	33746087709965902976856940735/16873043854982857618514447412
y2(4,0)	63851904552553731301031089973680869419903219215/26762088698266384473060342075631524464077424628
y2(0,1)	1453085079586562320632073387300438834681134538869784886810984866124431614847834694135894387985008607793985449199804115497488514096122510065830296567046920954747506741250396459478971450549004263665400997075485737248552334481007905135896679917475604367107205935661721529776903310722147429/722232754821191975697605838772659415097866664729935048415394458286359305041425270428478786565329750925169191088878376152114310794178757000825049145721727097215963724546840622389974886775033147165233955886250119591885581889910146225283300613601617632588151876420614529726250000000000000
y2(5,1)	30977802334080448788338768254309088675321236877099509438834418506705173596817006061554009806184376312583418329066806384805658374455690477119552918233766922806160757984270711733409574484614582512050110496030654071170550607710355639607711681761367604269375927933926536345140956984887111/15046515725441499493700121641097071147872222181873646841987384547632485521696359800593308053444369810941024814351632836502381474878724104183855190535869314525332577594725846299791143474479857232609040747630210824830949622706461379693402096116700367345586497425429469369296875000000000
y2(9,1)	9662344313213439431973324222749042731134244217157972208280462089394446719903165639326228718784695833822830546818941710112365182021014423994204047837484547615580431436157218928811511897584436706236424608451445825828698144140867395353029179246317193755971345501825975414487314672328619/4782998376299284607268912839554035861575275925363808267651618929048737119479637552506482030233971860431584046946214411603406031749528192058444034077627331769642143871171129949602482693874391703081019575405629931072089946290795670366114573600010712798597032294176255163750000000000000
y2(8,1)	133575548748012136625585322762846692440884443575931254162532852184577249572959959724578163488816942824476799568184714878728993737937058389306813077074558299098485389797058900757560333335321918149900802863217822756072553108659886595812759949402484360457648942042260642169665251541304079/55556365755476305822892756828666108853682051133071926801184189098950715772417328494498368197333057763474553160682952011701100830321442846217311472747825161324304901888218509414613452828848703628094919683557701507068121683839242017329484662584739817891396298186201117671250000000000000
y2(2,2)	122552794419398610111086202390059389236508378031716215535198177288660093492806710576488469770671224265009877208240475052774741971567440920339994184959656842614261329705575012391820801508059403370784083138331602104487419855977017461962704651881794510965103642993731278356216102461117081/60186062901765997974800486564388284591488888727494587367949538190529942086785439202373232213777479243764099257406531346009525899514896416735420762143477258101330310378903385199164573897919428930436162990520843299323798490825845518773608384466801469382345989701717877477187500000000000
y2(10,2)	242832172455423789302611768844871273314092349780335587335147912142915598224194059692213740253996238216487771891247200509302435306507267067726300608602580728403216074160358595735914015412399732753587663674108288074702451478012023151125634416800492595827309275057935911226559394928447431/120372125803531995949600973128776569182977777454989174735899076381059884173570878404746464427554958487528198514813062692019051799029792833470841524286954516202660620757806770398329147795838857860872325981041686598647596981651691037547216768933602938764691979403435754954375000000000000
y2(11,2)	438416631074265704778598919631343868519968804108216616029826997091468402431451732086357235025648533270864362626028483471198124228169168218461189550202969196774562709058418983459577745117970977234759949211422184438735863510514298145985452042844584541285227519349672083852445442616648757/180558188705297993924401459693164853774466666182483762103848614571589826260356317607119696641332437731292297772219594038028577698544689250206262286430431774303990931136710155597493721693758286791308488971562529897971395472477536556320825153400404408147037969105153632431562500000000000
y2(6,2)	33746087709965902976856940735/16873043854982857618514447412
y2(1,3)	33746087709965902976856940735/16873043854982857618514447412
y2(2,3)	63851904552553731301031089973680869419903219215/26762088698266384473060342075631524464077424628
y2(3,3)	133575548748012136625585322762846692440884443575931254162532852184577249572959959724578163488816942824476799568184714878728993737937058389306813077074558299098485389797058900757560333335321918149900802863217822756072553108659886595812759949402484360457648942042260642169665251541304079/55556365755476305822892756828666108853682051133071926801184189098950715772417328494498368197333057763474553160682952011701100830321442846217311472747825161324304901888218509414613452828848703628094919683557701507068121683839242017329484662584739817891396298186201117671250000000000000
y2(0,3)	1570511803461230288207058548521875860884493128757734879805397817369889436862162174896010541612675257726344497246945986150253145860329726555497578731439292796289539243767022287607532148864924718274349515249294437892914718868413825622905662985267352900939717315284075327478726729963046973/722232754821191975697605838772659415097866664729935048415394458286359305041425270428478786565329750925169191088878376152114310794178757000825049145721727097215963724546840622389974886775033147165233955886250119591885581889910146225283300613601617632588151876420614529726250000000000000
y2(3,4)	33746087709965902976856940735/16873043854982857618514447412
y2(4,4)	1453085079586562320632073387300438834681134538869784886810984866124431614847834694135894387985008607793985449199804115497488514096122510065830296567046920954747506741250396459478971450549004263665400997075485737248552334481007905135896679917475604367107205935661721529776903310722147429/722232754821191975697605838772659415097866664729935048415394458286359305041425270428478786565329750925169191088878376152114310794178757000825049145721727097215963724546840622389974886775033147165233955886250119591885581889910146225283300613601617632588151876420614529726250000000000000
y2(5,4)	133575548748012136625585322762846692440884443575931254162532852184577249572959959724578163488816942824476799568184714878728993737937058389306813077074558299098485389797058900757560333335321918149900802863217822756072553108659886595812759949402484360457648942042260642169665251541304079/55556365755476305822892756828666108853682051133071926801184189098950715772417328494498368197333057763474553160682952011701100830321442846217311472747825161324304901888218509414613452828848703628094919683557701507068121683839242017329484662584739817891396298186201117671250000000000000
y2(0,4)	63851904552553731301031089973680869419903219215/26762088698266384473060342075631524464077424628
y2(0,5)	9662344313213439431973324222749042731134244217157972208280462089394446719903165639326228718784695833822830546818941710112365182021014423994204047837484547615580431436157218928811511897584436706236424608451445825828698144140867395353029179246317193755971345501825975414487314672328619/4782998376299284607268912839554035861575275925363808267651618929048737119479637552506482030233971860431584046946214411603406031749528192058444034077627331769642143871171129949602482693874391703081019575405629931072089946290795670366114573600010712798597032294176255163750000000000000
y2(8,5)	1570511803461230288207058548521875860884493128757734879805397817369889436862162174896010541612675257726344497246945986150253145860329726555497578731439292796289539243767022287607532148864924718274349515249294437892914718868413825622905662985267352900939717315284075327478726729963046973/722232754821191975697605838772659415097866664729935048415394458286359305041425270428478786565329750925169191088878376152114310794178757000825049145721727097215963724546840622389974886775033147165233955886250119591885581889910146225283300613601617632588151876420614529726250000000000000
y2(1,5)	133575548748012136625585322762846692440884443575931254162532852184577249572959959724578163488816942824476799568184714878728993737937058389306813077074558299098485389797058900757560333335321918149900802863217822756072553108659886595812759949402484360457648942042260642169665251541304079/55556365755476305822892756828666108853682051133071926801184189098950715772417328494498368197333057763474553160682952011701100830321442846217311472747825161324304901888218509414613452828848703628094919683557701507068121683839242017329484662584739817891396298186201117671250000000000000
y2(2,6)	1570511803461230288207058548521875860884493128757734879805397817369889436862162174896010541612675257726344497246945986150253145860329726555497578731439292796289539243767022287607532148864924718274349515249294437892914718868413825622905662985267352900939717315284075327478726729963046973/722232754821191975697605838772659415097866664729935048415394458286359305041425270428478786565329750925169191088878376152114310794178757000825049145721727097215963724546840622389974886775033147165233955886250119591885581889910146225283300613601617632588151876420614529726250000000000000
y2(1,6)	122552794419398610111086202390059389236508378031716215535198177288660093492806710576488469770671224265009877208240475052774741971567440920339994184959656842614261329705575012391820801508059403370784083138331602104487419855977017461962704651881794510965103642993731278356216102461117081/60186062901765997974800486564388284591488888727494587367949538190529942086785439202373232213777479243764099257406531346009525899514896416735420762143477258101330310378903385199164573897919428930436162990520843299323798490825845518773608384466801469382345989701717877477187500000000000
y2(10,6)	33746087709965902976856940735/16873043854982857618514447412
y2(1,7)	9662344313213439431973324222749042731134244217157972208280462089394446719903165639326228718784695833822830546818941710112365182021014423994204047837484547615580431436157218928811511897584436706236424608451445825828698144140867395353029179246317193755971345501825975414487314672328619/4782998376299284607268912839554035861575275925363808267651618929048737119479637552506482030233971860431584046946214411603406031749528192058444034077627331769642143871171129949602482693874391703081019575405629931072089946290795670366114573600010712798597032294176255163750000000000000
y2(8,7)	122552794419398610111086202390059389236508378031716215535198177288660093492806710576488469770671224265009877208240475052774741971567440920339994184959656842614261329705575012391820801508059403370784083138331602104487419855977017461962704651881794510965103642993731278356216102461117081/60186062901765997974800486564388284591488888727494587367949538190529942086785439202373232213777479243764099257406531346009525899514896416735420762143477258101330310378903385199164573897919428930436162990520843299323798490825845518773608384466801469382345989701717877477187500000000000
y2(10,7)	1570511803461230288207058548521875860884493128757734879805397817369889436862162174896010541612675257726344497246945986150253145860329726555497578731439292796289539243767022287607532148864924718274349515249294437892914718868413825622905662985267352900939717315284075327478726729963046973/722232754821191975697605838772659415097866664729935048415394458286359305041425270428478786565329750925169191088878376152114310794178757000825049145721727097215963724546840622389974886775033147165233955886250119591885581889910146225283300613601617632588151876420614529726250000000000000
y2(6,8)	242832172455423789302611768844871273314092349780335587335147912142915598224194059692213740253996238216487771891247200509302435306507267067726300608602580728403216074160358595735914015412399732753587663674108288074702451478012023151125634416800492595827309275057935911226559394928447431/120372125803531995949600973128776569182977777454989174735899076381059884173570878404746464427554958487528198514813062692019051799029792833470841524286954516202660620757806770398329147795838857860872325981041686598647596981651691037547216768933602938764691979403435754954375000000000000
y2(11,8)	244253610135520909060558891225656920331812042375898395195776054600371844566351897264725004440897922264366062894104417013066849174128094391971774022029628578055023001620942435619307168240492792790157189033929756500485715551498438027427002274207014492001369292303782597479240330117912983/120372125803531995949600973128776569182977777454989174735899076381059884173570878404746464427554958487528198514813062692019051799029792833470841524286954516202660620757806770398329147795838857860872325981041686598647596981651691037547216768933602938764691979403435754954375000000000000
y2(7,8)	438416631074265704778598919631343868519968804108216616029826997091468402431451732086357235025648533270864362626028483471198124228169168218461189550202969196774562709058418983459577745117970977234759949211422184438735863510514298145985452042844584541285227519349672083852445442616648757/180558188705297993924401459693164853774466666182483762103848614571589826260356317607119696641332437731292297772219594038028577698544689250206262286430431774303990931136710155597493721693758286791308488971562529897971395472477536556320825153400404408147037969105153632431562500000000000
y2(5,9)	144630118052793150115398865343129120091014264870822073929489329313106888514106531913766703966998544903309146667061372941264375551217827670309497014601291930147951249869851097840219164504242365642411318231674942776122437282592868028276536601508454535449505115017798192853422334979526839/72223275482119197569760583877265941509786666472993504841539445828635930504142527042847878656532975092516919108887837615211431079417875700082504914572172709721596372454684062238997488677503314716523395588625011959188558188991014622528330061360161763258815187642061452972625000000000000
y2(12,9)	30977802334080448788338768254309088675321236877099509438834418506705173596817006061554009806184376312583418329066806384805658374455690477119552918233766922806160757984270711733409574484614582512050110496030654071170550607710355639607711681761367604269375927933926536345140956984887111/15046515725441499493700121641097071147872222181873646841987384547632485521696359800593308053444369810941024814351632836502381474878724104183855190535869314525332577594725846299791143474479857232609040747630210824830949622706461379693402096116700367345586497425429469369296875000000000
y2(9,9)	1453085079586562320632073387300438834681134538869784886810984866124431614847834694135894387985008607793985449199804115497488514096122510065830296567046920954747506741250396459478971450549004263665400997075485737248552334481007905135896679917475604367107205935661721529776903310722147429/722232754821191975697605838772659415097866664729935048415394458286359305041425270428478786565329750925169191088878376152114310794178757000825049145721727097215963724546840622389974886775033147165233955886250119591885581889910146225283300613601617632588151876420614529726250000000000000
y2(5,10)	33746087709965902976856940735/16873043854982857618514447412
y2(4,10)	144630118052793150115398865343129120091014264870822073929489329313106888514106531913766703966998544903309146667061372941264375551217827670309497014601291930147951249869851097840219164504242365642411318231674942776122437282592868028276536601508454535449505115017798192853422334979526839/72223275482119197569760583877265941509786666472993504841539445828635930504142527042847878656532975092516919108887837615211431079417875700082504914572172709721596372454684062238997488677503314716523395588625011959188558188991014622528330061360161763258815187642061452972625000000000000
y2(12,10)	1453085079586562320632073387300438834681134538869784886810984866124431614847834694135894387985008607793985449199804115497488514096122510065830296567046920954747506741250396459478971450549004263665400997075485737248552334481007905135896679917475604367107205935661721529776903310722147429/722232754821191975697605838772659415097866664729935048415394458286359305041425270428478786565329750925169191088878376152114310794178757000825049145721727097215963724546840622389974886775033147165233955886250119591885581889910146225283300613601617632588151876420614529726250000000000000
y2(4,11)	244253610135520909060558891225656920331812042375898395195776054600371844566351897264725004440897922264366062894104417013066849174128094391971774022029628578055023001620942435619307168240492792790157189033929756500485715551498438027427002274207014492001369292303782597479240330117912983/120372125803531995949600973128776569182977777454989174735899076381059884173570878404746464427554958487528198514813062692019051799029792833470841524286954516202660620757806770398329147795838857860872325981041686598647596981651691037547216768933602938764691979403435754954375000000000000
y2(7,11)	144630118052793150115398865343129120091014264870822073929489329313106888514106531913766703966998544903309146667061372941264375551217827670309497014601291930147951249869851097840219164504242365642411318231674942776122437282592868028276536601508454535449505115017798192853422334979526839/72223275482119197569760583877265941509786666472993504841539445828635930504142527042847878656532975092516919108887837615211431079417875700082504914572172709721596372454684062238997488677503314716523395588625011959188558188991014622528330061360161763258815187642061452972625000000000000
y2(12,11)	33746087709965902976856940735/16873043854982857618514447412
y2(10,12)	1448135830535329762139552082738886350618042967831999098275387334164703091521557472042714121129354285435063214504943517138120196073930259741142241326758644822177656017435050406488352257215674015191823501596254406844534572184817320771761666208263430665909535400871464465035185281218626191/722232754821191975697605838772659415097866664729935048415394458286359305041425270428478786565329750925169191088878376152114310794178757000825049145721727097215963724546840622389974886775033147165233955886250119591885581889910146225283300613601617632588151876420614529726250000000000000
y2(13,12)	242832172455423789302611768844871273314092349780335587335147912142915598224194059692213740253996238216487771891247200509302435306507267067726300608602580728403216074160358595735914015412399732753587663674108288074702451478012023151125634416800492595827309275057935911226559394928447431/120372125803531995949600973128776569182977777454989174735899076381059884173570878404746464427554958487528198514813062692019051799029792833470841524286954516202660620757806770398329147795838857860872325981041686598647596981651691037547216768933602938764691979403435754954375000000000000
y2(11,12)	122552794419398610111086202390059389236508378031716215535198177288660093492806710576488469770671224265009877208240475052774741971567440920339994184959656842614261329705575012391820801508059403370784083138331602104487419855977017461962704651881794510965103642993731278356216102461117081/60186062901765997974800486564388284591488888727494587367949538190529942086785439202373232213777479243764099257406531346009525899514896416735420762143477258101330310378903385199164573897919428930436162990520843299323798490825845518773608384466801469382345989701717877477187500000000000
y2(10,13)	9662344313213439431973324222749042731134244217157972208280462089394446719903165639326228718784695833822830546818941710112365182021014423994204047837484547615580431436157218928811511897584436706236424608451445825828698144140867395353029179246317193755971345501825975414487314672328619/4782998376299284607268912839554035861575275925363808267651618929048737119479637552506482030233971860431584046946214411603406031749528192058444034077627331769642143871171129949602482693874391703081019575405629931072089946290795670366114573600010712798597032294176255163750000000000000
y2(8,13)	1448135830535329762139552082738886350618042967831999098275387334164703091521557472042714121129354285435063214504943517138120196073930259741142241326758644822177656017435050406488352257215674015191823501596254406844534572184817320771761666208263430665909535400871464465035185281218626191/722232754821191975697605838772659415097866664729935048415394458286359305041425270428478786565329750925169191088878376152114310794178757000825049145721727097215963724546840622389974886775033147165233955886250119591885581889910146225283300613601617632588151876420614529726250000000000000
y2(13,13)	122552794419398610111086202390059389236508378031716215535198177288660093492806710576488469770671224265009877208240475052774741971567440920339994184959656842614261329705575012391820801508059403370784083138331602104487419855977017461962704651881794510965103642993731278356216102461117081/60186062901765997974800486564388284591488888727494587367949538190529942086785439202373232213777479243764099257406531346009525899514896416735420762143477258101330310378903385199164573897919428930436162990520843299323798490825845518773608384466801469382345989701717877477187500000000000
y2(8,14)	30977802334080448788338768254309088675321236877099509438834418506705173596817006061554009806184376312583418329066806384805658374455690477119552918233766922806160757984270711733409574484614582512050110496030654071170550607710355639607711681761367604269375927933926536345140956984887111/15046515725441499493700121641097071147872222181873646841987384547632485521696359800593308053444369810941024814351632836502381474878724104183855190535869314525332577594725846299791143474479857232609040747630210824830949622706461379693402096116700367345586497425429469369296875000000000
y2(9,14)	1448135830535329762139552082738886350618042967831999098275387334164703091521557472042714121129354285435063214504943517138120196073930259741142241326758644822177656017435050406488352257215674015191823501596254406844534572184817320771761666208263430665909535400871464465035185281218626191/722232754821191975697605838772659415097866664729935048415394458286359305041425270428478786565329750925169191088878376152114310794178757000825049145721727097215963724546840622389974886775033147165233955886250119591885581889910146225283300613601617632588151876420614529726250000000000000
y2(13,14)	9662344313213439431973324222749042731134244217157972208280462089394446719903165639326228718784695833822830546818941710112365182021014423994204047837484547615580431436157218928811511897584436706236424608451445825828698144140867395353029179246317193755971345501825975414487314672328619/4782998376299284607268912839554035861575275925363808267651618929048737119479637552506482030233971860431584046946214411603406031749528192058444034077627331769642143871171129949602482693874391703081019575405629931072089946290795670366114573600010712798597032294176255163750000000000000
y2(9,15)	1518677750472288875106224576810094495725955404550684736947834424547149876202122346180892404760040633218467531991174104765083969174891207977921701398488405113970457163412456134834356665804926943385240634023845929920460989792660820066294505602032669679882919739798179695002039257189592709/722232754821191975697605838772659415097866664729935048415394458286359305041425270428478786565329750925169191088878376152114310794178757000825049145721727097215963724546840622389974886775033147165233955886250119591885581889910146225283300613601617632588151876420614529726250000000000000
y2(14,15)	1448135830535329762139552082738886350618042967831999098275387334164703091521557472042714121129354285435063214504943517138120196073930259741142241326758644822177656017435050406488352257215674015191823501596254406844534572184817320771761666208263430665909535400871464465035185281218626191/722232754821191975697605838772659415097866664729935048415394458286359305041425270428478786565329750925169191088878376152114310794178757000825049145721727097215963724546840622389974886775033147165233955886250119591885581889910146225283300613601617632588151876420614529726250000000000000
y2(13,15)	30977802334080448788338768254309088675321236877099509438834418506705173596817006061554009806184376312583418329066806384805658374455690477119552918233766922806160757984270711733409574484614582512050110496030654071170550607710355639607711681761367604269375927933926536345140956984887111/15046515725441499493700121641097071147872222181873646841987384547632485521696359800593308053444369810941024814351632836502381474878724104183855190535869314525332577594725846299791143474479857232609040747630210824830949622706461379693402096116700367345586497425429469369296875000000000
y2(9,16)	144630118052793150115398865343129120091014264870822073929489329313106888514106531913766703966998544903309146667061372941264375551217827670309497014601291930147951249869851097840219164504242365642411318231674942776122437282592868028276536601508454535449505115017798192853422334979526839/72223275482119197569760583877265941509786666472993504841539445828635930504142527042847878656532975092516919108887837615211431079417875700082504914572172709721596372454684062238997488677503314716523395588625011959188558188991014622528330061360161763258815187642061452972625000000000000
y2(12,16)	1518677750472288875106224576810094495725955404550684736947834424547149876202122346180892404760040633218467531991174104765083969174891207977921701398488405113970457163412456134834356665804926943385240634023845929920460989792660820066294505602032669679882919739798179695002039257189592709/722232754821191975697605838772659415097866664729935048415394458286359305041425270428478786565329750925169191088878376152114310794178757000825049145721727097215963724546840622389974886775033147165233955886250119591885581889910146225283300613601617632588151876420614529726250000000000000
y2(14,16)	30977802334080448788338768254309088675321236877099509438834418506705173596817006061554009806184376312583418329066806384805658374455690477119552918233766922806160757984270711733409574484614582512050110496030654071170550607710355639607711681761367604269375927933926536345140956984887111/15046515725441499493700121641097071147872222181873646841987384547632485521696359800593308053444369810941024814351632836502381474878724104183855190535869314525332577594725846299791143474479857232609040747630210824830949622706461379693402096116700367345586497425429469369296875000000000
y2(12,17)	244253610135520909060558891225656920331812042375898395195776054600371844566351897264725004440897922264366062894104417013066849174128094391971774022029628578055023001620942435619307168240492792790157189033929756500485715551498438027427002274207014492001369292303782597479240330117912983/120372125803531995949600973128776569182977777454989174735899076381059884173570878404746464427554958487528198514813062692019051799029792833470841524286954516202660620757806770398329147795838857860872325981041686598647596981651691037547216768933602938764691979403435754954375000000000000
y2(7,17)	1518677750472288875106224576810094495725955404550684736947834424547149876202122346180892404760040633218467531991174104765083969174891207977921701398488405113970457163412456134834356665804926943385240634023845929920460989792660820066294505602032669679882919739798179695002039257189592709/722232754821191975697605838772659415097866664729935048415394458286359305041425270428478786565329750925169191088878376152114310794178757000825049145721727097215963724546840622389974886775033147165233955886250119591885581889910146225283300613601617632588151876420614529726250000000000000
y2(14,17)	144630118052793150115398865343129120091014264870822073929489329313106888514106531913766703966998544903309146667061372941264375551217827670309497014601291930147951249869851097840219164504242365642411318231674942776122437282592868028276536601508454535449505115017798192853422334979526839/72223275482119197569760583877265941509786666472993504841539445828635930504142527042847878656532975092516919108887837615211431079417875700082504914572172709721596372454684062238997488677503314716523395588625011959188558188991014622528330061360161763258815187642061452972625000000000000
y2(7,18)	242832172455423789302611768844871273314092349780335587335147912142915598224194059692213740253996238216487771891247200509302435306507267067726300608602580728403216074160358595735914015412399732753587663674108288074702451478012023151125634416800492595827309275057935911226559394928447431/120372125803531995949600973128776569182977777454989174735899076381059884173570878404746464427554958487528198514813062692019051799029792833470841524286954516202660620757806770398329147795838857860872325981041686598647596981651691037547216768933602938764691979403435754954375000000000000
y2(11,18)	1518677750472288875106224576810094495725955404550684736947834424547149876202122346180892404760040633218467531991174104765083969174891207977921701398488405113970457163412456134834356665804926943385240634023845929920460989792660820066294505602032669679882919739798179695002039257189592709/722232754821191975697605838772659415097866664729935048415394458286359305041425270428478786565329750925169191088878376152114310794178757000825049145721727097215963724546840622389974886775033147165233955886250119591885581889910146225283300613601617632588151876420614529726250000000000000
y2(14,18)	244253610135520909060558891225656920331812042375898395195776054600371844566351897264725004440897922264366062894104417013066849174128094391971774022029628578055023001620942435619307168240492792790157189033929756500485715551498438027427002274207014492001369292303782597479240330117912983/120372125803531995949600973128776569182977777454989174735899076381059884173570878404746464427554958487528198514813062692019051799029792833470841524286954516202660620757806770398329147795838857860872325981041686598647596981651691037547216768933602938764691979403435754954375000000000000
y2(13,19)	1518677750472288875106224576810094495725955404550684736947834424547149876202122346180892404760040633218467531991174104765083969174891207977921701398488405113970457163412456134834356665804926943385240634023845929920460989792660820066294505602032669679882919739798179695002039257189592709/722232754821191975697605838772659415097866664729935048415394458286359305041425270428478786565329750925169191088878376152114310794178757000825049145721727097215963724546840622389974886775033147165233955886250119591885581889910146225283300613601617632588151876420614529726250000000000000
y2(14,19)	242832172455423789302611768844871273314092349780335587335147912142915598224194059692213740253996238216487771891247200509302435306507267067726300608602580728403216074160358595735914015412399732753587663674108288074702451478012023151125634416800492595827309275057935911226559394928447431/120372125803531995949600973128776569182977777454989174735899076381059884173570878404746464427554958487528198514813062692019051799029792833470841524286954516202660620757806770398329147795838857860872325981041686598647596981651691037547216768933602938764691979403435754954375000000000000
y2(11,19)	1448135830535329762139552082738886350618042967831999098275387334164703091521557472042714121129354285435063214504943517138120196073930259741142241326758644822177656017435050406488352257215674015191823501596254406844534572184817320771761666208263430665909535400871464465035185281218626191/722232754821191975697605838772659415097866664729935048415394458286359305041425270428478786565329750925169191088878376152114310794178757000825049145721727097215963724546840622389974886775033147165233955886250119591885581889910146225283300613601617632588151876420614529726250000000000000
y2(3,20)	33746087709965902976856940735/16873043854982857618514447412
y2(2,20)	438416631074265704778598919631343868519968804108216616029826997091468402431451732086357235025648533270864362626028483471198124228169168218461189550202969196774562709058418983459577745117970977234759949211422184438735863510514298145985452042844584541285227519349672083852445442616648757/180558188705297993924401459693164853774466666182483762103848614571589826260356317607119696641332437731292297772219594038028577698544689250206262286430431774303990931136710155597493721693758286791308488971562529897971395472477536556320825153400404408147037969105153632431562500000000000
y2(6,20)	63851904552553731301031089973680869419903219215/26762088698266384473060342075631524464077424628
y3(3,0)	33746087709965902976856940735/16873043854982857618514447412
y3(6,0)	63851904552553731301031089973680869419903219215/26762088698266384473060342075631524464077424628
y3(7,0)	438416631074265704778598919631343868519968804108216616029826997091468402431451732086357235025648533270864362626028483471198124228169168218461189550202969196774562709058418983459577745117970977234759949211422184438735863510514298145985452042844584541285227519349672083852445442616648757/180558188705297993924401459693164853774466666182483762103848614571589826260356317607119696641332437731292297772219594038028577698544689250206262286430431774303990931136710155597493721693758286791308488971562529897971395472477536556320825153400404408147037969105153632431562500000000000
y3(4,0)	244253610135520909060558891225656920331812042375898395195776054600371844566351897264725004440897922264366062894104417013066849174128094391971774022029628578055023001620942435619307168240492792790157189033929756500485715551498438027427002274207014492001369292303782597479240330117912983/120372125803531995949600973128776569182977777454989174735899076381059884173570878404746464427554958487528198514813062692019051799029792833470841524286954516202660620757806770398329147795838857860872325981041686598647596981651691037547216768933602938764691979403435754954375000000000000
y3(0,1)	9662344313213439431973324222749042731134244217157972208280462089394446719903165639326228718784695833822830546818941710112365182021014423994204047837484547615580431436157218928811511897584436706236424608451445825828698144140867395353029179246317193755971345501825975414487314672328619/4782998376299284607268912839554035861575275925363808267651618929048737119479637552506482030233971860431584046946214411603406031749528192058444034077627331769642143871171129949602482693874391703081019575405629931072089946290795670366114573600010712798597032294176255163750000000000000
y3(5,1)	133575548748012136625585322762846692440884443575931254162532852184577249572959959724578163488816942824476799568184714878728993737937058389306813077074558299098485389797058900757560333335321918149900802863217822756072553108659886595812759949402484360457648942042260642169665251541304079/55556365755476305822892756828666108853682051133071926801184189098950715772417328494498368197333057763474553160682952011701100830321442846217311472747825161324304901888218509414613452828848703628094919683557701507068121683839242017329484662584739817891396298186201117671250000000000000
y3(9,1)	1453085079586562320632073387300438834681134538869784886810984866124431614847834694135894387985008607793985449199804115497488514096122510065830296567046920954747506741250396459478971450549004263665400997075485737248552334481007905135896679917475604367107205935661721529776903310722147429/722232754821191975697605838772659415097866664729935048415394458286359305041425270428478786565329750925169191088878376152114310794178757000825049145721727097215963724546840622389974886775033147165233955886250119591885581889910146225283300613601617632588151876420614529726250000000000000
y3(8,1)	30977802334080448788338768254309088675321236877099509438834418506705173596817006061554009806184376312583418329066806384805658374455690477119552918233766922806160757984270711733409574484614582512050110496030654071170550607710355639607711681761367604269375927933926536345140956984887111/15046515725441499493700121641097071147872222181873646841987384547632485521696359800593308053444369810941024814351632836502381474878724104183855190535869314525332577594725846299791143474479857232609040747630210824830949622706461379693402096116700367345586497425429469369296875000000000
y3(2,2)	438416631074265704778598919631343868519968804108216616029826997091468402431451732086357235025648533270864362626028483471198124228169168218461189550202969196774562709058418983459577745117970977234759949211422184438735863510514298145985452042844584541285227519349672083852445442616648757/180558188705297993924401459693164853774466666182483762103848614571589826260356317607119696641332437731292297772219594038028577698544689250206262286430431774303990931136710155597493721693758286791308488971562529897971395472477536556320825153400404408147037969105153632431562500000000000
y3(10,2)	33746087709965902976856940735/16873043854982857618514447412
y3(11,2)	122552794419398610111086202390059389236508378031716215535198177288660093492806710576488469770671224265009877208240475052774741971567440920339994184959656842614261329705575012391820801508059403370784083138331602104487419855977017461962704651881794510965103642993731278356216102461117081/60186062901765997974800486564388284591488888727494587367949538190529942086785439202373232213777479243764099257406531346009525899514896416735420762143477258101330310378903385199164573897919428930436162990520843299323798490825845518773608384466801469382345989701717877477187500000000000
y3(6,2)	242832172455423789302611768844871273314092349780335587335147912142915598224194059692213740253996238216487771891247200509302435306507267067726300608602580728403216074160358595735914015412399732753587663674108288074702451478012023151125634416800492595827309275057935911226559394928447431/120372125803531995949600973128776569182977777454989174735899076381059884173570878404746464427554958487528198514813062692019051799029792833470841524286954516202660620757806770398329147795838857860872325981041686598647596981651691037547216768933602938764691979403435754954375000000000000
y3(1,3)	133575548748012136625585322762846692440884443575931254162532852184577249572959959724578163488816942824476799568184714878728993737937058389306813077074558299098485389797058900757560333335321918149900802863217822756072553108659886595812759949402484360457648942042260642169665251541304079/55556365755476305822892756828666108853682051133071926801184189098950715772417328494498368197333057763474553160682952011701100830321442846217311472747825161324304901888218509414613452828848703628094919683557701507068121683839242017329484662584739817891396298186201117671250000000000000
y3(2,3)	1570511803461230288207058548521875860884493128757734879805397817369889436862162174896010541612675257726344497246945986150253145860329726555497578731439292796289539243767022287607532148864924718274349515249294437892914718868413825622905662985267352900939717315284075327478726729963046973/722232754821191975697605838772659415097866664729935048415394458286359305041425270428478786565329750925169191088878376152114310794178757000825049145721727097215963724546840622389974886775033147165233955886250119591885581889910146225283300613601617632588151876420614529726250000000000000
y3(3,3)	33746087709965902976856940735/16873043854982857618514447412
y3(0,3)	63851904552553731301031089973680869419903219215/26762088698266384473060342075631524464077424628
y3(3,4)	133575548748012136625585322762846692440884443575931254162532852184577249572959959724578163488816942824476799568184714878728993737937058389306813077074558299098485389797058900757560333335321918149900802863217822756072553108659886595812759949402484360457648942042260642169665251541304079/55556365755476305822892756828666108853682051133071926801184189098950715772417328494498368197333057763474553160682952011701100830321442846217311472747825161324304901888218509414613452828848703628094919683557701507068121683839242017329484662584739817891396298186201117671250000000000000
y3(4,4)	63851904552553731301031089973680869419903219215/26762088698266384473060342075631524464077424628
y3(5,4)	33746087709965902976856940735/16873043854982857618514447412
y3(0,4)	1453085079586562320632073387300438834681134538869784886810984866124431614847834694135894387985008607793985449199804115497488514096122510065830296567046920954747506741250396459478971450549004263665400997075485737248552334481007905135896679917475604367107205935661721529776903310722147429/722232754821191975697605838772659415097866664729935048415394458286359305041425270428478786565329750925169191088878376152114310794178757000825049145721727097215963724546840622389974886775033147165233955886250119591885581889910146225283300613601617632588151876420614529726250000000000000
y3(0,5)	1570511803461230288207058548521875860884493128757734879805397817369889436862162174896010541612675257726344497246945986150253145860329726555497578731439292796289539243767022287607532148864924718274349515249294437892914718868413825622905662985267352900939717315284075327478726729963046973/722232754821191975697605838772659415097866664729935048415394458286359305041425270428478786565329750925169191088878376152114310794178757000825049145721727097215963724546840622389974886775033147165233955886250119591885581889910146225283300613601617632588151876420614529726250000000000000
y3(8,5)	133575548748012136625585322762846692440884443575931254162532852184577249572959959724578163488816942824476799568184714878728993737937058389306813077074558299098485389797058900757560333335321918149900802863217822756072553108659886595812759949402484360457648942042260642169665251541304079/55556365755476305822892756828666108853682051133071926801184189098950715772417328494498368197333057763474553160682952011701100830321442846217311472747825161324304901888218509414613452828848703628094919683557701507068121683839242017329484662584739817891396298186201117671250000000000000
y3(1,5)	9662344313213439431973324222749042731134244217157972208280462089394446719903165639326228718784695833822830546818941710112365182021014423994204047837484547615580431436157218928811511897584436706236424608451445825828698144140867395353029179246317193755971345501825975414487314672328619/4782998376299284607268912839554035861575275925363808267651618929048737119479637552506482030233971860431584046946214411603406031749528192058444034077627331769642143871171129949602482693874391703081019575405629931072089946290795670366114573600010712798597032294176255163750000000000000
y3(2,6)	122552794419398610111086202390059389236508378031716215535198177288660093492806710576488469770671224265009877208240475052774741971567440920339994184959656842614261329705575012391820801508059403370784083138331602104487419855977017461962704651881794510965103642993731278356216102461117081/60186062901765997974800486564388284591488888727494587367949538190529942086785439202373232213777479243764099257406531346009525899514896416735420762143477258101330310378903385199164573897919428930436162990520843299323798490825845518773608384466801469382345989701717877477187500000000000
y3(1,6)	33746087709965902976856940735/16873043854982857618514447412
y3(10,6)	1570511803461230288207058548521875860884493128757734879805397817369889436862162174896010541612675257726344497246945986150253145860329726555497578731439292796289539243767022287607532148864924718274349515249294437892914718868413825622905662985267352900939717315284075327478726729963046973/722232754821191975697605838772659415097866664729935048415394458286359305041425270428478786565329750925169191088878376152114310794178757000825049145721727097215963724546840622389974886775033147165233955886250119591885581889910146225283300613601617632588151876420614529726250000000000000
y3(1,7)	122552794419398610111086202390059389236508378031716215535198177288660093492806710576488469770671224265009877208240475052774741971567440920339994184959656842614261329705575012391820801508059403370784083138331602104487419855977017461962704651881794510965103642993731278356216102461117081/60186062901765997974800486564388284591488888727494587367949538190529942086785439202373232213777479243764099257406531346009525899514896416735420762143477258101330310378903385199164573897919428930436162990520843299323798490825845518773608384466801469382345989701717877477187500000000000
y3(8,7)	1570511803461230288207058548521875860884493128757734879805397817369889436862162174896010541612675257726344497246945986150253145860329726555497578731439292796289539243767022287607532148864924718274349515249294437892914718868413825622905662985267352900939717315284075327478726729963046973/722232754821191975697605838772659415097866664729935048415394458286359305041425270428478786565329750925169191088878376152114310794178757000825049145721727097215963724546840622389974886775033147165233955886250119591885581889910146225283300613601617632588151876420614529726250000000000000
y3(10,7)	9662344313213439431973324222749042731134244217157972208280462089394446719903165639326228718784695833822830546818941710112365182021014423994204047837484547615580431436157218928811511897584436706236424608451445825828698144140867395353029179246317193755971345501825975414487314672328619/4782998376299284607268912839554035861575275925363808267651618929048737119479637552506482030233971860431584046946214411603406031749528192058444034077627331769642143871171129949602482693874391703081019575405629931072089946290795670366114573600010712798597032294176255163750000000000000
y3(6,8)	244253610135520909060558891225656920331812042375898395195776054600371844566351897264725004440897922264366062894104417013066849174128094391971774022029628578055023001620942435619307168240492792790157189033929756500485715551498438027427002274207014492001369292303782597479240330117912983/120372125803531995949600973128776569182977777454989174735899076381059884173570878404746464427554958487528198514813062692019051799029792833470841524286954516202660620757806770398329147795838857860872325981041686598647596981651691037547216768933602938764691979403435754954375000000000000
y3(11,8)	438416631074265704778598919631343868519968804108216616029826997091468402431451732086357235025648533270864362626028483471198124228169168218461189550202969196774562709058418983459577745117970977234759949211422184438735863510514298145985452042844584541285227519349672083852445442616648757/180558188705297993924401459693164853774466666182483762103848614571589826260356317607119696641332437731292297772219594038028577698544689250206262286430431774303990931136710155597493721693758286791308488971562529897971395472477536556320825153400404408147037969105153632431562500000000000
y3(7,8)	242832172455423789302611768844871273314092349780335587335147912142915598224194059692213740253996238216487771891247200509302435306507267067726300608602580728403216074160358595735914015412399732753587663674108288074702451478012023151125634416800492595827309275057935911226559394928447431/120372125803531995949600973128776569182977777454989174735899076381059884173570878404746464427554958487528198514813062692019051799029792833470841524286954516202660620757806770398329147795838857860872325981041686598647596981651691037547216768933602938764691979403435754954375000000000000
y3(5,9)	30977802334080448788338768254309088675321236877099509438834418506705173596817006061554009806184376312583418329066806384805658374455690477119552918233766922806160757984270711733409574484614582512050110496030654071170550607710355639607711681761367604269375927933926536345140956984887111/15046515725441499493700121641097071147872222181873646841987384547632485521696359800593308053444369810941024814351632836502381474878724104183855190535869314525332577594725846299791143474479857232609040747630210824830949622706461379693402096116700367345586497425429469369296875000000000
y3(12,9)	1453085079586562320632073387300438834681134538869784886810984866124431614847834694135894387985008607793985449199804115497488514096122510065830296567046920954747506741250396459478971450549004263665400997075485737248552334481007905135896679917475604367107205935661721529776903310722147429/722232754821191975697605838772659415097866664729935048415394458286359305041425270428478786565329750925169191088878376152114310794178757000825049145721727097215963724546840622389974886775033147165233955886250119591885581889910146225283300613601617632588151876420614529726250000000000000
y3(9,9)	144630118052793150115398865343129120091014264870822073929489329313106888514106531913766703966998544903309146667061372941264375551217827670309497014601291930147951249869851097840219164504242365642411318231674942776122437282592868028276536601508454535449505115017798192853422334979526839/72223275482119197569760583877265941509786666472993504841539445828635930504142527042847878656532975092516919108887837615211431079417875700082504914572172709721596372454684062238997488677503314716523395588625011959188558188991014622528330061360161763258815187642061452972625000000000000
y3(5,10)	144630118052793150115398865343129120091014264870822073929489329313106888514106531913766703966998544903309146667061372941264375551217827670309497014601291930147951249869851097840219164504242365642411318231674942776122437282592868028276536601508454535449505115017798192853422334979526839/72223275482119197569760583877265941509786666472993504841539445828635930504142527042847878656532975092516919108887837615211431079417875700082504914572172709721596372454684062238997488677503314716523395588625011959188558188991014622528330061360161763258815187642061452972625000000000000
y3(4,10)	1453085079586562320632073387300438834681134538869784886810984866124431614847834694135894387985008607793985449199804115497488514096122510065830296567046920954747506741250396459478971450549004263665400997075485737248552334481007905135896679917475604367107205935661721529776903310722147429/722232754821191975697605838772659415097866664729935048415394458286359305041425270428478786565329750925169191088878376152114310794178757000825049145721727097215963724546840622389974886775033147165233955886250119591885581889910146225283300613601617632588151876420614529726250000000000000
y3(12,10)	33746087709965902976856940735/16873043854982857618514447412
y3(4,11)	144630118052793150115398865343129120091014264870822073929489329313106888514106531913766703966998544903309146667061372941264375551217827670309497014601291930147951249869851097840219164504242365642411318231674942776122437282592868028276536601508454535449505115017798192853422334979526839/72223275482119197569760583877265941509786666472993504841539445828635930504142527042847878656532975092516919108887837615211431079417875700082504914572172709721596372454684062238997488677503314716523395588625011959188558188991014622528330061360161763258815187642061452972625000000000000
y3(7,11)	33746087709965902976856940735/16873043854982857618514447412
y3(12,11)	244253610135520909060558891225656920331812042375898395195776054600371844566351897264725004440897922264366062894104417013066849174128094391971774022029628578055023001620942435619307168240492792790157189033929756500485715551498438027427002274207014492001369292303782597479240330117912983/120372125803531995949600973128776569182977777454989174735899076381059884173570878404746464427554958487528198514813062692019051799029792833470841524286954516202660620757806770398329147795838857860872325981041686598647596981651691037547216768933602938764691979403435754954375000000000000
y3(10,12)	242832172455423789302611768844871273314092349780335587335147912142915598224194059692213740253996238216487771891247200509302435306507267067726300608602580728403216074160358595735914015412399732753587663674108288074702451478012023151125634416800492595827309275057935911226559394928447431/120372125803531995949600973128776569182977777454989174735899076381059884173570878404746464427554958487528198514813062692019051799029792833470841524286954516202660620757806770398329147795838857860872325981041686598647596981651691037547216768933602938764691979403435754954375000000000000
y3(13,12)	122552794419398610111086202390059389236508378031716215535198177288660093492806710576488469770671224265009877208240475052774741971567440920339994184959656842614261329705575012391820801508059403370784083138331602104487419855977017461962704651881794510965103642993731278356216102461117081/60186062901765997974800486564388284591488888727494587367949538190529942086785439202373232213777479243764099257406531346009525899514896416735420762143477258101330310378903385199164573897919428930436162990520843299323798490825845518773608384466801469382345989701717877477187500000000000
y3(11,12)	1448135830535329762139552082738886350618042967831999098275387334164703091521557472042714121129354285435063214504943517138120196073930259741142241326758644822177656017435050406488352257215674015191823501596254406844534572184817320771761666208263430665909535400871464465035185281218626191/722232754821191975697605838772659415097866664729935048415394458286359305041425270428478786565329750925169191088878376152114310794178757000825049145721727097215963724546840622389974886775033147165233955886250119591885581889910146225283300613601617632588151876420614529726250000000000000
y3(10,13)	1448135830535329762139552082738886350618042967831999098275387334164703091521557472042714121129354285435063214504943517138120196073930259741142241326758644822177656017435050406488352257215674015191823501596254406844534572184817320771761666208263430665909535400871464465035185281218626191/722232754821191975697605838772659415097866664729935048415394458286359305041425270428478786565329750925169191088878376152114310794178757000825049145721727097215963724546840622389974886775033147165233955886250119591885581889910146225283300613601617632588151876420614529726250000000000000
y3(8,13)	122552794419398610111086202390059389236508378031716215535198177288660093492806710576488469770671224265009877208240475052774741971567440920339994184959656842614261329705575012391820801508059403370784083138331602104487419855977017461962704651881794510965103642993731278356216102461117081/60186062901765997974800486564388284591488888727494587367949538190529942086785439202373232213777479243764099257406531346009525899514896416735420762143477258101330310378903385199164573897919428930436162990520843299323798490825845518773608384466801469382345989701717877477187500000000000
y3(13,13)	9662344313213439431973324222749042731134244217157972208280462089394446719903165639326228718784695833822830546818941710112365182021014423994204047837484547615580431436157218928811511897584436706236424608451445825828698144140867395353029179246317193755971345501825975414487314672328619/4782998376299284607268912839554035861575275925363808267651618929048737119479637552506482030233971860431584046946214411603406031749528192058444034077627331769642143871171129949602482693874391703081019575405629931072089946290795670366114573600010712798597032294176255163750000000000000
y3(8,14)	1448135830535329762139552082738886350618042967831999098275387334164703091521557472042714121129354285435063214504943517138120196073930259741142241326758644822177656017435050406488352257215674015191823501596254406844534572184817320771761666208263430665909535400871464465035185281218626191/722232754821191975697605838772659415097866664729935048415394458286359305041425270428478786565329750925169191088878376152114310794178757000825049145721727097215963724546840622389974886775033147165233955886250119591885581889910146225283300613601617632588151876420614529726250000000000000
y3(9,14)	9662344313213439431973324222749042731134244217157972208280462089394446719903165639326228718784695833822830546818941710112365182021014423994204047837484547615580431436157218928811511897584436706236424608451445825828698144140867395353029179246317193755971345501825975414487314672328619/4782998376299284607268912839554035861575275925363808267651618929048737119479637552506482030233971860431584046946214411603406031749528192058444034077627331769642143871171129949602482693874391703081019575405629931072089946290795670366114573600010712798597032294176255163750000000000000
y3(13,14)	30977802334080448788338768254309088675321236877099509438834418506705173596817006061554009806184376312583418329066806384805658374455690477119552918233766922806160757984270711733409574484614582512050110496030654071170550607710355639607711681761367604269375927933926536345140956984887111/15046515725441499493700121641097071147872222181873646841987384547632485521696359800593308053444369810941024814351632836502381474878724104183855190535869314525332577594725846299791143474479857232609040747630210824830949622706461379693402096116700367345586497425429469369296875000000000
y3(9,15)	1448135830535329762139552082738886350618042967831999098275387334164703091521557472042714121129354285435063214504943517138120196073930259741142241326758644822177656017435050406488352257215674015191823501596254406844534572184817320771761666208263430665909535400871464465035185281218626191/722232754821191975697605838772659415097866664729935048415394458286359305041425270428478786565329750925169191088878376152114310794178757000825049145721727097215963724546840622389974886775033147165233955886250119591885581889910146225283300613601617632588151876420614529726250000000000000
y3(14,15)	30977802334080448788338768254309088675321236877099509438834418506705173596817006061554009806184376312583418329066806384805658374455690477119552918233766922806160757984270711733409574484614582512050110496030654071170550607710355639607711681761367604269375927933926536345140956984887111/15046515725441499493700121641097071147872222181873646841987384547632485521696359800593308053444369810941024814351632836502381474878724104183855190535869314525332577594725846299791143474479857232609040747630210824830949622706461379693402096116700367345586497425429469369296875000000000
y3(13,15)	1518677750472288875106224576810094495725955404550684736947834424547149876202122346180892404760040633218467531991174104765083969174891207977921701398488405113970457163412456134834356665804926943385240634023845929920460989792660820066294505602032669679882919739798179695002039257189592709/722232754821191975697605838772659415097866664729935048415394458286359305041425270428478786565329750925169191088878376152114310794178757000825049145721727097215963724546840622389974886775033147165233955886250119591885581889910146225283300613601617632588151876420614529726250000000000000
y3(9,16)	1518677750472288875106224576810094495725955404550684736947834424547149876202122346180892404760040633218467531991174104765083969174891207977921701398488405113970457163412456134834356665804926943385240634023845929920460989792660820066294505602032669679882919739798179695002039257189592709/722232754821191975697605838772659415097866664729935048415394458286359305041425270428478786565329750925169191088878376152114310794178757000825049145721727097215963724546840622389974886775033147165233955886250119591885581889910146225283300613601617632588151876420614529726250000000000000
y3(12,16)	30977802334080448788338768254309088675321236877099509438834418506705173596817006061554009806184376312583418329066806384805658374455690477119552918233766922806160757984270711733409574484614582512050110496030654071170550607710355639607711681761367604269375927933926536345140956984887111/15046515725441499493700121641097071147872222181873646841987384547632485521696359800593308053444369810941024814351632836502381474878724104183855190535869314525332577594725846299791143474479857232609040747630210824830949622706461379693402096116700367345586497425429469369296875000000000
y3(14,16)	144630118052793150115398865343129120091014264870822073929489329313106888514106531913766703966998544903309146667061372941264375551217827670309497014601291930147951249869851097840219164504242365642411318231674942776122437282592868028276536601508454535449505115017798192853422334979526839/72223275482119197569760583877265941509786666472993504841539445828635930504142527042847878656532975092516919108887837615211431079417875700082504914572172709721596372454684062238997488677503314716523395588625011959188558188991014622528330061360161763258815187642061452972625000000000000
y3(12,17)	1518677750472288875106224576810094495725955404550684736947834424547149876202122346180892404760040633218467531991174104765083969174891207977921701398488405113970457163412456134834356665804926943385240634023845929920460989792660820066294505602032669679882919739798179695002039257189592709/722232754821191975697605838772659415097866664729935048415394458286359305041425270428478786565329750925169191088878376152114310794178757000825049145721727097215963724546840622389974886775033147165233955886250119591885581889910146225283300613601617632588151876420614529726250000000000000
y3(7,17)	144630118052793150115398865343129120091014264870822073929489329313106888514106531913766703966998544903309146667061372941264375551217827670309497014601291930147951249869851097840219164504242365642411318231674942776122437282592868028276536601508454535449505115017798192853422334979526839/72223275482119197569760583877265941509786666472993504841539445828635930504142527042847878656532975092516919108887837615211431079417875700082504914572172709721596372454684062238997488677503314716523395588625011959188558188991014622528330061360161763258815187642061452972625000000000000
y3(14,17)	244253610135520909060558891225656920331812042375898395195776054600371844566351897264725004440897922264366062894104417013066849174128094391971774022029628578055023001620942435619307168240492792790157189033929756500485715551498438027427002274207014492001369292303782597479240330117912983/120372125803531995949600973128776569182977777454989174735899076381059884173570878404746464427554958487528198514813062692019051799029792833470841524286954516202660620757806770398329147795838857860872325981041686598647596981651691037547216768933602938764691979403435754954375000000000000
y3(7,18)	1518677750472288875106224576810094495725955404550684736947834424547149876202122346180892404760040633218467531991174104765083969174891207977921701398488405113970457163412456134834356665804926943385240634023845929920460989792660820066294505602032669679882919739798179695002039257189592709/722232754821191975697605838772659415097866664729935048415394458286359305041425270428478786565329750925169191088878376152114310794178757000825049145721727097215963724546840622389974886775033147165233955886250119591885581889910146225283300613601617632588151876420614529726250000000000000
y3(11,18)	244253610135520909060558891225656920331812042375898395195776054600371844566351897264725004440897922264366062894104417013066849174128094391971774022029628578055023001620942435619307168240492792790157189033929756500485715551498438027427002274207014492001369292303782597479240330117912983/120372125803531995949600973128776569182977777454989174735899076381059884173570878404746464427554958487528198514813062692019051799029792833470841524286954516202660620757806770398329147795838857860872325981041686598647596981651691037547216768933602938764691979403435754954375000000000000
y3(14,18)	242832172455423789302611768844871273314092349780335587335147912142915598224194059692213740253996238216487771891247200509302435306507267067726300608602580728403216074160358595735914015412399732753587663674108288074702451478012023151125634416800492595827309275057935911226559394928447431/120372125803531995949600973128776569182977777454989174735899076381059884173570878404746464427554958487528198514813062692019051799029792833470841524286954516202660620757806770398329147795838857860872325981041686598647596981651691037547216768933602938764691979403435754954375000000000000
y3(13,19)	242832172455423789302611768844871273314092349780335587335147912142915598224194059692213740253996238216487771891247200509302435306507267067726300608602580728403216074160358595735914015412399732753587663674108288074702451478012023151125634416800492595827309275057935911226559394928447431/120372125803531995949600973128776569182977777454989174735899076381059884173570878404746464427554958487528198514813062692019051799029792833470841524286954516202660620757806770398329147795838857860872325981041686598647596981651691037547216768933602938764691979403435754954375000000000000
y3(14,19)	1448135830535329762139552082738886350618042967831999098275387334164703091521557472042714121129354285435063214504943517138120196073930259741142241326758644822177656017435050406488352257215674015191823501596254406844534572184817320771761666208263430665909535400871464465035185281218626191/722232754821191975697605838772659415097866664729935048415394458286359305041425270428478786565329750925169191088878376152114310794178757000825049145721727097215963724546840622389974886775033147165233955886250119591885581889910146225283300613601617632588151876420614529726250000000000000
y3(11,19)	1518677750472288875106224576810094495725955404550684736947834424547149876202122346180892404760040633218467531991174104765083969174891207977921701398488405113970457163412456134834356665804926943385240634023845929920460989792660820066294505602032669679882919739798179695002039257189592709/722232754821191975697605838772659415097866664729935048415394458286359305041425270428478786565329750925169191088878376152114310794178757000825049145721727097215963724546840622389974886775033147165233955886250119591885581889910146225283300613601617632588151876420614529726250000000000000
y3(3,20)	438416631074265704778598919631343868519968804108216616029826997091468402431451732086357235025648533270864362626028483471198124228169168218461189550202969196774562709058418983459577745117970977234759949211422184438735863510514298145985452042844584541285227519349672083852445442616648757/180558188705297993924401459693164853774466666182483762103848614571589826260356317607119696641332437731292297772219594038028577698544689250206262286430431774303990931136710155597493721693758286791308488971562529897971395472477536556320825153400404408147037969105153632431562500000000000
y3(2,20)	63851904552553731301031089973680869419903219215/26762088698266384473060342075631524464077424628
y3(6,20)	33746087709965902976856940735/16873043854982857618514447412
y4(0,5)	2
y4(8,5)	2
y4(1,5)	2
y4(2,6)	2
y4(1,6)	320152753909453571774089643962196648939668424510094308473648375524812883545321177791634453945290640844118307079267048591078522570032318823094248862092936329235659458490530893648657858262718282454214659622332146958553621330732559375369058718920107774134581810663125972491975109295762451/144446550964238395139521167754531883019573332945987009683078891657271861008285054085695757313065950185033838217775675230422862158835751400165009829144345419443192744909368124477994977355006629433046791177250023918377116377982029245056660122720323526517630375284122905945250000000000000
y4(10,6)	2
y4(1,7)	1513972176083708904963489895074754277822561514379421787897344519963111436478301620390513796948719497572110912095086421769246151191792429463998168186528143567410684346124816075455286335085408809536182662475683818373145969595077773380404165614005154211786695730165350222549220228402564111/722232754821191975697605838772659415097866664729935048415394458286359305041425270428478786565329750925169191088878376152114310794178757000825049145721727097215963724546840622389974886775033147165233955886250119591885581889910146225283300613601617632588151876420614529726250000000000000
y4(8,7)	2
y4(10,7)	2
y4(6,8)	487538367281866656066797304702085871885107967408540660038887275240293689009442439878931399531856029561852601272719867317187526205067401469338164474716822975557209324382399843322013188464153323160506080087549046041956610619446164231409662538248901985808494385326143734480926640993336031/240744251607063991899201946257553138365955554909978349471798152762119768347141756809492928855109916975056397029626125384038103598059585666941683048573909032405321241515613540796658295591677715721744651962083373197295193963303382075094433537867205877529383958806871509908750000000000000
y4(11,8)	250/125
y4(7,8)	2
y4(5,9)	489098150964258728498658812230764687003364758834772279334245287968194310446254969750510324654601599719919943762272675349599717168242775034372284367157913727423321764686297352347615365952494771570056455699998461460943086550160743538359662635052721675965865964889412354933995869630859733/240744251607063991899201946257553138365955554909978349471798152762119768347141756809492928855109916975056397029626125384038103598059585666941683048573909032405321241515613540796658295591677715721744651962083373197295193963303382075094433537867205877529383958806871509908750000000000000
y4(12,9)	258043674979003088347521011049638051550482581318209656713996343947836516201992235103721268470899445134780188311596197281997671076599232613137012345526831459130227455832351626085360396107988877859521511405660228316918560069869917771545481109569151721804508184857824281880841856500011197/120372125803531995949600973128776569182977777454989174735899076381059884173570878404746464427554958487528198514813062692019051799029792833470841524286954516202660620757806770398329147795838857860872325981041686598647596981651691037547216768933602938764691979403435754954375000000000000
y4(9,9)	2
y4(5,10)	2
y4(4,10)	2
y4(12,10)	2
y4(4,11)	489195561313518311500014245409887046103848929706645739085551115041355794699124421523802118121886295834099519572745964424187584478019002582656167308448368959322729341064814640481940963756042335506292772372911091802873938753385054567756317476910632319937269257504955568570072357982574763/240744251607063991899201946257553138365955554909978349471798152762119768347141756809492928855109916975056397029626125384038103598059585666941683048573909032405321241515613540796658295591677715721744651962083373197295193963303382075094433537867205877529383958806871509908750000000000000
y4(7,11)	2
y4(12,11)	1600693598657141895160805216807998317508477809592735929466760244888293908679402117559895485109682575424591412421820200381870117115709282163009027895423362034326228128541194622709673130970614013086183727900413481070417974400118200754228592241352620704989609562450091359265914542793123/779107610378847870223954518632858052964257459255593363986401788874174007595928015564702035129805556553580572911411409009832050479157235168096061645870255768302010490341791394163942704180186782271018291139428392224256291143376641019723085883065391189415482067336153753750000000000000
y4(10,12)	2
y4(13,12)	757455948146072917022956358530473301352826229318942196895896292501865468199898995195250536260085789409899027202769557106436837754913009716733369986961902734591912855168329679607972423904944554691676476191772268052646146578805292229470858496171588967237321490057588416718201470427262997/361116377410595987848802919386329707548933332364967524207697229143179652520712635214239393282664875462584595544439188076057155397089378500412524572860863548607981862273420311194987443387516573582616977943125059795942790944955073112641650306800808816294075938210307264863125000000000000
y4(11,12)	1446105292733049718866672047962197243380092056594450292196804958425870178509082810018728491734825183839377555598035576834053284372277652530458888980343943440077053708676768675649949778278634736919025330145952077578952714173095980181600432749400944490404614554617537088410405935742796029/722232754821191975697605838772659415097866664729935048415394458286359305041425270428478786565329750925169191088878376152114310794178757000825049145721727097215963724546840622389974886775033147165233955886250119591885581889910146225283300613601617632588151876420614529726250000000000000
y4(10,13)	2
y4(8,13)	1446105292733049718866672047962197243380092056594450292196804958425870178509082810018728491734825183839377555598035576834053284372277652530458888980343943440077053708676768675649949778278634736919025330145952077578952714173095980181600432749400944490404614554617537088410405935742796029/722232754821191975697605838772659415097866664729935048415394458286359305041425270428478786565329750925169191088878376152114310794178757000825049145721727097215963724546840622389974886775033147165233955886250119591885581889910146225283300613601617632588151876420614529726250000000000000
y4(13,13)	1513972176083708904963489895074754277822561514379421787897344519963111436478301620390513796948719497572110912095086421769246151191792429463998168186528143567410684346124816075455286335085408809536182662475683818373145969595077773380404165614005154211786695730165350222549220228402564111/722232754821191975697605838772659415097866664729935048415394458286359305041425270428478786565329750925169191088878376152114310794178757000825049145721727097215963724546840622389974886775033147165233955886250119591885581889910146225283300613601617632588151876420614529726250000000000000
y4(8,14)	490372861404317919606869337747847968543615127010916460685602537921985508842666590185743924752901209852556947829474782450148292851601371922359378334841339488648129416457813622454467600353756505506673165414104176673370919148861337452404450785069617404054432111047852409809061248453492511/240744251607063991899201946257553138365955554909978349471798152762119768347141756809492928855109916975056397029626125384038103598059585666941683048573909032405321241515613540796658295591677715721744651962083373197295193963303382075094433537867205877529383958806871509908750000000000000
y4(9,14)	2
y4(13,14)	513609318943796816515183647332086591977802008389062215518381284360245487032263081843131502836308030128501007611687419772392334549182180014688449115414279201236293228468104921183903326088087999535594095009892072975409031209442096556267892097022572076194462044558096849756461941327220669/240744251607063991899201946257553138365955554909978349471798152762119768347141756809492928855109916975056397029626125384038103598059585666941683048573909032405321241515613540796658295591677715721744651962083373197295193963303382075094433537867205877529383958806871509908750000000000000
y4(9,15)	2
y4(14,15)	490372861404317919606869337747847968543615127010916460685602537921985508842666590185743924752901209852556947829474782450148292851601371922359378334841339488648129416457813622454467600353756505506673165414104176673370919148861337452404450785069617404054432111047852409809061248453492511/240744251607063991899201946257553138365955554909978349471798152762119768347141756809492928855109916975056397029626125384038103598059585666941683048573909032405321241515613540796658295591677715721744651962083373197295193963303382075094433537867205877529383958806871509908750000000000000
y4(13,15)	252960376019266208433044018404552715300412218902978336750890133847604864528148549170676633866263684888768885883900022254264525116845354364437665710640427576030256796694218164599536093409558599701247495647082127055672807910829208131803352719816700066084325052077777039756394761694770317/120372125803531995949600973128776569182977777454989174735899076381059884173570878404746464427554958487528198514813062692019051799029792833470841524286954516202660620757806770398329147795838857860872325981041686598647596981651691037547216768933602938764691979403435754954375000000000000
y4(9,16)	2
y4(12,16)	252960376019266208433044018404552715300412218902978336750890133847604864528148549170676633866263684888768885883900022254264525116845354364437665710640427576030256796694218164599536093409558599701247495647082127055672807910829208131803352719816700066084325052077777039756394761694770317/120372125803531995949600973128776569182977777454989174735899076381059884173570878404746464427554958487528198514813062692019051799029792833470841524286954516202660620757806770398329147795838857860872325981041686598647596981651691037547216768933602938764691979403435754954375000000000000
y4(14,16)	489098150964258728498658812230764687003364758834772279334245287968194310446254969750510324654601599719919943762272675349599717168242775034372284367157913727423321764686297352347615365952494771570056455699998461460943086550160743538359662635052721675965865964889412354933995869630859733/240744251607063991899201946257553138365955554909978349471798152762119768347141756809492928855109916975056397029626125384038103598059585666941683048573909032405321241515613540796658295591677715721744651962083373197295193963303382075094433537867205877529383958806871509908750000000000000
y4(12,17)	1677471269751244598349775512331702066390736760207511416647461871100133810510715707723263850473380912883675512746064858154455953388489084401553912147055063911176845445770375212178492848823474391667192708373231795656590805458363333862879104482935020607297694004307853645221041667229233/835917540302305527427784535616503952659567898992980380110410252646249195649797766699628225191353878385612489686201824250132304159929116899103066140881628584740698755262547016655063526359992068478280041535011712490608312372581187760744560895372242630310360968079414964960937500000000
y4(7,17)	2
y4(14,17)	489195561313518311500014245409887046103848929706645739085551115041355794699124421523802118121886295834099519572745964424187584478019002582656167308448368959322729341064814640481940963756042335506292772372911091802873938753385054567756317476910632319937269257504955568570072357982574763/240744251607063991899201946257553138365955554909978349471798152762119768347141756809492928855109916975056397029626125384038103598059585666941683048573909032405321241515613540796658295591677715721744651962083373197295193963303382075094433537867205877529383958806871509908750000000000000
y4(7,18)	2
y4(11,18)	1677471269751244598349775512331702066390736760207511416647461871100133810510715707723263850473380912883675512746064858154455953388489084401553912147055063911176845445770375212178492848823474391667192708373231795656590805458363333862879104482935020607297694004307853645221041667229233/835917540302305527427784535616503952659567898992980380110410252646249195649797766699628225191353878385612489686201824250132304159929116899103066140881628584740698755262547016655063526359992068478280041535011712490608312372581187760744560895372242630310360968079414964960937500000000
y4(14,18)	487538367281866656066797304702085871885107967408540660038887275240293689009442439878931399531856029561852601272719867317187526205067401469338164474716822975557209324382399843322013188464153323160506080087549046041956610619446164231409662538248901985808494385326143734480926640993336031/240744251607063991899201946257553138365955554909978349471798152762119768347141756809492928855109916975056397029626125384038103598059585666941683048573909032405321241515613540796658295591677715721744651962083373197295193963303382075094433537867205877529383958806871509908750000000000000
y4(13,19)	2
y4(14,19)	2
y4(11,19)	2
y4(3,20)	2
y4(2,20)	2
y4(6,20)	2
y5(3,0)	252/100
y5(6,0)	2
y5(7,0)	2
y5(4,0)	1600693598657141895160805216807998317508477809592735929466760244888293908679402117559895485109682575424591412421820200381870117115709282163009027895423362034326228128541194622709673130970614013086183727900413481070417974400118200754228592241352620704989609562450091359265914542793123/779107610378847870223954518632858052964257459255593363986401788874174007595928015564702035129805556553580572911411409009832050479157235168096061645870255768302010490341791394163942704180186782271018291139428392224256291143376641019723085883065391189415482067336153753750000000000000
y5(0,1)	2
y5(5,1)	252/100
y5(9,1)	258043674979003088347521011049638051550482581318209656713996343947836516201992235103721268470899445134780188311596197281997671076599232613137012345526831459130227455832351626085360396107988877859521511405660228316918560069869917771545481109569151721804508184857824281880841856500011197/120372125803531995949600973128776569182977777454989174735899076381059884173570878404746464427554958487528198514813062692019051799029792833470841524286954516202660620757806770398329147795838857860872325981041686598647596981651691037547216768933602938764691979403435754954375000000000000
y5(8,1)	513609318943796816515183647332086591977802008389062215518381284360245487032263081843131502836308030128501007611687419772392334549182180014688449115414279201236293228468104921183903326088087999535594095009892072975409031209442096556267892097022572076194462044558096849756461941327220669/240744251607063991899201946257553138365955554909978349471798152762119768347141756809492928855109916975056397029626125384038103598059585666941683048573909032405321241515613540796658295591677715721744651962083373197295193963303382075094433537867205877529383958806871509908750000000000000
y5(2,2)	2
y5(10,2)	320152753909453571774089643962196648939668424510094308473648375524812883545321177791634453945290640844118307079267048591078522570032318823094248862092936329235659458490530893648657858262718282454214659622332146958553621330732559375369058718920107774134581810663125972491975109295762451/144446550964238395139521167754531883019573332945987009683078891657271861008285054085695757313065950185033838217775675230422862158835751400165009829144345419443192744909368124477994977355006629433046791177250023918377116377982029245056660122720323526517630375284122905945250000000000000
y5(11,2)	757455948146072917022956358530473301352826229318942196895896292501865468199898995195250536260085789409899027202769557106436837754913009716733369986961902734591912855168329679607972423904944554691676476191772268052646146578805292229470858496171588967237321490057588416718201470427262997/361116377410595987848802919386329707548933332364967524207697229143179652520712635214239393282664875462584595544439188076057155397089378500412524572860863548607981862273420311194987443387516573582616977943125059795942790944955073112641650306800808816294075938210307264863125000000000000
y5(6,2)	2
y5(1,3)	2
y5(2,3)	2
y5(3,3)	2
y5(0,3)	252/100
y5(3,4)	252/100
y5(4,4)	252/100
y5(5,4)	2
y5(0,4)	252/100
y5(0,5)	2
y5(8,5)	2
y5(1,5)	2
y5(2,6)	320152753909453571774089643962196648939668424510094308473648375524812883545321177791634453945290640844118307079267048591078522570032318823094248862092936329235659458490530893648657858262718282454214659622332146958553621330732559375369058718920107774134581810663125972491975109295762451/144446550964238395139521167754531883019573332945987009683078891657271861008285054085695757313065950185033838217775675230422862158835751400165009829144345419443192744909368124477994977355006629433046791177250023918377116377982029245056660122720323526517630375284122905945250000000000000
y5(1,6)	2
y5(10,6)	2
y5(1,7)	2
y5(8,7)	2
y5(10,7)	1513972176083708904963489895074754277822561514379421787897344519963111436478301620390513796948719497572110912095086421769246151191792429463998168186528143567410684346124816075455286335085408809536182662475683818373145969595077773380404165614005154211786695730165350222549220228402564111/722232754821191975697605838772659415097866664729935048415394458286359305041425270428478786565329750925169191088878376152114310794178757000825049145721727097215963724546840622389974886775033147165233955886250119591885581889910146225283300613601617632588151876420614529726250000000000000
y5(6,8)	2
y5(11,8)	2
y5(7,8)	487538367281866656066797304702085871885107967408540660038887275240293689009442439878931399531856029561852601272719867317187526205067401469338164474716822975557209324382399843322013188464153323160506080087549046041956610619446164231409662538248901985808494385326143734480926640993336031/240744251607063991899201946257553138365955554909978349471798152762119768347141756809492928855109916975056397029626125384038103598059585666941683048573909032405321241515613540796658295591677715721744651962083373197295193963303382075094433537867205877529383958806871509908750000000000000
y5(5,9)	258043674979003088347521011049638051550482581318209656713996343947836516201992235103721268470899445134780188311596197281997671076599232613137012345526831459130227455832351626085360396107988877859521511405660228316918560069869917771545481109569151721804508184857824281880841856500011197/120372125803531995949600973128776569182977777454989174735899076381059884173570878404746464427554958487528198514813062692019051799029792833470841524286954516202660620757806770398329147795838857860872325981041686598647596981651691037547216768933602938764691979403435754954375000000000000
y5(12,9)	2
y5(9,9)	489098150964258728498658812230764687003364758834772279334245287968194310446254969750510324654601599719919943762272675349599717168242775034372284367157913727423321764686297352347615365952494771570056455699998461460943086550160743538359662635052721675965865964889412354933995869630859733/240744251607063991899201946257553138365955554909978349471798152762119768347141756809492928855109916975056397029626125384038103598059585666941683048573909032405321241515613540796658295591677715721744651962083373197295193963303382075094433537867205877529383958806871509908750000000000000
y5(5,10)	2
y5(4,10)	2
y5(12,10)	2
y5(4,11)	2
y5(7,11)	1600693598657141895160805216807998317508477809592735929466760244888293908679402117559895485109682575424591412421820200381870117115709282163009027895423362034326228128541194622709673130970614013086183727900413481070417974400118200754228592241352620704989609562450091359265914542793123/779107610378847870223954518632858052964257459255593363986401788874174007595928015564702035129805556553580572911411409009832050479157235168096061645870255768302010490341791394163942704180186782271018291139428392224256291143376641019723085883065391189415482067336153753750000000000000
y5(12,11)	489195561313518311500014245409887046103848929706645739085551115041355794699124421523802118121886295834099519572745964424187584478019002582656167308448368959322729341064814640481940963756042335506292772372911091802873938753385054567756317476910632319937269257504955568570072357982574763/240744251607063991899201946257553138365955554909978349471798152762119768347141756809492928855109916975056397029626125384038103598059585666941683048573909032405321241515613540796658295591677715721744651962083373197295193963303382075094433537867205877529383958806871509908750000000000000
y5(10,12)	757455948146072917022956358530473301352826229318942196895896292501865468199898995195250536260085789409899027202769557106436837754913009716733369986961902734591912855168329679607972423904944554691676476191772268052646146578805292229470858496171588967237321490057588416718201470427262997/361116377410595987848802919386329707548933332364967524207697229143179652520712635214239393282664875462584595544439188076057155397089378500412524572860863548607981862273420311194987443387516573582616977943125059795942790944955073112641650306800808816294075938210307264863125000000000000
y5(13,12)	1446105292733049718866672047962197243380092056594450292196804958425870178509082810018728491734825183839377555598035576834053284372277652530458888980343943440077053708676768675649949778278634736919025330145952077578952714173095980181600432749400944490404614554617537088410405935742796029/722232754821191975697605838772659415097866664729935048415394458286359305041425270428478786565329750925169191088878376152114310794178757000825049145721727097215963724546840622389974886775033147165233955886250119591885581889910146225283300613601617632588151876420614529726250000000000000
y5(11,12)	2
y5(10,13)	1446105292733049718866672047962197243380092056594450292196804958425870178509082810018728491734825183839377555598035576834053284372277652530458888980343943440077053708676768675649949778278634736919025330145952077578952714173095980181600432749400944490404614554617537088410405935742796029/722232754821191975697605838772659415097866664729935048415394458286359305041425270428478786565329750925169191088878376152114310794178757000825049145721727097215963724546840622389974886775033147165233955886250119591885581889910146225283300613601617632588151876420614529726250000000000000
y5(8,13)	1513972176083708904963489895074754277822561514379421787897344519963111436478301620390513796948719497572110912095086421769246151191792429463998168186528143567410684346124816075455286335085408809536182662475683818373145969595077773380404165614005154211786695730165350222549220228402564111/722232754821191975697605838772659415097866664729935048415394458286359305041425270428478786565329750925169191088878376152114310794178757000825049145721727097215963724546840622389974886775033147165233955886250119591885581889910146225283300613601617632588151876420614529726250000000000000
y5(13,13)	2
y5(8,14)	2
y5(9,14)	513609318943796816515183647332086591977802008389062215518381284360245487032263081843131502836308030128501007611687419772392334549182180014688449115414279201236293228468104921183903326088087999535594095009892072975409031209442096556267892097022572076194462044558096849756461941327220669/240744251607063991899201946257553138365955554909978349471798152762119768347141756809492928855109916975056397029626125384038103598059585666941683048573909032405321241515613540796658295591677715721744651962083373197295193963303382075094433537867205877529383958806871509908750000000000000
y5(13,14)	490372861404317919606869337747847968543615127010916460685602537921985508842666590185743924752901209852556947829474782450148292851601371922359378334841339488648129416457813622454467600353756505506673165414104176673370919148861337452404450785069617404054432111047852409809061248453492511/240744251607063991899201946257553138365955554909978349471798152762119768347141756809492928855109916975056397029626125384038103598059585666941683048573909032405321241515613540796658295591677715721744651962083373197295193963303382075094433537867205877529383958806871509908750000000000000
y5(9,15)	490372861404317919606869337747847968543615127010916460685602537921985508842666590185743924752901209852556947829474782450148292851601371922359378334841339488648129416457813622454467600353756505506673165414104176673370919148861337452404450785069617404054432111047852409809061248453492511/240744251607063991899201946257553138365955554909978349471798152762119768347141756809492928855109916975056397029626125384038103598059585666941683048573909032405321241515613540796658295591677715721744651962083373197295193963303382075094433537867205877529383958806871509908750000000000000
y5(14,15)	252960376019266208433044018404552715300412218902978336750890133847604864528148549170676633866263684888768885883900022254264525116845354364437665710640427576030256796694218164599536093409558599701247495647082127055672807910829208131803352719816700066084325052077777039756394761694770317/120372125803531995949600973128776569182977777454989174735899076381059884173570878404746464427554958487528198514813062692019051799029792833470841524286954516202660620757806770398329147795838857860872325981041686598647596981651691037547216768933602938764691979403435754954375000000000000
y5(13,15)	2
y5(9,16)	252960376019266208433044018404552715300412218902978336750890133847604864528148549170676633866263684888768885883900022254264525116845354364437665710640427576030256796694218164599536093409558599701247495647082127055672807910829208131803352719816700066084325052077777039756394761694770317/120372125803531995949600973128776569182977777454989174735899076381059884173570878404746464427554958487528198514813062692019051799029792833470841524286954516202660620757806770398329147795838857860872325981041686598647596981651691037547216768933602938764691979403435754954375000000000000
y5(12,16)	489098150964258728498658812230764687003364758834772279334245287968194310446254969750510324654601599719919943762272675349599717168242775034372284367157913727423321764686297352347615365952494771570056455699998461460943086550160743538359662635052721675965865964889412354933995869630859733/240744251607063991899201946257553138365955554909978349471798152762119768347141756809492928855109916975056397029626125384038103598059585666941683048573909032405321241515613540796658295591677715721744651962083373197295193963303382075094433537867205877529383958806871509908750000000000000
y5(14,16)	2
y5(12,17)	2
y5(7,17)	489195561313518311500014245409887046103848929706645739085551115041355794699124421523802118121886295834099519572745964424187584478019002582656167308448368959322729341064814640481940963756042335506292772372911091802873938753385054567756317476910632319937269257504955568570072357982574763/240744251607063991899201946257553138365955554909978349471798152762119768347141756809492928855109916975056397029626125384038103598059585666941683048573909032405321241515613540796658295591677715721744651962083373197295193963303382075094433537867205877529383958806871509908750000000000000
y5(14,17)	1677471269751244598349775512331702066390736760207511416647461871100133810510715707723263850473380912883675512746064858154455953388489084401553912147055063911176845445770375212178492848823474391667192708373231795656590805458363333862879104482935020607297694004307853645221041667229233/835917540302305527427784535616503952659567898992980380110410252646249195649797766699628225191353878385612489686201824250132304159929116899103066140881628584740698755262547016655063526359992068478280041535011712490608312372581187760744560895372242630310360968079414964960937500000000
y5(7,18)	1677471269751244598349775512331702066390736760207511416647461871100133810510715707723263850473380912883675512746064858154455953388489084401553912147055063911176845445770375212178492848823474391667192708373231795656590805458363333862879104482935020607297694004307853645221041667229233/835917540302305527427784535616503952659567898992980380110410252646249195649797766699628225191353878385612489686201824250132304159929116899103066140881628584740698755262547016655063526359992068478280041535011712490608312372581187760744560895372242630310360968079414964960937500000000
y5(11,18)	487538367281866656066797304702085871885107967408540660038887275240293689009442439878931399531856029561852601272719867317187526205067401469338164474716822975557209324382399843322013188464153323160506080087549046041956610619446164231409662538248901985808494385326143734480926640993336031/240744251607063991899201946257553138365955554909978349471798152762119768347141756809492928855109916975056397029626125384038103598059585666941683048573909032405321241515613540796658295591677715721744651962083373197295193963303382075094433537867205877529383958806871509908750000000000000
y5(14,18)	2
y5(13,19)	2
y5(14,19)	2
y5(11,19)	2
y5(3,20)	2
y5(2,20)	2
y5(6,20)	2
y6(3,0)	2
y6(6,0)	2
y6(7,0)	1600693598657141895160805216807998317508477809592735929466760244888293908679402117559895485109682575424591412421820200381870117115709282163009027895423362034326228128541194622709673130970614013086183727900413481070417974400118200754228592241352620704989609562450091359265914542793123/779107610378847870223954518632858052964257459255593363986401788874174007595928015564702035129805556553580572911411409009832050479157235168096061645870255768302010490341791394163942704180186782271018291139428392224256291143376641019723085883065391189415482067336153753750000000000000
y6(4,0)	252/100
y6(0,1)	252/100
y6(5,1)	258043674979003088347521011049638051550482581318209656713996343947836516201992235103721268470899445134780188311596197281997671076599232613137012345526831459130227455832351626085360396107988877859521511405660228316918560069869917771545481109569151721804508184857824281880841856500011197/120372125803531995949600973128776569182977777454989174735899076381059884173570878404746464427554958487528198514813062692019051799029792833470841524286954516202660620757806770398329147795838857860872325981041686598647596981651691037547216768933602938764691979403435754954375000000000000
y6(9,1)	513609318943796816515183647332086591977802008389062215518381284360245487032263081843131502836308030128501007611687419772392334549182180014688449115414279201236293228468104921183903326088087999535594095009892072975409031209442096556267892097022572076194462044558096849756461941327220669/240744251607063991899201946257553138365955554909978349471798152762119768347141756809492928855109916975056397029626125384038103598059585666941683048573909032405321241515613540796658295591677715721744651962083373197295193963303382075094433537867205877529383958806871509908750000000000000
y6(8,1)	2
y6(2,2)	320152753909453571774089643962196648939668424510094308473648375524812883545321177791634453945290640844118307079267048591078522570032318823094248862092936329235659458490530893648657858262718282454214659622332146958553621330732559375369058718920107774134581810663125972491975109295762451/144446550964238395139521167754531883019573332945987009683078891657271861008285054085695757313065950185033838217775675230422862158835751400165009829144345419443192744909368124477994977355006629433046791177250023918377116377982029245056660122720323526517630375284122905945250000000000000
y6(10,2)	757455948146072917022956358530473301352826229318942196895896292501865468199898995195250536260085789409899027202769557106436837754913009716733369986961902734591912855168329679607972423904944554691676476191772268052646146578805292229470858496171588967237321490057588416718201470427262997/361116377410595987848802919386329707548933332364967524207697229143179652520712635214239393282664875462584595544439188076057155397089378500412524572860863548607981862273420311194987443387516573582616977943125059795942790944955073112641650306800808816294075938210307264863125000000000000
y6(11,2)	2
y6(6,2)	2
y6(1,3)	2
y6(2,3)	2
y6(3,3)	252/100
y6(0,3)	2
y6(3,4)	252/100
y6(4,4)	2
y6(5,4)	252/100
y6(0,4)	252/100
y6(0,5)	2
y6(8,5)	250/125
y6(1,5)	2
y6(2,6)	2
y6(1,6)	2
y6(10,6)	320152753909453571774089643962196648939668424510094308473648375524812883545321177791634453945290640844118307079267048591078522570032318823094248862092936329235659458490530893648657858262718282454214659622332146958553621330732559375369058718920107774134581810663125972491975109295762451/144446550964238395139521167754531883019573332945987009683078891657271861008285054085695757313065950185033838217775675230422862158835751400165009829144345419443192744909368124477994977355006629433046791177250023918377116377982029245056660122720323526517630375284122905945250000000000000
y6(1,7)	2
y6(8,7)	1513972176083708904963489895074754277822561514379421787897344519963111436478301620390513796948719497572110912095086421769246151191792429463998168186528143567410684346124816075455286335085408809536182662475683818373145969595077773380404165614005154211786695730165350222549220228402564111/722232754821191975697605838772659415097866664729935048415394458286359305041425270428478786565329750925169191088878376152114310794178757000825049145721727097215963724546840622389974886775033147165233955886250119591885581889910146225283300613601617632588151876420614529726250000000000000
y6(10,7)	2
y6(6,8)	2
y6(11,8)	487538367281866656066797304702085871885107967408540660038887275240293689009442439878931399531856029561852601272719867317187526205067401469338164474716822975557209324382399843322013188464153323160506080087549046041956610619446164231409662538248901985808494385326143734480926640993336031/240744251607063991899201946257553138365955554909978349471798152762119768347141756809492928855109916975056397029626125384038103598059585666941683048573909032405321241515613540796658295591677715721744651962083373197295193963303382075094433537867205877529383958806871509908750000000000000
y6(7,8)	2
y6(5,9)	2
y6(12,9)	489098150964258728498658812230764687003364758834772279334245287968194310446254969750510324654601599719919943762272675349599717168242775034372284367157913727423321764686297352347615365952494771570056455699998461460943086550160743538359662635052721675965865964889412354933995869630859733/240744251607063991899201946257553138365955554909978349471798152762119768347141756809492928855109916975056397029626125384038103598059585666941683048573909032405321241515613540796658295591677715721744651962083373197295193963303382075094433537867205877529383958806871509908750000000000000
y6(9,9)	258043674979003088347521011049638051550482581318209656713996343947836516201992235103721268470899445134780188311596197281997671076599232613137012345526831459130227455832351626085360396107988877859521511405660228316918560069869917771545481109569151721804508184857824281880841856500011197/120372125803531995949600973128776569182977777454989174735899076381059884173570878404746464427554958487528198514813062692019051799029792833470841524286954516202660620757806770398329147795838857860872325981041686598647596981651691037547216768933602938764691979403435754954375000000000000
y6(5,10)	2
y6(4,10)	2
y6(12,10)	2
y6(4,11)	1600693598657141895160805216807998317508477809592735929466760244888293908679402117559895485109682575424591412421820200381870117115709282163009027895423362034326228128541194622709673130970614013086183727900413481070417974400118200754228592241352620704989609562450091359265914542793123/779107610378847870223954518632858052964257459255593363986401788874174007595928015564702035129805556553580572911411409009832050479157235168096061645870255768302010490341791394163942704180186782271018291139428392224256291143376641019723085883065391189415482067336153753750000000000000
y6(7,11)	489195561313518311500014245409887046103848929706645739085551115041355794699124421523802118121886295834099519572745964424187584478019002582656167308448368959322729341064814640481940963756042335506292772372911091802873938753385054567756317476910632319937269257504955568570072357982574763/240744251607063991899201946257553138365955554909978349471798152762119768347141756809492928855109916975056397029626125384038103598059585666941683048573909032405321241515613540796658295591677715721744651962083373197295193963303382075094433537867205877529383958806871509908750000000000000
y6(12,11)	2
y6(10,12)	1446105292733049718866672047962197243380092056594450292196804958425870178509082810018728491734825183839377555598035576834053284372277652530458888980343943440077053708676768675649949778278634736919025330145952077578952714173095980181600432749400944490404614554617537088410405935742796029/722232754821191975697605838772659415097866664729935048415394458286359305041425270428478786565329750925169191088878376152114310794178757000825049145721727097215963724546840622389974886775033147165233955886250119591885581889910146225283300613601617632588151876420614529726250000000000000
y6(13,12)	2
y6(11,12)	757455948146072917022956358530473301352826229318942196895896292501865468199898995195250536260085789409899027202769557106436837754913009716733369986961902734591912855168329679607972423904944554691676476191772268052646146578805292229470858496171588967237321490057588416718201470427262997/361116377410595987848802919386329707548933332364967524207697229143179652520712635214239393282664875462584595544439188076057155397089378500412524572860863548607981862273420311194987443387516573582616977943125059795942790944955073112641650306800808816294075938210307264863125000000000000
y6(10,13)	1513972176083708904963489895074754277822561514379421787897344519963111436478301620390513796948719497572110912095086421769246151191792429463998168186528143567410684346124816075455286335085408809536182662475683818373145969595077773380404165614005154211786695730165350222549220228402564111/722232754821191975697605838772659415097866664729935048415394458286359305041425270428478786565329750925169191088878376152114310794178757000825049145721727097215963724546840622389974886775033147165233955886250119591885581889910146225283300613601617632588151876420614529726250000000000000
y6(8,13)	2
y6(13,13)	1446105292733049718866672047962197243380092056594450292196804958425870178509082810018728491734825183839377555598035576834053284372277652530458888980343943440077053708676768675649949778278634736919025330145952077578952714173095980181600432749400944490404614554617537088410405935742796029/722232754821191975697605838772659415097866664729935048415394458286359305041425270428478786565329750925169191088878376152114310794178757000825049145721727097215963724546840622389974886775033147165233955886250119591885581889910146225283300613601617632588151876420614529726250000000000000
y6(8,14)	513609318943796816515183647332086591977802008389062215518381284360245487032263081843131502836308030128501007611687419772392334549182180014688449115414279201236293228468104921183903326088087999535594095009892072975409031209442096556267892097022572076194462044558096849756461941327220669/240744251607063991899201946257553138365955554909978349471798152762119768347141756809492928855109916975056397029626125384038103598059585666941683048573909032405321241515613540796658295591677715721744651962083373197295193963303382075094433537867205877529383958806871509908750000000000000
y6(9,14)	490372861404317919606869337747847968543615127010916460685602537921985508842666590185743924752901209852556947829474782450148292851601371922359378334841339488648129416457813622454467600353756505506673165414104176673370919148861337452404450785069617404054432111047852409809061248453492511/240744251607063991899201946257553138365955554909978349471798152762119768347141756809492928855109916975056397029626125384038103598059585666941683048573909032405321241515613540796658295591677715721744651962083373197295193963303382075094433537867205877529383958806871509908750000000000000
y6(13,14)	2
y6(9,15)	252960376019266208433044018404552715300412218902978336750890133847604864528148549170676633866263684888768885883900022254264525116845354364437665710640427576030256796694218164599536093409558599701247495647082127055672807910829208131803352719816700066084325052077777039756394761694770317/120372125803531995949600973128776569182977777454989174735899076381059884173570878404746464427554958487528198514813062692019051799029792833470841524286954516202660620757806770398329147795838857860872325981041686598647596981651691037547216768933602938764691979403435754954375000000000000
y6(14,15)	2
y6(13,15)	490372861404317919606869337747847968543615127010916460685602537921985508842666590185743924752901209852556947829474782450148292851601371922359378334841339488648129416457813622454467600353756505506673165414104176673370919148861337452404450785069617404054432111047852409809061248453492511/240744251607063991899201946257553138365955554909978349471798152762119768347141756809492928855109916975056397029626125384038103598059585666941683048573909032405321241515613540796658295591677715721744651962083373197295193963303382075094433537867205877529383958806871509908750000000000000
y6(9,16)	489098150964258728498658812230764687003364758834772279334245287968194310446254969750510324654601599719919943762272675349599717168242775034372284367157913727423321764686297352347615365952494771570056455699998461460943086550160743538359662635052721675965865964889412354933995869630859733/240744251607063991899201946257553138365955554909978349471798152762119768347141756809492928855109916975056397029626125384038103598059585666941683048573909032405321241515613540796658295591677715721744651962083373197295193963303382075094433537867205877529383958806871509908750000000000000
y6(12,16)	2
y6(14,16)	252960376019266208433044018404552715300412218902978336750890133847604864528148549170676633866263684888768885883900022254264525116845354364437665710640427576030256796694218164599536093409558599701247495647082127055672807910829208131803352719816700066084325052077777039756394761694770317/120372125803531995949600973128776569182977777454989174735899076381059884173570878404746464427554958487528198514813062692019051799029792833470841524286954516202660620757806770398329147795838857860872325981041686598647596981651691037547216768933602938764691979403435754954375000000000000
y6(12,17)	489195561313518311500014245409887046103848929706645739085551115041355794699124421523802118121886295834099519572745964424187584478019002582656167308448368959322729341064814640481940963756042335506292772372911091802873938753385054567756317476910632319937269257504955568570072357982574763/240744251607063991899201946257553138365955554909978349471798152762119768347141756809492928855109916975056397029626125384038103598059585666941683048573909032405321241515613540796658295591677715721744651962083373197295193963303382075094433537867205877529383958806871509908750000000000000
y6(7,17)	1677471269751244598349775512331702066390736760207511416647461871100133810510715707723263850473380912883675512746064858154455953388489084401553912147055063911176845445770375212178492848823474391667192708373231795656590805458363333862879104482935020607297694004307853645221041667229233/835917540302305527427784535616503952659567898992980380110410252646249195649797766699628225191353878385612489686201824250132304159929116899103066140881628584740698755262547016655063526359992068478280041535011712490608312372581187760744560895372242630310360968079414964960937500000000
y6(14,17)	2
y6(7,18)	487538367281866656066797304702085871885107967408540660038887275240293689009442439878931399531856029561852601272719867317187526205067401469338164474716822975557209324382399843322013188464153323160506080087549046041956610619446164231409662538248901985808494385326143734480926640993336031/240744251607063991899201946257553138365955554909978349471798152762119768347141756809492928855109916975056397029626125384038103598059585666941683048573909032405321241515613540796658295591677715721744651962083373197295193963303382075094433537867205877529383958806871509908750000000000000
y6(11,18)	2
y6(14,18)	1677471269751244598349775512331702066390736760207511416647461871100133810510715707723263850473380912883675512746064858154455953388489084401553912147055063911176845445770375212178492848823474391667192708373231795656590805458363333862879104482935020607297694004307853645221041667229233/835917540302305527427784535616503952659567898992980380110410252646249195649797766699628225191353878385612489686201824250132304159929116899103066140881628584740698755262547016655063526359992068478280041535011712490608312372581187760744560895372242630310360968079414964960937500000000
y6(13,19)	2
y6(14,19)	2
y6(11,19)	2
y6(3,20)	2
y6(2,20)	2
y6(6,20)	2
y9(3,0)	2
y9(6,0)	1600693598657141895160805216807998317508477809592735929466760244888293908679402117559895485109682575424591412421820200381870117115709282163009027895423362034326228128541194622709673130970614013086183727900413481070417974400118200754228592241352620704989609562450091359265914542793123/779107610378847870223954518632858052964257459255593363986401788874174007595928015564702035129805556553580572911411409009832050479157235168096061645870255768302010490341791394163942704180186782271018291139428392224256291143376641019723085883065391189415482067336153753750000000000000
y9(7,0)	252/100
y9(4,0)	2
y9(0,1)	258043674979003088347521011049638051550482581318209656713996343947836516201992235103721268470899445134780188311596197281997671076599232613137012345526831459130227455832351626085360396107988877859521511405660228316918560069869917771545481109569151721804508184857824281880841856500011197/120372125803531995949600973128776569182977777454989174735899076381059884173570878404746464427554958487528198514813062692019051799029792833470841524286954516202660620757806770398329147795838857860872325981041686598647596981651691037547216768933602938764691979403435754954375000000000000
y9(5,1)	513609318943796816515183647332086591977802008389062215518381284360245487032263081843131502836308030128501007611687419772392334549182180014688449115414279201236293228468104921183903326088087999535594095009892072975409031209442096556267892097022572076194462044558096849756461941327220669/240744251607063991899201946257553138365955554909978349471798152762119768347141756809492928855109916975056397029626125384038103598059585666941683048573909032405321241515613540796658295591677715721744651962083373197295193963303382075094433537867205877529383958806871509908750000000000000
y9(9,1)	2
y9(8,1)	252/100
y9(2,2)	757455948146072917022956358530473301352826229318942196895896292501865468199898995195250536260085789409899027202769557106436837754913009716733369986961902734591912855168329679607972423904944554691676476191772268052646146578805292229470858496171588967237321490057588416718201470427262997/361116377410595987848802919386329707548933332364967524207697229143179652520712635214239393282664875462584595544439188076057155397089378500412524572860863548607981862273420311194987443387516573582616977943125059795942790944955073112641650306800808816294075938210307264863125000000000000
y9(10,2)	2
y9(11,2)	2
y9(6,2)	320152753909453571774089643962196648939668424510094308473648375524812883545321177791634453945290640844118307079267048591078522570032318823094248862092936329235659458490530893648657858262718282454214659622332146958553621330732559375369058718920107774134581810663125972491975109295762451/144446550964238395139521167754531883019573332945987009683078891657271861008285054085695757313065950185033838217775675230422862158835751400165009829144345419443192744909368124477994977355006629433046791177250023918377116377982029245056660122720323526517630375284122905945250000000000000
y9(1,3)	2
y9(2,3)	252/100
y9(3,3)	2
y9(0,3)	2
y9(3,4)	2
y9(4,4)	252/100
y9(5,4)	252/100
y9(0,4)	252/100
y8(3,0)	1600693598657141895160805216807998317508477809592735929466760244888293908679402117559895485109682575424591412421820200381870117115709282163009027895423362034326228128541194622709673130970614013086183727900413481070417974400118200754228592241352620704989609562450091359265914542793123/779107610378847870223954518632858052964257459255593363986401788874174007595928015564702035129805556553580572911411409009832050479157235168096061645870255768302010490341791394163942704180186782271018291139428392224256291143376641019723085883065391189415482067336153753750000000000000
y8(6,0)	252/100
y8(7,0)	2
y8(4,0)	2
y8(0,1)	513609318943796816515183647332086591977802008389062215518381284360245487032263081843131502836308030128501007611687419772392334549182180014688449115414279201236293228468104921183903326088087999535594095009892072975409031209442096556267892097022572076194462044558096849756461941327220669/240744251607063991899201946257553138365955554909978349471798152762119768347141756809492928855109916975056397029626125384038103598059585666941683048573909032405321241515613540796658295591677715721744651962083373197295193963303382075094433537867205877529383958806871509908750000000000000
y8(5,1)	2
y8(9,1)	252/100
y8(8,1)	258043674979003088347521011049638051550482581318209656713996343947836516201992235103721268470899445134780188311596197281997671076599232613137012345526831459130227455832351626085360396107988877859521511405660228316918560069869917771545481109569151721804508184857824281880841856500011197/120372125803531995949600973128776569182977777454989174735899076381059884173570878404746464427554958487528198514813062692019051799029792833470841524286954516202660620757806770398329147795838857860872325981041686598647596981651691037547216768933602938764691979403435754954375000000000000
y8(2,2)	2
y8(10,2)	2
y8(11,2)	320152753909453571774089643962196648939668424510094308473648375524812883545321177791634453945290640844118307079267048591078522570032318823094248862092936329235659458490530893648657858262718282454214659622332146958553621330732559375369058718920107774134581810663125972491975109295762451/144446550964238395139521167754531883019573332945987009683078891657271861008285054085695757313065950185033838217775675230422862158835751400165009829144345419443192744909368124477994977355006629433046791177250023918377116377982029245056660122720323526517630375284122905945250000000000000
y8(6,2)	757455948146072917022956358530473301352826229318942196895896292501865468199898995195250536260085789409899027202769557106436837754913009716733369986961902734591912855168329679607972423904944554691676476191772268052646146578805292229470858496171588967237321490057588416718201470427262997/361116377410595987848802919386329707548933332364967524207697229143179652520712635214239393282664875462584595544439188076057155397089378500412524572860863548607981862273420311194987443387516573582616977943125059795942790944955073112641650306800808816294075938210307264863125000000000000
y8(1,3)	252/100
y8(2,3)	2
y8(3,3)	2
y8(0,3)	2
y8(3,4)	252/100
y8(4,4)	252/100
y8(5,4)	252/100
y8(0,4)	2
azim2(0,5)	8501444835774142912213227923231712471477530661141013079349195979052523059084036852137602721010723173574119949396033515325489741410394741806836939589892575959046855727693768938883557956050792118693490238603762331356438992720913766613048965653385800248372742481095208042852964806640187/8024808386902133063306731541918437945531851830332611649059938425403992278238058560316430961836997232501879900987537512801270119935319522231389434952463634413510708050520451359888609853055923857391488398736112439909839798776779402503147784595573529250979465293562383663625000000000000
azim2(8,5)	150915628670441370575410212235480491193334684629524998266710638567947417668426482316009318640357764399094020703961736483674127437815943256965602136160583788634620808311870351007531509220772765011347714589280938979473090107130747124313400557222567876699971121700331653318123407908952369643/120372125803531995949600973128776569182977777454989174735899076381059884173570878404746464427554958487528198514813062692019051799029792833470841524286954516202660620757806770398329147795838857860872325981041686598647596981651691037547216768933602938764691979403435754954375000000000000000
azim2(1,5)	2265963856247478271113072852264233682812810323031916502344128979312352454244449431232088566658129302723893804569828365907981928461717508549500662931131245587429509912916384199054338305766170920544052579517148290237866589497387255198091133243961166183592600847401489883477392953067032788253/1805581887052979939244014596931648537744666661824837621038486145715898262603563176071196966413324377312922977722195940380285776985446892502062622864304317743039909311367101555974937216937582867913084889715625298979713954724775365563208251534004044081470379691051536324315625000000000000000
azim2(2,6)	1065567914312757471576651867479508931902462172882804500402336741062343710456409402453349524963536430190331361198785114569930683829040481388931339897200222340433636461516114575513041027930061423673530252021798790141907060492545218328002349872851938882972968790924771542487550897983137439621/722232754821191975697605838772659415097866664729935048415394458286359305041425270428478786565329750925169191088878376152114310794178757000825049145721727097215963724546840622389974886775033147165233955886250119591885581889910146225283300613601617632588151876420614529726250000000000000000
azim2(1,6)	65163654234039980975429084394938821369400677179192098834050205973600113137071172865607869168279825621557023262694206583928863886901021775362272143394058640921457395625087896290863625432403623598394933544066657792546197655111979926054943955541982278805078937610677641295869068879333817/57778620385695358055808467101812753207829333178394803873231556662908744403314021634278302925226380074013535287110270092169144863534300560066003931657738167777277097963747249791197990942002651773218716470900009567350846551192811698022664049088129410607052150113649162378100000000000000
azim2(10,6)	65163654234039980975429084394938821369400677179192098834050205973600113137071172865607869168279825621557023262694206583928863886901021775362272143394058640921457395625087896290863625432403623598394933544066657792546197655111979926054943955541982278805078937610677641295869068879333817/57778620385695358055808467101812753207829333178394803873231556662908744403314021634278302925226380074013535287110270092169144863534300560066003931657738167777277097963747249791197990942002651773218716470900009567350846551192811698022664049088129410607052150113649162378100000000000000
azim2(1,7)	331077199275908622582736065243596312620129109107292539738985982239249206329474161161684228232376003789647749475437141388206583718095411861755424664824644854794892383086550088938428647795034371090320227045476975753013974126736660326589073105494347206040444709093814196277850425524873017/288893101928476790279042335509063766039146665891974019366157783314543722016570108171391514626131900370067676435551350460845724317671502800330019658288690838886385489818736248955989954710013258866093582354500047836754232755964058490113320245440647053035260750568245811890500000000000000
azim2(8,7)	331077199275908622582736065243596312620129109107292539738985982239249206329474161161684228232376003789647749475437141388206583718095411861755424664824644854794892383086550088938428647795034371090320227045476975753013974126736660326589073105494347206040444709093814196277850425524873017/288893101928476790279042335509063766039146665891974019366157783314543722016570108171391514626131900370067676435551350460845724317671502800330019658288690838886385489818736248955989954710013258866093582354500047836754232755964058490113320245440647053035260750568245811890500000000000000
azim2(10,7)	999631412486881329690275700183053286471342673696153227883674753370666795439532018699746355045704929049282429768768623502610677280375464332758784092796880735210498396132308895451482294111352112837997608642648116117639576663388371567350880989320206514193624993328476756188025550165435580021/722232754821191975697605838772659415097866664729935048415394458286359305041425270428478786565329750925169191088878376152114310794178757000825049145721727097215963724546840622389974886775033147165233955886250119591885581889910146225283300613601617632588151876420614529726250000000000000000
azim2(6,8)	3619929569805976741528444368457546140000353217529595861564303232756219592002193805588950844701694086399627353689128295165255539409506088017080823325721539001609951424946901872432502931293188754086850699036212757957657349704140963567957240205629259864192905373875269632025848025364053/3320610366993986095161406155276595011944214550482459992714457279477514046167472507717143846277378165173191683167256901848801428938752905750919766187226331481452706779525704010988390284023140906506822785683908595824761296045563890690957703970582150034888054604232710481500000000000000
azim2(11,8)	3619929569805976741528444368457546140000353217529595861564303232756219592002193805588950844701694086399627353689128295165255539409506088017080823325721539001609951424946901872432502931293188754086850699036212757957657349704140963567957240205629259864192905373875269632025848025364053/3320610366993986095161406155276595011944214550482459992714457279477514046167472507717143846277378165173191683167256901848801428938752905750919766187226331481452706779525704010988390284023140906506822785683908595824761296045563890690957703970582150034888054604232710481500000000000000
azim2(7,8)	204367105384108471500917416084512974813936977154000113278628386783955284520981314789716019511251544334407331772824616962394100655276386301486318319881273951284207143447449361690019886115550993049545818046573469263147762721108276563056217821630956335359837085569264387690976750820810647/150127305084962422042557722120712877025730698653385941780578931755306366850989770826150112283970673620957053972219638222972015247268871458701841547977334332895043073157412689634250129744085306334583577223236118043731920454860891721474316946812826008512671209265234762865456224631205000
azim2(5,9)	98856393495317521569434862651637250486129831949061486552389441465011934151785860070089276425540025923069757402495013859551236880113020989853497252883129395689205561838150321898447554090576081069060170167149523813257299134896273843574087543347728376642282242879870606846358515974786867321771/75352950753011029464450209178614132308544088686823223384672821814543487492655369881371286731649404013192652270272977245203926426192650313752746794203633527142865548594387038269354046520195125020906076064132095810753395710513958589504557697352435439666697179106550782601438750000000000000000
azim2(12,9)	37734249538637488815384834152063546755041208934767460226351841385754894051050769331349208549031460355656589910230120118386787401262512266274606987779334164306512037671501227429832220002939205731759120970573110117025705427660630352753088975788194929612946389292701101764821671229737999/32099233547608532253226926167673751782127407321330446596239753701615969112952234241265723847347988930007519603950150051205080479741278088925557739809854537654042832202081805439554439412223695429565953594944449759639359195107117610012591138382294117003917861174249534654500000000000000
azim2(9,9)	318695868282905811263313854900857082597583580383058768581175931446168624321918456680601508254783631797566557831650668423719189970731695761357188823286257291132337480192615452817485602762769812329871452984689350104237705485976589553051325756276880627398067912995826665295120903971265328563/261642190114621630084896559647965737182444752384802858974558409078275998238386700976983634484893763934696709271781170990291411202057813589419259702095949747023838710397177216213034883750677517433701653000458666009560401772617911769113047560251511943287142983008856884032773437500000000000
azim2(5,10)	147913220763128809325336909280719372485501160512032566548029268099145163437913715919723294820148880649883008418830178904262098048110324256698621135040497690327757252544298166266505597905896233489283653742692747599869183890139610349252611084581080215885779395358600011011291827246407808377/120372125803531995949600973128776569182977777454989174735899076381059884173570878404746464427554958487528198514813062692019051799029792833470841524286954516202660620757806770398329147795838857860872325981041686598647596981651691037547216768933602938764691979403435754954375000000000000000
azim2(4,10)	3083108392321038340904792898546438101844574244579786918280922684882971787970561278462718602962757271440304725558216496599189217814871594199749035429207347410759769022430484117366692608753537385301000046154353271346979352669210094051489256197736927768345472552940550784531623339482584181/2511765025100367648815006972620471076951469622894107446155760727151449583088512329379042891054980133773088409009099241506797547539755010458424893140121117571428851619812901275645134884006504167363535868804403193691779857017131952983485256578414514655556572636885026086714625000000000000
azim2(12,10)	9622625684032342240551117881705934830198462020053013718713514073840283898986149943048269724123463348751694214030292457658860949286081424406712169290320411276218907414790644207865303282771023609551743519544966078350267286191272199350858155661729261398063482824841948446140765611527512648693/7795132836518382358391400949511806790539043657257574832897188463573464223378141711865995179136145242744067476235135577090061354433722446250284151124513813152710229164936590165795246191744323278024766489392975428698627142466961233397023210070941597206899708183436287855321250000000000000000
azim2(4,11)	4463902655612647179698300989503757146186333192376257510680428752676097265634197450580880177146728502614316616048922548546140788342508694075141759157404051401870168515534894466053444719443811580257049827619807264499889506186965740324773483833761504916416255024636425015911896933070263/3703757717031753721526183788577740590245470075538128453412279273263381051494488566299891213155537184231636877378863467446740055354762856414487431516521677421620326792547900627640896855256580241872994645570513433804541445589282801155298977505649321192759753212413407844750000000000000
azim2(7,11)	902705485591965493713819240165232379443201431461021454788661711037612398124360034523929929319798888259671073064943083742920470845123253413101840074553215398268438906183844241987064306198363499655534315491980505711890491157345963023445524172661323239797318015046960123096873810227126886641/722232754821191975697605838772659415097866664729935048415394458286359305041425270428478786565329750925169191088878376152114310794178757000825049145721727097215963724546840622389974886775033147165233955886250119591885581889910146225283300613601617632588151876420614529726250000000000000000
azim2(12,11)	897476258605277868581235386836954697874987543445860641066786279493751129977097110390433457421135742961472011612854865469431883400551895084977990863071746021744463110275710369306017613212884232348196251538664691953548682595941573166909751086552973524853909711643253054400763961064545291179/722232754821191975697605838772659415097866664729935048415394458286359305041425270428478786565329750925169191088878376152114310794178757000825049145721727097215963724546840622389974886775033147165233955886250119591885581889910146225283300613601617632588151876420614529726250000000000000000
azim2(10,12)	234806942028199995545060784189383276792816329223291116063560424421058943335627882921253949908711371892558688447408960548237528650017882602337492587080230186364051217183470493322392404230314266203850744166132645458655664958006075228671853639709727228943540570392115177863784009617557283597/180558188705297993924401459693164853774466666182483762103848614571589826260356317607119696641332437731292297772219594038028577698544689250206262286430431774303990931136710155597493721693758286791308488971562529897971395472477536556320825153400404408147037969105153632431562500000000000000
azim2(13,12)	115059600907849806875210212762223749753576335645368725347914834993616481850544895941577306858565728653490161869280083110511856572722115258565408176078404634117756096621385605016308978987309074080590248847332896603110687886775287057636005088213580848575719619070794796608118926936580599/96297700642825596759680778503021255346382221963991339788719261104847907338856702723797171542043966790022558811850450153615241439223834266776673219429563612962128496606245416318663318236671086288697860784833349278918077585321352830037773415146882351011753583522748603963500000000000000
azim2(11,12)	115059600907849806875210212762223749753576335645368725347914834993616481850544895941577306858565728653490161869280083110511856572722115258565408176078404634117756096621385605016308978987309074080590248847332896603110687886775287057636005088213580848575719619070794796608118926936580599/96297700642825596759680778503021255346382221963991339788719261104847907338856702723797171542043966790022558811850450153615241439223834266776673219429563612962128496606245416318663318236671086288697860784833349278918077585321352830037773415146882351011753583522748603963500000000000000
azim2(10,13)	293210291624055848593636298688211960933864130885029142403172725922997841894323117989433886716005382451047253051732562409152767055112378471312986776510122506837477527061726636381869395025326573268225792724748851454895471231609069920785216379690597050837035170179954545200555323514371370231/240744251607063991899201946257553138365955554909978349471798152762119768347141756809492928855109916975056397029626125384038103598059585666941683048573909032405321241515613540796658295591677715721744651962083373197295193963303382075094433537867205877529383958806871509908750000000000000000
azim2(8,13)	102442801478238099645969360747999514670881520195608548401645329742066867877809293321783657555990538599755023677415474019209792346786729582590685463745450832964408249809592430288771300032253241204243001774575787423986865275544969097031623956848302277807194265192639734574772660677756219343/80248083869021330633067315419184379455318518303326116490599384254039922782380585603164309618369972325018799009875375128012701199353195222313894349524636344135107080505204513598886098530559238573914883987361124399098397987767794025031477845955735292509794652935623836636250000000000000000
azim2(13,13)	279143542038693232885739094288003422071827209191622331620171709187482347474413430465382408493411453361146159488551504714010541906997325327569145805380917872446676787856488465797813835057447430124815782379021884902745950614799251071651617548975177955584431828998030681676920879862161/233732283113654361067186355589857415889277237776678009195920536662252202278778404669410610538941666966074171873423422702949615143747170550428818493761076730490603147102537418249182811254056034681305487341828517667276887343012992305916925764919617356824644620200846126125000000000000
azim2(8,14)	28250303986055569240782756792598390521901018336253035750049860619705739323852229198622111755263682851429147376088996835448956342166381321228208124343279611907315711714869095652011865717261711090546730660214829371100997115930862606579651183278610066671085420280458727239362413315738197/24074425160706399189920194625755313836595555490997834947179815276211976834714175680949292885510991697505639702962612538403810359805958566694168304857390903240532124151561354079665829559167771572174465196208337319729519396330338207509443353786720587752938395880687150990875000000000000
azim2(9,14)	925347160087547510270619061852588475059226713296224643724440390229717818733930116643258510620198991271369928645779027278085211213399016327854475143423469515919000199028721051503257697464928146039804224570401111829329641147539776446875656167044337915010868393749307156338340286532399657593/722232754821191975697605838772659415097866664729935048415394458286359305041425270428478786565329750925169191088878376152114310794178757000825049145721727097215963724546840622389974886775033147165233955886250119591885581889910146225283300613601617632588151876420614529726250000000000000000
azim2(13,14)	895285319542094995493774542847853959236706906324501075890373602627724880787881209859273903248400943081768083022061651587489919482027709716903338759020104636434969847772920986928229009516824899182952803558422407092876694199734639061830279784333421557272625880929913937682508028649373754307/722232754821191975697605838772659415097866664729935048415394458286359305041425270428478786565329750925169191088878376152114310794178757000825049145721727097215963724546840622389974886775033147165233955886250119591885581889910146225283300613601617632588151876420614529726250000000000000000
azim2(9,15)	229538450815263753308388053370373479190678642184581765535526115370053692806672459889885447278122514523046982772352588363743074591442239029280665076477424802187882518362127204256758432700572688853270860239242091723111471234151423722503974744752773127610551818505518016360711667245392541547/180558188705297993924401459693164853774466666182483762103848614571589826260356317607119696641332437731292297772219594038028577698544689250206262286430431774303990931136710155597493721693758286791308488971562529897971395472477536556320825153400404408147037969105153632431562500000000000000
azim2(14,15)	110979439141587151168016431763760459445460638262017534772573829649286001188831844646331312579422415090635934691137695065203181089084456466869741243410813391545336407014558589338197275211244711399463896485080070213062764974084643680480801508127232490188240528719351189116184173397186556429/90279094352648996962200729846582426887233333091241881051924307285794913130178158803559848320666218865646148886109797019014288849272344625103131143215215887151995465568355077798746860846879143395654244485781264948985697736238768278160412576700202204073518984552576816215781250000000000000
azim2(13,15)	111327890265330570064371790215041039769802875042966351781174553111547663018853701369034368615022455881880932836749014508374675808316229510752338121184609630188945743595448018009373207439296512075940888695559202944332597231665667317375104643672472271565716568284116315881150463321822903/96297700642825596759680778503021255346382221963991339788719261104847907338856702723797171542043966790022558811850450153615241439223834266776673219429563612962128496606245416318663318236671086288697860784833349278918077585321352830037773415146882351011753583522748603963500000000000000
azim2(9,16)	613686467710504689035485516960465542847315569915383813763339239658308347435615285356145477005236077197583653609377171108228211126629798176546821367408287040688283583083792496436040026193532673796721425988653750693064421487082229244452552619043425533701241239694869592097384641716741703/478934187547209532955972041626431972876569406319585575872277492232333756658770073228434208597698773823056492764508206997423283020012438329459581661619182425209525016277745770815633214041799169207714824858256047474725186929648638080426591918833963947339623260225871704062500000000000000
azim2(12,16)	219801655176907463254890508115174777306720936423843680417203842556007327526712288681622784972216589430184910065922309248495219214935069381908330721557541552680681318743126824227431373709690929181147149929516174081869214708523477264178927212110869425004825434974444600591085291002422803853/180558188705297993924401459693164853774466666182483762103848614571589826260356317607119696641332437731292297772219594038028577698544689250206262286430431774303990931136710155597493721693758286791308488971562529897971395472477536556320825153400404408147037969105153632431562500000000000000
azim2(14,16)	111500042217695614503771228840019390680349402307787261818075063466973830547531644965652275899271389716192709436403998949970304175169228611890499793264591579962102016819493960149006540366167271352707475194622150641809971695800423016158092841974609705876221247716329708245010455806315277/96297700642825596759680778503021255346382221963991339788719261104847907338856702723797171542043966790022558811850450153615241439223834266776673219429563612962128496606245416318663318236671086288697860784833349278918077585321352830037773415146882351011753583522748603963500000000000000
azim2(12,17)	114135009037809648970936793530741623020891790135271706311918145486991881242093296585425267790134886910554318498156281249790408941463144076499102974917882403476291485502987088240978792774099359891692220883167632886114064096739445180636749319990257582769031851235668568684698038319735097/96297700642825596759680778503021255346382221963991339788719261104847907338856702723797171542043966790022558811850450153615241439223834266776673219429563612962128496606245416318663318236671086288697860784833349278918077585321352830037773415146882351011753583522748603963500000000000000
azim2(7,17)	45604977480089844207179441412792941780465323128191699780781582626013035648612738739572423265813412440463280620766106869208405563522911481706129004013850000810367849929485928218002654388770151249169255171688960938131002331811958162084135275511501255899753963385195511292488691757345989727/36111637741059598784880291938632970754893333236496752420769722914317965252071263521423939328266487546258459554443918807605715539708937850041252457286086354860798186227342031119498744338751657358261697794312505979594279094495507311264165030680080881629407593821030726486312500000000000000
azim2(14,17)	437877697733990572094993570022012635708832264682310358482126742939473191021661538161534309735131686996366536581012335505437565474235949879486938515846724012038270399863231499526934989800873426705495921741808785664293087490700032167579428226200671225876327881080209419544397518875020863867/361116377410595987848802919386329707548933332364967524207697229143179652520712635214239393282664875462584595544439188076057155397089378500412524572860863548607981862273420311194987443387516573582616977943125059795942790944955073112641650306800808816294075938210307264863125000000000000000
azim2(7,18)	8758266264234548217693157133733575840087175465742727361810038185239104207561578496970383868472615506664942902752797929501437498053421040879335291208000752286787866312197503415154840784322100779939881751494400744441570713473137649658419175422677060485205379021675830765455279597321961/7407515434063507443052367577155481180490940151076256906824558546526762102988977132599782426311074368463273754757726934893480110709525712828974863033043354843240653585095801255281793710513160483745989291141026867609082891178565602310597955011298642385519506424826815689500000000000000
azim2(11,18)	46138966384489487001936426792527302982268082138980284550422977424882102689300847238472413711792014925673207391821030731353929740388203961868870411229796128058003280162258482103649714295366432527864939967325871785795401618410346729806383001252196422741202657521995196793326789495615721927/36111637741059598784880291938632970754893333236496752420769722914317965252071263521423939328266487546258459554443918807605715539708937850041252457286086354860798186227342031119498744338751657358261697794312505979594279094495507311264165030680080881629407593821030726486312500000000000000
azim2(14,18)	8758266264234548217693157133733575840087175465742727361810038185239104207561578496970383868472615506664942902752797929501437498053421040879335291208000752286787866312197503415154840784322100779939881751494400744441570713473137649658419175422677060485205379021675830765455279597321961/7407515434063507443052367577155481180490940151076256906824558546526762102988977132599782426311074368463273754757726934893480110709525712828974863033043354843240653585095801255281793710513160483745989291141026867609082891178565602310597955011298642385519506424826815689500000000000000
azim2(13,19)	45284146609804056196620216906035983079952263972825371157588904776842551331542541962008970093562721438330147815126236835821781041792106683918896357135852009356479544952540741839649297036755316347206947614302378159294458037909487608999426806285793621721303666539166326552478471877589581141/36111637741059598784880291938632970754893333236496752420769722914317965252071263521423939328266487546258459554443918807605715539708937850041252457286086354860798186227342031119498744338751657358261697794312505979594279094495507311264165030680080881629407593821030726486312500000000000000
azim2(14,19)	4797369882328694531995100270650648294506671562153569843403935752623080345751563931622951897391004138543182860256174350061592202735260619328640855705499296075298323761896197472585807353847057787407719481414571881666687640451052807143535617143936494250838952616892534270428684651790889/4012404193451066531653365770959218972765925915166305824529969212701996139119029280158215480918498616250939950493768756400635059967659761115694717476231817206755354025260225679944304926527961928695744199368056219954919899388389701251573892297786764625489732646781191831812500000000000
azim2(11,19)	4797369882328694531995100270650648294506671562153569843403935752623080345751563931622951897391004138543182860256174350061592202735260619328640855705499296075298323761896197472585807353847057787407719481414571881666687640451052807143535617143936494250838952616892534270428684651790889/4012404193451066531653365770959218972765925915166305824529969212701996139119029280158215480918498616250939950493768756400635059967659761115694717476231817206755354025260225679944304926527961928695744199368056219954919899388389701251573892297786764625489732646781191831812500000000000
azim2(3,20)	399852565998257847949372227059964547053871272872028038666281588220874624285773948996713075212810551947986002164853310814344353834373253983739022548765788260108226948087284954568186838949029552433330505530254914514385424498129113376906877478903868741341185715196025562698371443383085805247/361116377410595987848802919386329707548933332364967524207697229143179652520712635214239393282664875462584595544439188076057155397089378500412524572860863548607981862273420311194987443387516573582616977943125059795942790944955073112641650306800808816294075938210307264863125000000000000000
azim2(2,20)	43008077679461338914627400600104740379896029321112296311264857686269305784940906168888112130752798782272810787202222219047555858842162743730279595964175572460912807335069452116560250397570379008838004035920841691927699836977735823740518655086490043022447820231721668546250757677982491579/36111637741059598784880291938632970754893333236496752420769722914317965252071263521423939328266487546258459554443918807605715539708937850041252457286086354860798186227342031119498744338751657358261697794312505979594279094495507311264165030680080881629407593821030726486312500000000000000
azim2(6,20)	701586741648945483752780727821401877486258099947233545810703715964976000827928336984937294345371148476478676089937458761504045839042917281996840791802938346794140936345269728212423976056290527714962809524348570395859865932413758340490757476579994696881161590901412603776485787481005057759/601860629017659979748004865643882845914888887274945873679495381905299420867854392023732322137774792437640992574065313460095258995148964167354207621434772581013303103789033851991645738979194289304361629905208432993237984908258455187736083844668014693823459897017178774771875000000000000000
azim3(0,5)	150915628670441370575410212235480491193334684629524998266710638567947417668426482316009318640357764399094020703961736483674127437815943256965602136160583788634620808311870351007531509220772765011347714589280938979473090107130747124313400557222567876699971121700331653318123407908952369643/120372125803531995949600973128776569182977777454989174735899076381059884173570878404746464427554958487528198514813062692019051799029792833470841524286954516202660620757806770398329147795838857860872325981041686598647596981651691037547216768933602938764691979403435754954375000000000000000
azim3(8,5)	2265963856247478271113072852264233682812810323031916502344128979312352454244449431232088566658129302723893804569828365907981928461717508549500662931131245587429509912916384199054338305766170920544052579517148290237866589497387255198091133243961166183592600847401489883477392953067032788253/1805581887052979939244014596931648537744666661824837621038486145715898262603563176071196966413324377312922977722195940380285776985446892502062622864304317743039909311367101555974937216937582867913084889715625298979713954724775365563208251534004044081470379691051536324315625000000000000000
azim3(1,5)	8501444835774142912213227923231712471477530661141013079349195979052523059084036852137602721010723173574119949396033515325489741410394741806836939589892575959046855727693768938883557956050792118693490238603762331356438992720913766613048965653385800248372742481095208042852964806640187/8024808386902133063306731541918437945531851830332611649059938425403992278238058560316430961836997232501879900987537512801270119935319522231389434952463634413510708050520451359888609853055923857391488398736112439909839798776779402503147784595573529250979465293562383663625000000000000
azim3(2,6)	65163654234039980975429084394938821369400677179192098834050205973600113137071172865607869168279825621557023262694206583928863886901021775362272143394058640921457395625087896290863625432403623598394933544066657792546197655111979926054943955541982278805078937610677641295869068879333817/57778620385695358055808467101812753207829333178394803873231556662908744403314021634278302925226380074013535287110270092169144863534300560066003931657738167777277097963747249791197990942002651773218716470900009567350846551192811698022664049088129410607052150113649162378100000000000000
azim3(1,6)	65163654234039980975429084394938821369400677179192098834050205973600113137071172865607869168279825621557023262694206583928863886901021775362272143394058640921457395625087896290863625432403623598394933544066657792546197655111979926054943955541982278805078937610677641295869068879333817/57778620385695358055808467101812753207829333178394803873231556662908744403314021634278302925226380074013535287110270092169144863534300560066003931657738167777277097963747249791197990942002651773218716470900009567350846551192811698022664049088129410607052150113649162378100000000000000
azim3(10,6)	1065567914312757471576651867479508931902462172882804500402336741062343710456409402453349524963536430190331361198785114569930683829040481388931339897200222340433636461516114575513041027930061423673530252021798790141907060492545218328002349872851938882972968790924771542487550897983137439621/722232754821191975697605838772659415097866664729935048415394458286359305041425270428478786565329750925169191088878376152114310794178757000825049145721727097215963724546840622389974886775033147165233955886250119591885581889910146225283300613601617632588151876420614529726250000000000000000
azim3(1,7)	331077199275908622582736065243596312620129109107292539738985982239249206329474161161684228232376003789647749475437141388206583718095411861755424664824644854794892383086550088938428647795034371090320227045476975753013974126736660326589073105494347206040444709093814196277850425524873017/288893101928476790279042335509063766039146665891974019366157783314543722016570108171391514626131900370067676435551350460845724317671502800330019658288690838886385489818736248955989954710013258866093582354500047836754232755964058490113320245440647053035260750568245811890500000000000000
azim3(8,7)	999631412486881329690275700183053286471342673696153227883674753370666795439532018699746355045704929049282429768768623502610677280375464332758784092796880735210498396132308895451482294111352112837997608642648116117639576663388371567350880989320206514193624993328476756188025550165435580021/722232754821191975697605838772659415097866664729935048415394458286359305041425270428478786565329750925169191088878376152114310794178757000825049145721727097215963724546840622389974886775033147165233955886250119591885581889910146225283300613601617632588151876420614529726250000000000000000
azim3(10,7)	331077199275908622582736065243596312620129109107292539738985982239249206329474161161684228232376003789647749475437141388206583718095411861755424664824644854794892383086550088938428647795034371090320227045476975753013974126736660326589073105494347206040444709093814196277850425524873017/288893101928476790279042335509063766039146665891974019366157783314543722016570108171391514626131900370067676435551350460845724317671502800330019658288690838886385489818736248955989954710013258866093582354500047836754232755964058490113320245440647053035260750568245811890500000000000000
azim3(6,8)	3619929569805976741528444368457546140000353217529595861564303232756219592002193805588950844701694086399627353689128295165255539409506088017080823325721539001609951424946901872432502931293188754086850699036212757957657349704140963567957240205629259864192905373875269632025848025364053/3320610366993986095161406155276595011944214550482459992714457279477514046167472507717143846277378165173191683167256901848801428938752905750919766187226331481452706779525704010988390284023140906506822785683908595824761296045563890690957703970582150034888054604232710481500000000000000
azim3(11,8)	204367105384108471500917416084512974813936977154000113278628386783955284520981314789716019511251544334407331772824616962394100655276386301486318319881273951284207143447449361690019886115550993049545818046573469263147762721108276563056217821630956335359837085569264387690976750820810647/150127305084962422042557722120712877025730698653385941780578931755306366850989770826150112283970673620957053972219638222972015247268871458701841547977334332895043073157412689634250129744085306334583577223236118043731920454860891721474316946812826008512671209265234762865456224631205000
azim3(7,8)	3619929569805976741528444368457546140000353217529595861564303232756219592002193805588950844701694086399627353689128295165255539409506088017080823325721539001609951424946901872432502931293188754086850699036212757957657349704140963567957240205629259864192905373875269632025848025364053/3320610366993986095161406155276595011944214550482459992714457279477514046167472507717143846277378165173191683167256901848801428938752905750919766187226331481452706779525704010988390284023140906506822785683908595824761296045563890690957703970582150034888054604232710481500000000000000
azim3(5,9)	37734249538637488815384834152063546755041208934767460226351841385754894051050769331349208549031460355656589910230120118386787401262512266274606987779334164306512037671501227429832220002939205731759120970573110117025705427660630352753088975788194929612946389292701101764821671229737999/32099233547608532253226926167673751782127407321330446596239753701615969112952234241265723847347988930007519603950150051205080479741278088925557739809854537654042832202081805439554439412223695429565953594944449759639359195107117610012591138382294117003917861174249534654500000000000000
azim3(12,9)	318695868282905811263313854900857082597583580383058768581175931446168624321918456680601508254783631797566557831650668423719189970731695761357188823286257291132337480192615452817485602762769812329871452984689350104237705485976589553051325756276880627398067912995826665295120903971265328563/261642190114621630084896559647965737182444752384802858974558409078275998238386700976983634484893763934696709271781170990291411202057813589419259702095949747023838710397177216213034883750677517433701653000458666009560401772617911769113047560251511943287142983008856884032773437500000000000
azim3(9,9)	98856393495317521569434862651637250486129831949061486552389441465011934151785860070089276425540025923069757402495013859551236880113020989853497252883129395689205561838150321898447554090576081069060170167149523813257299134896273843574087543347728376642282242879870606846358515974786867321771/75352950753011029464450209178614132308544088686823223384672821814543487492655369881371286731649404013192652270272977245203926426192650313752746794203633527142865548594387038269354046520195125020906076064132095810753395710513958589504557697352435439666697179106550782601438750000000000000000
azim3(5,10)	3083108392321038340904792898546438101844574244579786918280922684882971787970561278462718602962757271440304725558216496599189217814871594199749035429207347410759769022430484117366692608753537385301000046154353271346979352669210094051489256197736927768345472552940550784531623339482584181/2511765025100367648815006972620471076951469622894107446155760727151449583088512329379042891054980133773088409009099241506797547539755010458424893140121117571428851619812901275645134884006504167363535868804403193691779857017131952983485256578414514655556572636885026086714625000000000000
azim3(4,10)	9622625684032342240551117881705934830198462020053013718713514073840283898986149943048269724123463348751694214030292457658860949286081424406712169290320411276218907414790644207865303282771023609551743519544966078350267286191272199350858155661729261398063482824841948446140765611527512648693/7795132836518382358391400949511806790539043657257574832897188463573464223378141711865995179136145242744067476235135577090061354433722446250284151124513813152710229164936590165795246191744323278024766489392975428698627142466961233397023210070941597206899708183436287855321250000000000000000
azim3(12,10)	147913220763128809325336909280719372485501160512032566548029268099145163437913715919723294820148880649883008418830178904262098048110324256698621135040497690327757252544298166266505597905896233489283653742692747599869183890139610349252611084581080215885779395358600011011291827246407808377/120372125803531995949600973128776569182977777454989174735899076381059884173570878404746464427554958487528198514813062692019051799029792833470841524286954516202660620757806770398329147795838857860872325981041686598647596981651691037547216768933602938764691979403435754954375000000000000000
azim3(4,11)	902705485591965493713819240165232379443201431461021454788661711037612398124360034523929929319798888259671073064943083742920470845123253413101840074553215398268438906183844241987064306198363499655534315491980505711890491157345963023445524172661323239797318015046960123096873810227126886641/722232754821191975697605838772659415097866664729935048415394458286359305041425270428478786565329750925169191088878376152114310794178757000825049145721727097215963724546840622389974886775033147165233955886250119591885581889910146225283300613601617632588151876420614529726250000000000000000
azim3(7,11)	897476258605277868581235386836954697874987543445860641066786279493751129977097110390433457421135742961472011612854865469431883400551895084977990863071746021744463110275710369306017613212884232348196251538664691953548682595941573166909751086552973524853909711643253054400763961064545291179/722232754821191975697605838772659415097866664729935048415394458286359305041425270428478786565329750925169191088878376152114310794178757000825049145721727097215963724546840622389974886775033147165233955886250119591885581889910146225283300613601617632588151876420614529726250000000000000000
azim3(12,11)	4463902655612647179698300989503757146186333192376257510680428752676097265634197450580880177146728502614316616048922548546140788342508694075141759157404051401870168515534894466053444719443811580257049827619807264499889506186965740324773483833761504916416255024636425015911896933070263/3703757717031753721526183788577740590245470075538128453412279273263381051494488566299891213155537184231636877378863467446740055354762856414487431516521677421620326792547900627640896855256580241872994645570513433804541445589282801155298977505649321192759753212413407844750000000000000
azim3(10,12)	115059600907849806875210212762223749753576335645368725347914834993616481850544895941577306858565728653490161869280083110511856572722115258565408176078404634117756096621385605016308978987309074080590248847332896603110687886775287057636005088213580848575719619070794796608118926936580599/96297700642825596759680778503021255346382221963991339788719261104847907338856702723797171542043966790022558811850450153615241439223834266776673219429563612962128496606245416318663318236671086288697860784833349278918077585321352830037773415146882351011753583522748603963500000000000000
azim3(13,12)	115059600907849806875210212762223749753576335645368725347914834993616481850544895941577306858565728653490161869280083110511856572722115258565408176078404634117756096621385605016308978987309074080590248847332896603110687886775287057636005088213580848575719619070794796608118926936580599/96297700642825596759680778503021255346382221963991339788719261104847907338856702723797171542043966790022558811850450153615241439223834266776673219429563612962128496606245416318663318236671086288697860784833349278918077585321352830037773415146882351011753583522748603963500000000000000
azim3(11,12)	234806942028199995545060784189383276792816329223291116063560424421058943335627882921253949908711371892558688447408960548237528650017882602337492587080230186364051217183470493322392404230314266203850744166132645458655664958006075228671853639709727228943540570392115177863784009617557283597/180558188705297993924401459693164853774466666182483762103848614571589826260356317607119696641332437731292297772219594038028577698544689250206262286430431774303990931136710155597493721693758286791308488971562529897971395472477536556320825153400404408147037969105153632431562500000000000000
azim3(10,13)	102442801478238099645969360747999514670881520195608548401645329742066867877809293321783657555990538599755023677415474019209792346786729582590685463745450832964408249809592430288771300032253241204243001774575787423986865275544969097031623956848302277807194265192639734574772660677756219343/80248083869021330633067315419184379455318518303326116490599384254039922782380585603164309618369972325018799009875375128012701199353195222313894349524636344135107080505204513598886098530559238573914883987361124399098397987767794025031477845955735292509794652935623836636250000000000000000
azim3(8,13)	279143542038693232885739094288003422071827209191622331620171709187482347474413430465382408493411453361146159488551504714010541906997325327569145805380917872446676787856488465797813835057447430124815782379021884902745950614799251071651617548975177955584431828998030681676920879862161/233732283113654361067186355589857415889277237776678009195920536662252202278778404669410610538941666966074171873423422702949615143747170550428818493761076730490603147102537418249182811254056034681305487341828517667276887343012992305916925764919617356824644620200846126125000000000000
azim3(13,13)	293210291624055848593636298688211960933864130885029142403172725922997841894323117989433886716005382451047253051732562409152767055112378471312986776510122506837477527061726636381869395025326573268225792724748851454895471231609069920785216379690597050837035170179954545200555323514371370231/240744251607063991899201946257553138365955554909978349471798152762119768347141756809492928855109916975056397029626125384038103598059585666941683048573909032405321241515613540796658295591677715721744651962083373197295193963303382075094433537867205877529383958806871509908750000000000000000
azim3(8,14)	925347160087547510270619061852588475059226713296224643724440390229717818733930116643258510620198991271369928645779027278085211213399016327854475143423469515919000199028721051503257697464928146039804224570401111829329641147539776446875656167044337915010868393749307156338340286532399657593/722232754821191975697605838772659415097866664729935048415394458286359305041425270428478786565329750925169191088878376152114310794178757000825049145721727097215963724546840622389974886775033147165233955886250119591885581889910146225283300613601617632588151876420614529726250000000000000000
azim3(9,14)	895285319542094995493774542847853959236706906324501075890373602627724880787881209859273903248400943081768083022061651587489919482027709716903338759020104636434969847772920986928229009516824899182952803558422407092876694199734639061830279784333421557272625880929913937682508028649373754307/722232754821191975697605838772659415097866664729935048415394458286359305041425270428478786565329750925169191088878376152114310794178757000825049145721727097215963724546840622389974886775033147165233955886250119591885581889910146225283300613601617632588151876420614529726250000000000000000
azim3(13,14)	28250303986055569240782756792598390521901018336253035750049860619705739323852229198622111755263682851429147376088996835448956342166381321228208124343279611907315711714869095652011865717261711090546730660214829371100997115930862606579651183278610066671085420280458727239362413315738197/24074425160706399189920194625755313836595555490997834947179815276211976834714175680949292885510991697505639702962612538403810359805958566694168304857390903240532124151561354079665829559167771572174465196208337319729519396330338207509443353786720587752938395880687150990875000000000000
azim3(9,15)	110979439141587151168016431763760459445460638262017534772573829649286001188831844646331312579422415090635934691137695065203181089084456466869741243410813391545336407014558589338197275211244711399463896485080070213062764974084643680480801508127232490188240528719351189116184173397186556429/90279094352648996962200729846582426887233333091241881051924307285794913130178158803559848320666218865646148886109797019014288849272344625103131143215215887151995465568355077798746860846879143395654244485781264948985697736238768278160412576700202204073518984552576816215781250000000000000
azim3(14,15)	111327890265330570064371790215041039769802875042966351781174553111547663018853701369034368615022455881880932836749014508374675808316229510752338121184609630188945743595448018009373207439296512075940888695559202944332597231665667317375104643672472271565716568284116315881150463321822903/96297700642825596759680778503021255346382221963991339788719261104847907338856702723797171542043966790022558811850450153615241439223834266776673219429563612962128496606245416318663318236671086288697860784833349278918077585321352830037773415146882351011753583522748603963500000000000000
azim3(13,15)	229538450815263753308388053370373479190678642184581765535526115370053692806672459889885447278122514523046982772352588363743074591442239029280665076477424802187882518362127204256758432700572688853270860239242091723111471234151423722503974744752773127610551818505518016360711667245392541547/180558188705297993924401459693164853774466666182483762103848614571589826260356317607119696641332437731292297772219594038028577698544689250206262286430431774303990931136710155597493721693758286791308488971562529897971395472477536556320825153400404408147037969105153632431562500000000000000
azim3(9,16)	219801655176907463254890508115174777306720936423843680417203842556007327526712288681622784972216589430184910065922309248495219214935069381908330721557541552680681318743126824227431373709690929181147149929516174081869214708523477264178927212110869425004825434974444600591085291002422803853/180558188705297993924401459693164853774466666182483762103848614571589826260356317607119696641332437731292297772219594038028577698544689250206262286430431774303990931136710155597493721693758286791308488971562529897971395472477536556320825153400404408147037969105153632431562500000000000000
azim3(12,16)	111500042217695614503771228840019390680349402307787261818075063466973830547531644965652275899271389716192709436403998949970304175169228611890499793264591579962102016819493960149006540366167271352707475194622150641809971695800423016158092841974609705876221247716329708245010455806315277/96297700642825596759680778503021255346382221963991339788719261104847907338856702723797171542043966790022558811850450153615241439223834266776673219429563612962128496606245416318663318236671086288697860784833349278918077585321352830037773415146882351011753583522748603963500000000000000
azim3(14,16)	613686467710504689035485516960465542847315569915383813763339239658308347435615285356145477005236077197583653609377171108228211126629798176546821367408287040688283583083792496436040026193532673796721425988653750693064421487082229244452552619043425533701241239694869592097384641716741703/478934187547209532955972041626431972876569406319585575872277492232333756658770073228434208597698773823056492764508206997423283020012438329459581661619182425209525016277745770815633214041799169207714824858256047474725186929648638080426591918833963947339623260225871704062500000000000000
azim3(12,17)	45604977480089844207179441412792941780465323128191699780781582626013035648612738739572423265813412440463280620766106869208405563522911481706129004013850000810367849929485928218002654388770151249169255171688960938131002331811958162084135275511501255899753963385195511292488691757345989727/36111637741059598784880291938632970754893333236496752420769722914317965252071263521423939328266487546258459554443918807605715539708937850041252457286086354860798186227342031119498744338751657358261697794312505979594279094495507311264165030680080881629407593821030726486312500000000000000
azim3(7,17)	437877697733990572094993570022012635708832264682310358482126742939473191021661538161534309735131686996366536581012335505437565474235949879486938515846724012038270399863231499526934989800873426705495921741808785664293087490700032167579428226200671225876327881080209419544397518875020863867/361116377410595987848802919386329707548933332364967524207697229143179652520712635214239393282664875462584595544439188076057155397089378500412524572860863548607981862273420311194987443387516573582616977943125059795942790944955073112641650306800808816294075938210307264863125000000000000000
azim3(14,17)	114135009037809648970936793530741623020891790135271706311918145486991881242093296585425267790134886910554318498156281249790408941463144076499102974917882403476291485502987088240978792774099359891692220883167632886114064096739445180636749319990257582769031851235668568684698038319735097/96297700642825596759680778503021255346382221963991339788719261104847907338856702723797171542043966790022558811850450153615241439223834266776673219429563612962128496606245416318663318236671086288697860784833349278918077585321352830037773415146882351011753583522748603963500000000000000
azim3(7,18)	46138966384489487001936426792527302982268082138980284550422977424882102689300847238472413711792014925673207391821030731353929740388203961868870411229796128058003280162258482103649714295366432527864939967325871785795401618410346729806383001252196422741202657521995196793326789495615721927/36111637741059598784880291938632970754893333236496752420769722914317965252071263521423939328266487546258459554443918807605715539708937850041252457286086354860798186227342031119498744338751657358261697794312505979594279094495507311264165030680080881629407593821030726486312500000000000000
azim3(11,18)	8758266264234548217693157133733575840087175465742727361810038185239104207561578496970383868472615506664942902752797929501437498053421040879335291208000752286787866312197503415154840784322100779939881751494400744441570713473137649658419175422677060485205379021675830765455279597321961/7407515434063507443052367577155481180490940151076256906824558546526762102988977132599782426311074368463273754757726934893480110709525712828974863033043354843240653585095801255281793710513160483745989291141026867609082891178565602310597955011298642385519506424826815689500000000000000
azim3(14,18)	8758266264234548217693157133733575840087175465742727361810038185239104207561578496970383868472615506664942902752797929501437498053421040879335291208000752286787866312197503415154840784322100779939881751494400744441570713473137649658419175422677060485205379021675830765455279597321961/7407515434063507443052367577155481180490940151076256906824558546526762102988977132599782426311074368463273754757726934893480110709525712828974863033043354843240653585095801255281793710513160483745989291141026867609082891178565602310597955011298642385519506424826815689500000000000000
azim3(13,19)	4797369882328694531995100270650648294506671562153569843403935752623080345751563931622951897391004138543182860256174350061592202735260619328640855705499296075298323761896197472585807353847057787407719481414571881666687640451052807143535617143936494250838952616892534270428684651790889/4012404193451066531653365770959218972765925915166305824529969212701996139119029280158215480918498616250939950493768756400635059967659761115694717476231817206755354025260225679944304926527961928695744199368056219954919899388389701251573892297786764625489732646781191831812500000000000
azim3(14,19)	4797369882328694531995100270650648294506671562153569843403935752623080345751563931622951897391004138543182860256174350061592202735260619328640855705499296075298323761896197472585807353847057787407719481414571881666687640451052807143535617143936494250838952616892534270428684651790889/4012404193451066531653365770959218972765925915166305824529969212701996139119029280158215480918498616250939950493768756400635059967659761115694717476231817206755354025260225679944304926527961928695744199368056219954919899388389701251573892297786764625489732646781191831812500000000000
azim3(11,19)	45284146609804056196620216906035983079952263972825371157588904776842551331542541962008970093562721438330147815126236835821781041792106683918896357135852009356479544952540741839649297036755316347206947614302378159294458037909487608999426806285793621721303666539166326552478471877589581141/36111637741059598784880291938632970754893333236496752420769722914317965252071263521423939328266487546258459554443918807605715539708937850041252457286086354860798186227342031119498744338751657358261697794312505979594279094495507311264165030680080881629407593821030726486312500000000000000
azim3(3,20)	43008077679461338914627400600104740379896029321112296311264857686269305784940906168888112130752798782272810787202222219047555858842162743730279595964175572460912807335069452116560250397570379008838004035920841691927699836977735823740518655086490043022447820231721668546250757677982491579/36111637741059598784880291938632970754893333236496752420769722914317965252071263521423939328266487546258459554443918807605715539708937850041252457286086354860798186227342031119498744338751657358261697794312505979594279094495507311264165030680080881629407593821030726486312500000000000000
azim3(2,20)	701586741648945483752780727821401877486258099947233545810703715964976000827928336984937294345371148476478676089937458761504045839042917281996840791802938346794140936345269728212423976056290527714962809524348570395859865932413758340490757476579994696881161590901412603776485787481005057759/601860629017659979748004865643882845914888887274945873679495381905299420867854392023732322137774792437640992574065313460095258995148964167354207621434772581013303103789033851991645738979194289304361629905208432993237984908258455187736083844668014693823459897017178774771875000000000000000
azim3(6,20)	399852565998257847949372227059964547053871272872028038666281588220874624285773948996713075212810551947986002164853310814344353834373253983739022548765788260108226948087284954568186838949029552433330505530254914514385424498129113376906877478903868741341185715196025562698371443383085805247/361116377410595987848802919386329707548933332364967524207697229143179652520712635214239393282664875462584595544439188076057155397089378500412524572860863548607981862273420311194987443387516573582616977943125059795942790944955073112641650306800808816294075938210307264863125000000000000000
rhazim2(0,5)	8501444835774142912213227923231712471477530661141013079349195979052523059084036852137602721010723173574119949396033515325489741410394741806836939589892575959046855727693768938883557956050792118693490238603762331356438992720913766613048965653385800248372742481095208042852964806640187/8024808386902133063306731541918437945531851830332611649059938425403992278238058560316430961836997232501879900987537512801270119935319522231389434952463634413510708050520451359888609853055923857391488398736112439909839798776779402503147784595573529250979465293562383663625000000000000
rhazim2(8,5)	1610273011389398706496172703045336965588358936808172157124682966336469620547616752086692049373361572152482471154891886404999330445965658089716004431919656089838904523809605372363918932968220829129619828247101981855117790072409596954457923112804476823044794589770621500492062642040773273773/1203721258035319959496009731287765691829777774549891747358990763810598841735708784047464644275549584875281985148130626920190517990297928334708415242869545162026606207578067703983291477958388578608723259810416865986475969816516910375472167689336029387646919794034357549543750000000000000000
rhazim2(1,5)	1688286017148064590790632058518932759559463581212846360992720034652862897068723889955282163708328994360544043806811006452863999652413088110764678911324027638710772701390674182286129061061327787347132589326442162951057375866519428719851983015950123153365389498606790156309760499650501616927/1203721258035319959496009731287765691829777774549891747358990763810598841735708784047464644275549584875281985148130626920190517990297928334708415242869545162026606207578067703983291477958388578608723259810416865986475969816516910375472167689336029387646919794034357549543750000000000000000
rhazim2(2,6)	3336122782022472851159713649108996389889655751867711755922169627952990834805541811856686167978271671080133334688307536092262183783071921415490291195757276660707335972053426718642000501192471212056440364545886228966392134551031369039956904524011291361280804494275157426262444827244176483/2222254630219052232915710273146644354147282045322877072047367563958028630896693139779934727893322310538982126427318080468044033212857713848692458909913006452972196075528740376584538113153948145123796787342308060282724867353569680693179386503389592715655851927448044706850000000000000000
rhazim2(1,6)	65163654234039980975429084394938821369400677179192098834050205973600113137071172865607869168279825621557023262694206583928863886901021775362272143394058640921457395625087896290863625432403623598394933544066657792546197655111979926054943955541982278805078937610677641295869068879333817/57778620385695358055808467101812753207829333178394803873231556662908744403314021634278302925226380074013535287110270092169144863534300560066003931657738167777277097963747249791197990942002651773218716470900009567350846551192811698022664049088129410607052150113649162378100000000000000
rhazim2(10,6)	65163654234039980975429084394938821369400677179192098834050205973600113137071172865607869168279825621557023262694206583928863886901021775362272143394058640921457395625087896290863625432403623598394933544066657792546197655111979926054943955541982278805078937610677641295869068879333817/57778620385695358055808467101812753207829333178394803873231556662908744403314021634278302925226380074013535287110270092169144863534300560066003931657738167777277097963747249791197990942002651773218716470900009567350846551192811698022664049088129410607052150113649162378100000000000000
rhazim2(1,7)	331077199275908622582736065243596312620129109107292539738985982239249206329474161161684228232376003789647749475437141388206583718095411861755424664824644854794892383086550088938428647795034371090320227045476975753013974126736660326589073105494347206040444709093814196277850425524873017/288893101928476790279042335509063766039146665891974019366157783314543722016570108171391514626131900370067676435551350460845724317671502800330019658288690838886385489818736248955989954710013258866093582354500047836754232755964058490113320245440647053035260750568245811890500000000000000
rhazim2(8,7)	2760563246520053103303793104702071659360790113905253085340610220522013050650167721433051651712220082834418273048869938264301706027114687731883869475003575514179965064892850692670205442455340912751130306926217703195214807997422900667784153391407993515755988467470195325921089281241596857211/2407442516070639918992019462575531383659555549099783494717981527621197683471417568094929288551099169750563970296261253840381035980595856669416830485739090324053212415156135407966582955916777157217446519620833731972951939633033820750944335378672058775293839588068715099087500000000000000000
rhazim2(10,7)	1165821183752312855950451771776055699506281650079185405845824506898881995679777285127599363070498987637121154265915910138999880216480176331888850711686484237757217939551325066633860646314205662475739996715190943399822371704138379536466334577458131718790859227780562703807119989652668920813/802480838690213306330673154191843794553185183033261164905993842540399227823805856031643096183699723250187990098753751280127011993531952223138943495246363441351070805052045135988860985305592385739148839873611243990983979877677940250314778459557352925097946529356238366362500000000000000000
rhazim2(6,8)	3619929569805976741528444368457546140000353217529595861564303232756219592002193805588950844701694086399627353689128295165255539409506088017080823325721539001609951424946901872432502931293188754086850699036212757957657349704140963567957240205629259864192905373875269632025848025364053/3320610366993986095161406155276595011944214550482459992714457279477514046167472507717143846277378165173191683167256901848801428938752905750919766187226331481452706779525704010988390284023140906506822785683908595824761296045563890690957703970582150034888054604232710481500000000000000
rhazim2(11,8)	3619929569805976741528444368457546140000353217529595861564303232756219592002193805588950844701694086399627353689128295165255539409506088017080823325721539001609951424946901872432502931293188754086850699036212757957657349704140963567957240205629259864192905373875269632025848025364053/3320610366993986095161406155276595011944214550482459992714457279477514046167472507717143846277378165173191683167256901848801428938752905750919766187226331481452706779525704010988390284023140906506822785683908595824761296045563890690957703970582150034888054604232710481500000000000000
rhazim2(7,8)	204367105384108471500917416084512974813936977154000113278628386783955284520981314789716019511251544334407331772824616962394100655276386301486318319881273951284207143447449361690019886115550993049545818046573469263147762721108276563056217821630956335359837085569264387690976750820810647/127715783345922542121592544433715192767085175018556153565940664595289001775672019527582455626053006352815064737202188532646208805336650221189221776431781980055873337674065538884168857077813111788723953295534945993260049847906303488113757845022390385957232869393565787750000000000000000
rhazim2(5,9)	98856393495317521569434862651637250486129831949061486552389441465011934151785860070089276425540025923069757402495013859551236880113020989853497252883129395689205561838150321898447554090576081069060170167149523813257299134896273843574087543347728376642282242879870606846358515974786867321771/75352950753011029464450209178614132308544088686823223384672821814543487492655369881371286731649404013192652270272977245203926426192650313752746794203633527142865548594387038269354046520195125020906076064132095810753395710513958589504557697352435439666697179106550782601438750000000000000000
rhazim2(12,9)	1108361282683285665203335546067799567382836674187434198869304472907586493441840780437171705083163349773540067449419148633915903037332987871424280097581736414734363857146162605635742343193340278391124833245371089305012748704891291023608719450979955732437704034232203974070762396210675849/925939429257938430381545947144435147561367518884532113353069818315845262873622141574972803288884296057909219344715866861685013838690714103621857879130419355405081698136975156910224213814145060468248661392628358451135361397320700288824744376412330298189938303103351961187500000000000000
rhazim2(9,9)	318695868282905811263313854900857082597583580383058768581175931446168624321918456680601508254783631797566557831650668423719189970731695761357188823286257291132337480192615452817485602762769812329871452984689350104237705485976589553051325756276880627398067912995826665295120903971265328563/261642190114621630084896559647965737182444752384802858974558409078275998238386700976983634484893763934696709271781170990291411202057813589419259702095949747023838710397177216213034883750677517433701653000458666009560401772617911769113047560251511943287142983008856884032773437500000000000
rhazim2(5,10)	147913220763128809325336909280719372485501160512032566548029268099145163437913715919723294820148880649883008418830178904262098048110324256698621135040497690327757252544298166266505597905896233489283653742692747599869183890139610349252611084581080215885779395358600011011291827246407808377/120372125803531995949600973128776569182977777454989174735899076381059884173570878404746464427554958487528198514813062692019051799029792833470841524286954516202660620757806770398329147795838857860872325981041686598647596981651691037547216768933602938764691979403435754954375000000000000000
rhazim2(4,10)	32865563082515921009590398464827978994171562815292516546295286197663662279930818194336001245925331631518852864036646850805718357466085711813257229170960322883050185967882168485476618191054319970889444588267591127766810362638931495971507933173449760671771111890036408019329241186681022477/26749361289673776877689105139728126485106172767775372163533128084679974260793528534388103206123324108339599669958458376004233733117731740771298116508212114711702360168401504532962032843519746191304961329120374799699465995922598008343825948651911764169931550978541278878750000000000000000
rhazim2(12,10)	297809271988392142523847231750420037359017608218177324524562906985806983671948973759433386315850007439696897976395924187423041223367089173732143123471617469743688747291593063824447239845573773010586625804745343854343705048529768864908360830735655387479432044999345838422288026064263430093/240744251607063991899201946257553138365955554909978349471798152762119768347141756809492928855109916975056397029626125384038103598059585666941683048573909032405321241515613540796658295591677715721744651962083373197295193963303382075094433537867205877529383958806871509908750000000000000000
rhazim2(4,11)	9757183478019853873606004471481999177906229778485945719091057908862344596874874560669220889738753217704221204141637284823004517093102549471872691861797953648194774612888607783800252793249425299221646361924511066794063288717838798877101720890751936937720195668470423998691041387854785753/8024808386902133063306731541918437945531851830332611649059938425403992278238058560316430961836997232501879900987537512801270119935319522231389434952463634413510708050520451359888609853055923857391488398736112439909839798776779402503147784595573529250979465293562383663625000000000000000
rhazim2(7,11)	902705485591965493713819240165232379443201431461021454788661711037612398124360034523929929319798888259671073064943083742920470845123253413101840074553215398268438906183844241987064306198363499655534315491980505711890491157345963023445524172661323239797318015046960123096873810227126886641/722232754821191975697605838772659415097866664729935048415394458286359305041425270428478786565329750925169191088878376152114310794178757000825049145721727097215963724546840622389974886775033147165233955886250119591885581889910146225283300613601617632588151876420614529726250000000000000000
rhazim2(12,11)	897476258605277868581235386836954697874987543445860641066786279493751129977097110390433457421135742961472011612854865469431883400551895084977990863071746021744463110275710369306017613212884232348196251538664691953548682595941573166909751086552973524853909711643253054400763961064545291179/722232754821191975697605838772659415097866664729935048415394458286359305041425270428478786565329750925169191088878376152114310794178757000825049145721727097215963724546840622389974886775033147165233955886250119591885581889910146225283300613601617632588151876420614529726250000000000000000
rhazim2(10,12)	234806942028199995545060784189383276792816329223291116063560424421058943335627882921253949908711371892558688447408960548237528650017882602337492587080230186364051217183470493322392404230314266203850744166132645458655664958006075228671853639709727228943540570392115177863784009617557283597/180558188705297993924401459693164853774466666182483762103848614571589826260356317607119696641332437731292297772219594038028577698544689250206262286430431774303990931136710155597493721693758286791308488971562529897971395472477536556320825153400404408147037969105153632431562500000000000000
rhazim2(13,12)	115059600907849806875210212762223749753576335645368725347914834993616481850544895941577306858565728653490161869280083110511856572722115258565408176078404634117756096621385605016308978987309074080590248847332896603110687886775287057636005088213580848575719619070794796608118926936580599/96297700642825596759680778503021255346382221963991339788719261104847907338856702723797171542043966790022558811850450153615241439223834266776673219429563612962128496606245416318663318236671086288697860784833349278918077585321352830037773415146882351011753583522748603963500000000000000
rhazim2(11,12)	8552012167045025972057620872149892259695015705587872767284854657638417141031609713344177216181252627467042180447872083706873410802006682026658297960524510140334783837662082066434864582861270536965589812656755442182998865503757373089136239819084569223669073316243849349330586430647187969/7011968493409630832015590667695722476678317133300340275877616099867566068363352140082318316168250008982225156202702681088488454312415116512864554812832301914718094413076122547475484337621681040439164620254855530018306620290389769177507772947588520704739338606025383783750000000000000000
rhazim2(10,13)	293210291624055848593636298688211960933864130885029142403172725922997841894323117989433886716005382451047253051732562409152767055112378471312986776510122506837477527061726636381869395025326573268225792724748851454895471231609069920785216379690597050837035170179954545200555323514371370231/240744251607063991899201946257553138365955554909978349471798152762119768347141756809492928855109916975056397029626125384038103598059585666941683048573909032405321241515613540796658295591677715721744651962083373197295193963303382075094433537867205877529383958806871509908750000000000000000
rhazim2(8,13)	461662440215034058867704247313823888496038349883152010571043195049838073312705834889427029011719221703109888448081217668629277904157309219115400690799551037903432587865465808311254303414112994476290903128426179006030215773864318605260407164860845910766188969132396767105317036872302266901/361116377410595987848802919386329707548933332364967524207697229143179652520712635214239393282664875462584595544439188076057155397089378500412524572860863548607981862273420311194987443387516573582616977943125059795942790944955073112641650306800808816294075938210307264863125000000000000000
rhazim2(13,13)	176064515996060904105769736177390087784125602302974555120927125669952291742824887866687556765024693534938324835038488030846831642198290822000212907444219105853784133514488490921357732419394703558152293428652992246976386880669861143984895190498221858708860854960242380092992315155639749353/144446550964238395139521167754531883019573332945987009683078891657271861008285054085695757313065950185033838217775675230422862158835751400165009829144345419443192744909368124477994977355006629433046791177250023918377116377982029245056660122720323526517630375284122905945250000000000000000
rhazim2(8,14)	1083700889375348468181880402138348099421538828634977311024094205477649157113315607805476886674430997740043005732325503214355768184242819235901465999608512989877189978935000179302238708820655637508957488465437697108069432115607829550454063056051311987959072889846851250493221941612733962379841794992245332233779641373631901804843/902790943526489969622007298465824268872333330912418810519243072857949131301781588035598483206662188656461488861097970190142888492723446251031311432152158871519954655683550777987468608468791433956542444857812649489856977362387682781604125767002022040735189845525768162157812500000000000000000000000000000000000000000000000000000
rhazim2(9,14)	387687547703820288235078164208650177245615105906946678669507412800094893356534907380509432787469109960421144600318277341143430284049086632504444838190576526258588460576962971913102438734449060443779339971580835869082256678638930648741729108259362414362545500848129126433285437837235681720469401669251555922073452875456032731719/300930314508829989874002432821941422957444443637472936839747690952649710433927196011866161068887396218820496287032656730047629497574482083677103810717386290506651551894516925995822869489597144652180814952604216496618992454129227593868041922334007346911729948508589387385937500000000000000000000000000000000000000000000000000000
rhazim2(13,14)	895285319542094995493774542847853959236706906324501075890373602627724880787881209859273903248400943081768083022061651587489919482027709716903338759020104636434969847772920986928229009516824899182952803558422407092876694199734639061830279784333421557272625880929913937682508028649373754307/722232754821191975697605838772659415097866664729935048415394458286359305041425270428478786565329750925169191088878376152114310794178757000825049145721727097215963724546840622389974886775033147165233955886250119591885581889910146225283300613601617632588151876420614529726250000000000000000
rhazim2(9,15)	370611441685892307112110855767685892697998214984543470321267096511541034046311998619498411266225767002741495059939443236406426717688864071188640441769128166296986079976285316073974166139107266739329494659375959581085181697238523350697528581020885445662675054684755544881635195469794796347307086036331889925157493619522556529571933/282573565323791360491688284419802996157040332575587087692523081804538078097457637055142325243685265049472446013523664669514724098222438676572800478263625726785745807228951393510077674450731718828397785240495359290325233914427344710642091365071632898750114421649565434755395312500000000000000000000000000000000000000000000000000000
rhazim2(14,15)	296391726752874143421938567335245273505942708033989121235956353205120781745260929017817213551634305577837347109508243228665291133303234643290854051725517237163294061187022819576381702742634836436701987388770277633560254620167021593694203594368277080924517927095281811989051171607430337049/240744251607063991899201946257553138365955554909978349471798152762119768347141756809492928855109916975056397029626125384038103598059585666941683048573909032405321241515613540796658295591677715721744651962083373197295193963303382075094433537867205877529383958806871509908750000000000000000
rhazim2(13,15)	338089899291550310848830196871998261733699826302889751440158928871262723495072533201997995778021532366382386477863388415432091564289778418597161094313303220872599989466405175795062281013893411290770033025542352673310212214166361991357210289832030521336017888111914938385204914531674244216297913963668110074842506380477443470428067/282573565323791360491688284419802996157040332575587087692523081804538078097457637055142325243685265049472446013523664669514724098222438676572800478263625726785745807228951393510077674450731718828397785240495359290325233914427344710642091365071632898750114421649565434755395312500000000000000000000000000000000000000000000000000000
rhazim2(9,16)	36326702017199732719636118008266215534236974874967794495031206302772352652247661543140178898357748853921020438532314840849000254992499201766302462587542085803217830219123401516845284901386995810995262137439070569432050943493206566448139044814642844101192861579827726524345535227162906699440787095294776951414739383725584993692389/28257356532379136049168828441980299615704033257558708769252308180453807809745763705514232524368526504947244601352366466951472409822243867657280047826362572678574580722895139351007767445073171882839778524049535929032523391442734471064209136507163289875011442164956543475539531250000000000000000000000000000000000000000000000000000
rhazim2(12,16)	35976010557687873167076719166328096525953074037432558309072153939163876676246762742472143130821584575193991375771755234526840235297292310444214096709942478040086635252200304943176705959731157176927637517867204840742422829494894655131893843746973847498181350714259966146620063185847613492927337904705223048585260616274415006307611/28257356532379136049168828441980299615704033257558708769252308180453807809745763705514232524368526504947244601352366466951472409822243867657280047826362572678574580722895139351007767445073171882839778524049535929032523391442734471064209136507163289875011442164956543475539531250000000000000000000000000000000000000000000000000000
rhazim2(14,16)	1577317597233956350538383655206665353097788744708028303075377840168029773782371918570423716400361069800987593339628195176905498434226702106872277223265134363540829790947099845078153945131347820973709651950297410811863628862878142004918510243221393239040323602755216892415343490597382893/1337468064483688843884455256986406324255308638388768608176656404233998713039676426719405160306166205416979983497922918800211686655886587038564905825410605735585118008420075226648101642175987309565248066456018739984973299796129900417191297432595588208496577548927063943937500000000000000
rhazim2(12,17)	90212452374662180595320955534825528929677010007664391139905958937176990325798445845239054358679485431735445268348983446375602273002668565345511511055354460467363324873622596220918265250678584162249068341242181556460198495835486745927576581746980129329257970695706327394718995744275869858886184507026207677203614524881231041589/75232578627207497468500608205485355739361110909368234209936922738162427608481799002966540267221849054705124071758164182511907374393620520919275952679346572626662887973629231498955717372399286163045203738151054124154748113532306898467010480583501836727932487127147346846484375000000000000000000000000000000000000000000000000000
rhazim2(7,17)	295493140216378647600546897630971365293457677387714822456436486072147926072983173206583167641704325295689609151443321182376026271111698378389641168895869085653845612300346742887552471757357603898618417329808286182342740713288594934870749880138320921805887739162267570943575646253826106626778946478921376968389156425356306875233/225697735881622492405501824616456067218083332728104702629810768214487282825445397008899620801665547164115372215274492547535722123180861562757827858038039717879988663920887694496867152117197858489135611214453162372464244340596920695401031441750505510183797461381442040539453125000000000000000000000000000000000000000000000000000
rhazim2(14,17)	437877697733990572094993570022012635708832264682310358482126742939473191021661538161534309735131686996366536581012335505437565474235949879486938515846724012038270399863231499526934989800873426705495921741808785664293087490700032167579428226200671225876327881080209419544397518875020863867/361116377410595987848802919386329707548933332364967524207697229143179652520712635214239393282664875462584595544439188076057155397089378500412524572860863548607981862273420311194987443387516573582616977943125059795942790944955073112641650306800808816294075938210307264863125000000000000000
rhazim2(7,18)	60827839699116460672142793895680739663515056872211369397507824848593667445627340579848908445373345327521079992124377059979075368337927165103277353774804526023356670574910338553998935684663222463093608061622092398234741410594744463289626551529148586159239491888526180299316011174116602555680106767148826907596753062559986562879/50155052418138331645667072136990237159574073939578822806624615158774951738987866001977693511481232703136749381172109455007938249595747013946183968452897715084441925315752820999303811581599524108696802492100702749436498742354871265644673653722334557818621658084764897897656250000000000000000000000000000000000000000000000000000
rhazim2(11,18)	1553151196707683335149102763701209117275894193006520345765514650228832580089368118594488179039687471584046530941255066697908864618801992706959790463902177794355982219980616963628371506005166055993894960980197454038051567549909219311602702025566638939166272971673348739989492182853269308901/1203721258035319959496009731287765691829777774549891747358990763810598841735708784047464644275549584875281985148130626920190517990297928334708415242869545162026606207578067703983291477958388578608723259810416865986475969816516910375472167689336029387646919794034357549543750000000000000000
rhazim2(14,18)	61171143281959956035426867725578730225336198503376643999368471637154767392846306881798384832799224028654608461859457572075411461665730153094974310691130002486298638449918069792198984928670321553273694214129424587500270584638411646215671623728223653005948250897440914444360270415048843626569893232851173092403246937440013437121/50155052418138331645667072136990237159574073939578822806624615158774951738987866001977693511481232703136749381172109455007938249595747013946183968452897715084441925315752820999303811581599524108696802492100702749436498742354871265644673653722334557818621658084764897897656250000000000000000000000000000000000000000000000000000
rhazim2(13,19)	31701450391754358814948504127563849559362741766638507346716493852477508325852285188476861007312756313444207901293287801200262599554033414144021853806429717328977394768192919588247307376079786542801325731234222194889152463750679039120826129150314599287798834072244186707998783957222420453/24074425160706399189920194625755313836595555490997834947179815276211976834714175680949292885510991697505639702962612538403810359805958566694168304857390903240532124151561354079665829559167771572174465196208337319729519396330338207509443353786720587752938395880687150990875000000000000000
rhazim2(14,19)	28936637515902432402419518672778113618254015398457497424448146950536577655534201700176330616464726281883587526435384584513849431128244458229122216115088810259636265354443573846080511669995053967770856743465250076050855641280047641411491367025748895940782263787682906918772193740521996463/24074425160706399189920194625755313836595555490997834947179815276211976834714175680949292885510991697505639702962612538403810359805958566694168304857390903240532124151561354079665829559167771572174465196208337319729519396330338207509443353786720587752938395880687150990875000000000000000
rhazim2(11,19)	4797369882328694531995100270650648294506671562153569843403935752623080345751563931622951897391004138543182860256174350061592202735260619328640855705499296075298323761896197472585807353847057787407719481414571881666687640451052807143535617143936494250838952616892534270428684651790889/4012404193451066531653365770959218972765925915166305824529969212701996139119029280158215480918498616250939950493768756400635059967659761115694717476231817206755354025260225679944304926527961928695744199368056219954919899388389701251573892297786764625489732646781191831812500000000000
rhazim2(3,20)	399852565998257847949372227059964547053871272872028038666281588220874624285773948996713075212810551947986002164853310814344353834373253983739022548765788260108226948087284954568186838949029552433330505530254914514385424498129113376906877478903868741341185715196025562698371443383085805247/361116377410595987848802919386329707548933332364967524207697229143179652520712635214239393282664875462584595544439188076057155397089378500412524572860863548607981862273420311194987443387516573582616977943125059795942790944955073112641650306800808816294075938210307264863125000000000000000
rhazim2(2,20)	122859275552455258148638772709785664362739714216291442434528890941241059273918250233538299578623032469001775778271990612273983372329296865083402660799424809918889011742624050401785818968521246533129482413246751998280427989977208963936241351582257925275012957863537288941966839146665495792952699703885293/90279094352648996962200729846582426887233333091241881051924307285794913130178158803559848320666218865646148886109797019014288849272344625103131143215215887151995465568355077798746860846879143395654244485781264948985697736238768278160412576700202204073518984552576816215781250000000000000000000000000000
rhazim2(6,20)	41235047089604150231133922665055571740693096822198796265919061466838525635068650657386327392031228258512402855732269056253250965448385063240951103593411775459106564483664678906078814837263269781796577282363133316177141238209384839683071888028677078713563360641041673733890775981790892841765766765371569/30093031450882998987400243282194142295744444363747293683974769095264971043392719601186616106888739621882049628703265673004762949757448208367710381071738629050665155189451692599582286948959714465218081495260421649661899245412922759386804192233400734691172994850858938738593750000000000000000000000000000
rhazim3(0,5)	1610273011389398706496172703045336965588358936808172157124682966336469620547616752086692049373361572152482471154891886404999330445965658089716004431919656089838904523809605372363918932968220829129619828247101981855117790072409596954457923112804476823044794589770621500492062642040773273773/1203721258035319959496009731287765691829777774549891747358990763810598841735708784047464644275549584875281985148130626920190517990297928334708415242869545162026606207578067703983291477958388578608723259810416865986475969816516910375472167689336029387646919794034357549543750000000000000000
rhazim3(8,5)	1688286017148064590790632058518932759559463581212846360992720034652862897068723889955282163708328994360544043806811006452863999652413088110764678911324027638710772701390674182286129061061327787347132589326442162951057375866519428719851983015950123153365389498606790156309760499650501616927/1203721258035319959496009731287765691829777774549891747358990763810598841735708784047464644275549584875281985148130626920190517990297928334708415242869545162026606207578067703983291477958388578608723259810416865986475969816516910375472167689336029387646919794034357549543750000000000000000
rhazim3(1,5)	8501444835774142912213227923231712471477530661141013079349195979052523059084036852137602721010723173574119949396033515325489741410394741806836939589892575959046855727693768938883557956050792118693490238603762331356438992720913766613048965653385800248372742481095208042852964806640187/8024808386902133063306731541918437945531851830332611649059938425403992278238058560316430961836997232501879900987537512801270119935319522231389434952463634413510708050520451359888609853055923857391488398736112439909839798776779402503147784595573529250979465293562383663625000000000000
rhazim3(2,6)	65163654234039980975429084394938821369400677179192098834050205973600113137071172865607869168279825621557023262694206583928863886901021775362272143394058640921457395625087896290863625432403623598394933544066657792546197655111979926054943955541982278805078937610677641295869068879333817/57778620385695358055808467101812753207829333178394803873231556662908744403314021634278302925226380074013535287110270092169144863534300560066003931657738167777277097963747249791197990942002651773218716470900009567350846551192811698022664049088129410607052150113649162378100000000000000
rhazim3(1,6)	65163654234039980975429084394938821369400677179192098834050205973600113137071172865607869168279825621557023262694206583928863886901021775362272143394058640921457395625087896290863625432403623598394933544066657792546197655111979926054943955541982278805078937610677641295869068879333817/57778620385695358055808467101812753207829333178394803873231556662908744403314021634278302925226380074013535287110270092169144863534300560066003931657738167777277097963747249791197990942002651773218716470900009567350846551192811698022664049088129410607052150113649162378100000000000000
rhazim3(10,6)	3336122782022472851159713649108996389889655751867711755922169627952990834805541811856686167978271671080133334688307536092262183783071921415490291195757276660707335972053426718642000501192471212056440364545886228966392134551031369039956904524011291361280804494275157426262444827244176483/2222254630219052232915710273146644354147282045322877072047367563958028630896693139779934727893322310538982126427318080468044033212857713848692458909913006452972196075528740376584538113153948145123796787342308060282724867353569680693179386503389592715655851927448044706850000000000000000
rhazim3(1,7)	2760563246520053103303793104702071659360790113905253085340610220522013050650167721433051651712220082834418273048869938264301706027114687731883869475003575514179965064892850692670205442455340912751130306926217703195214807997422900667784153391407993515755988467470195325921089281241596857211/2407442516070639918992019462575531383659555549099783494717981527621197683471417568094929288551099169750563970296261253840381035980595856669416830485739090324053212415156135407966582955916777157217446519620833731972951939633033820750944335378672058775293839588068715099087500000000000000000
rhazim3(8,7)	1165821183752312855950451771776055699506281650079185405845824506898881995679777285127599363070498987637121154265915910138999880216480176331888850711686484237757217939551325066633860646314205662475739996715190943399822371704138379536466334577458131718790859227780562703807119989652668920813/802480838690213306330673154191843794553185183033261164905993842540399227823805856031643096183699723250187990098753751280127011993531952223138943495246363441351070805052045135988860985305592385739148839873611243990983979877677940250314778459557352925097946529356238366362500000000000000000
rhazim3(10,7)	331077199275908622582736065243596312620129109107292539738985982239249206329474161161684228232376003789647749475437141388206583718095411861755424664824644854794892383086550088938428647795034371090320227045476975753013974126736660326589073105494347206040444709093814196277850425524873017/288893101928476790279042335509063766039146665891974019366157783314543722016570108171391514626131900370067676435551350460845724317671502800330019658288690838886385489818736248955989954710013258866093582354500047836754232755964058490113320245440647053035260750568245811890500000000000000
rhazim3(6,8)	3619929569805976741528444368457546140000353217529595861564303232756219592002193805588950844701694086399627353689128295165255539409506088017080823325721539001609951424946901872432502931293188754086850699036212757957657349704140963567957240205629259864192905373875269632025848025364053/3320610366993986095161406155276595011944214550482459992714457279477514046167472507717143846277378165173191683167256901848801428938752905750919766187226331481452706779525704010988390284023140906506822785683908595824761296045563890690957703970582150034888054604232710481500000000000000
rhazim3(11,8)	204367105384108471500917416084512974813936977154000113278628386783955284520981314789716019511251544334407331772824616962394100655276386301486318319881273951284207143447449361690019886115550993049545818046573469263147762721108276563056217821630956335359837085569264387690976750820810647/127715783345922542121592544433715192767085175018556153565940664595289001775672019527582455626053006352815064737202188532646208805336650221189221776431781980055873337674065538884168857077813111788723953295534945993260049847906303488113757845022390385957232869393565787750000000000000000
rhazim3(7,8)	3619929569805976741528444368457546140000353217529595861564303232756219592002193805588950844701694086399627353689128295165255539409506088017080823325721539001609951424946901872432502931293188754086850699036212757957657349704140963567957240205629259864192905373875269632025848025364053/3320610366993986095161406155276595011944214550482459992714457279477514046167472507717143846277378165173191683167256901848801428938752905750919766187226331481452706779525704010988390284023140906506822785683908595824761296045563890690957703970582150034888054604232710481500000000000000
rhazim3(5,9)	1108361282683285665203335546067799567382836674187434198869304472907586493441840780437171705083163349773540067449419148633915903037332987871424280097581736414734363857146162605635742343193340278391124833245371089305012748704891291023608719450979955732437704034232203974070762396210675849/925939429257938430381545947144435147561367518884532113353069818315845262873622141574972803288884296057909219344715866861685013838690714103621857879130419355405081698136975156910224213814145060468248661392628358451135361397320700288824744376412330298189938303103351961187500000000000000
rhazim3(12,9)	318695868282905811263313854900857082597583580383058768581175931446168624321918456680601508254783631797566557831650668423719189970731695761357188823286257291132337480192615452817485602762769812329871452984689350104237705485976589553051325756276880627398067912995826665295120903971265328563/261642190114621630084896559647965737182444752384802858974558409078275998238386700976983634484893763934696709271781170990291411202057813589419259702095949747023838710397177216213034883750677517433701653000458666009560401772617911769113047560251511943287142983008856884032773437500000000000
rhazim3(9,9)	98856393495317521569434862651637250486129831949061486552389441465011934151785860070089276425540025923069757402495013859551236880113020989853497252883129395689205561838150321898447554090576081069060170167149523813257299134896273843574087543347728376642282242879870606846358515974786867321771/75352950753011029464450209178614132308544088686823223384672821814543487492655369881371286731649404013192652270272977245203926426192650313752746794203633527142865548594387038269354046520195125020906076064132095810753395710513958589504557697352435439666697179106550782601438750000000000000000
rhazim3(5,10)	32865563082515921009590398464827978994171562815292516546295286197663662279930818194336001245925331631518852864036646850805718357466085711813257229170960322883050185967882168485476618191054319970889444588267591127766810362638931495971507933173449760671771111890036408019329241186681022477/26749361289673776877689105139728126485106172767775372163533128084679974260793528534388103206123324108339599669958458376004233733117731740771298116508212114711702360168401504532962032843519746191304961329120374799699465995922598008343825948651911764169931550978541278878750000000000000000
rhazim3(4,10)	297809271988392142523847231750420037359017608218177324524562906985806983671948973759433386315850007439696897976395924187423041223367089173732143123471617469743688747291593063824447239845573773010586625804745343854343705048529768864908360830735655387479432044999345838422288026064263430093/240744251607063991899201946257553138365955554909978349471798152762119768347141756809492928855109916975056397029626125384038103598059585666941683048573909032405321241515613540796658295591677715721744651962083373197295193963303382075094433537867205877529383958806871509908750000000000000000
rhazim3(12,10)	147913220763128809325336909280719372485501160512032566548029268099145163437913715919723294820148880649883008418830178904262098048110324256698621135040497690327757252544298166266505597905896233489283653742692747599869183890139610349252611084581080215885779395358600011011291827246407808377/120372125803531995949600973128776569182977777454989174735899076381059884173570878404746464427554958487528198514813062692019051799029792833470841524286954516202660620757806770398329147795838857860872325981041686598647596981651691037547216768933602938764691979403435754954375000000000000000
rhazim3(4,11)	902705485591965493713819240165232379443201431461021454788661711037612398124360034523929929319798888259671073064943083742920470845123253413101840074553215398268438906183844241987064306198363499655534315491980505711890491157345963023445524172661323239797318015046960123096873810227126886641/722232754821191975697605838772659415097866664729935048415394458286359305041425270428478786565329750925169191088878376152114310794178757000825049145721727097215963724546840622389974886775033147165233955886250119591885581889910146225283300613601617632588151876420614529726250000000000000000
rhazim3(7,11)	897476258605277868581235386836954697874987543445860641066786279493751129977097110390433457421135742961472011612854865469431883400551895084977990863071746021744463110275710369306017613212884232348196251538664691953548682595941573166909751086552973524853909711643253054400763961064545291179/722232754821191975697605838772659415097866664729935048415394458286359305041425270428478786565329750925169191088878376152114310794178757000825049145721727097215963724546840622389974886775033147165233955886250119591885581889910146225283300613601617632588151876420614529726250000000000000000
rhazim3(12,11)	9757183478019853873606004471481999177906229778485945719091057908862344596874874560669220889738753217704221204141637284823004517093102549471872691861797953648194774612888607783800252793249425299221646361924511066794063288717838798877101720890751936937720195668470423998691041387854785753/8024808386902133063306731541918437945531851830332611649059938425403992278238058560316430961836997232501879900987537512801270119935319522231389434952463634413510708050520451359888609853055923857391488398736112439909839798776779402503147784595573529250979465293562383663625000000000000000
rhazim3(10,12)	115059600907849806875210212762223749753576335645368725347914834993616481850544895941577306858565728653490161869280083110511856572722115258565408176078404634117756096621385605016308978987309074080590248847332896603110687886775287057636005088213580848575719619070794796608118926936580599/96297700642825596759680778503021255346382221963991339788719261104847907338856702723797171542043966790022558811850450153615241439223834266776673219429563612962128496606245416318663318236671086288697860784833349278918077585321352830037773415146882351011753583522748603963500000000000000
rhazim3(13,12)	8552012167045025972057620872149892259695015705587872767284854657638417141031609713344177216181252627467042180447872083706873410802006682026658297960524510140334783837662082066434864582861270536965589812656755442182998865503757373089136239819084569223669073316243849349330586430647187969/7011968493409630832015590667695722476678317133300340275877616099867566068363352140082318316168250008982225156202702681088488454312415116512864554812832301914718094413076122547475484337621681040439164620254855530018306620290389769177507772947588520704739338606025383783750000000000000000
rhazim3(11,12)	234806942028199995545060784189383276792816329223291116063560424421058943335627882921253949908711371892558688447408960548237528650017882602337492587080230186364051217183470493322392404230314266203850744166132645458655664958006075228671853639709727228943540570392115177863784009617557283597/180558188705297993924401459693164853774466666182483762103848614571589826260356317607119696641332437731292297772219594038028577698544689250206262286430431774303990931136710155597493721693758286791308488971562529897971395472477536556320825153400404408147037969105153632431562500000000000000
rhazim3(10,13)	461662440215034058867704247313823888496038349883152010571043195049838073312705834889427029011719221703109888448081217668629277904157309219115400690799551037903432587865465808311254303414112994476290903128426179006030215773864318605260407164860845910766188969132396767105317036872302266901/361116377410595987848802919386329707548933332364967524207697229143179652520712635214239393282664875462584595544439188076057155397089378500412524572860863548607981862273420311194987443387516573582616977943125059795942790944955073112641650306800808816294075938210307264863125000000000000000
rhazim3(8,13)	176064515996060904105769736177390087784125602302974555120927125669952291742824887866687556765024693534938324835038488030846831642198290822000212907444219105853784133514488490921357732419394703558152293428652992246976386880669861143984895190498221858708860854960242380092992315155639749353/144446550964238395139521167754531883019573332945987009683078891657271861008285054085695757313065950185033838217775675230422862158835751400165009829144345419443192744909368124477994977355006629433046791177250023918377116377982029245056660122720323526517630375284122905945250000000000000000
rhazim3(13,13)	293210291624055848593636298688211960933864130885029142403172725922997841894323117989433886716005382451047253051732562409152767055112378471312986776510122506837477527061726636381869395025326573268225792724748851454895471231609069920785216379690597050837035170179954545200555323514371370231/240744251607063991899201946257553138365955554909978349471798152762119768347141756809492928855109916975056397029626125384038103598059585666941683048573909032405321241515613540796658295591677715721744651962083373197295193963303382075094433537867205877529383958806871509908750000000000000000
rhazim3(8,14)	387687547703820288235078164208650177245615105906946678669507412800094893356534907380509432787469109960421144600318277341143430284049086632504444838190576526258588460576962971913102438734449060443779339971580835869082256678638930648741729108259362414362545500848129126433285437837235681720469401669251555922073452875456032731719/300930314508829989874002432821941422957444443637472936839747690952649710433927196011866161068887396218820496287032656730047629497574482083677103810717386290506651551894516925995822869489597144652180814952604216496618992454129227593868041922334007346911729948508589387385937500000000000000000000000000000000000000000000000000000
rhazim3(9,14)	895285319542094995493774542847853959236706906324501075890373602627724880787881209859273903248400943081768083022061651587489919482027709716903338759020104636434969847772920986928229009516824899182952803558422407092876694199734639061830279784333421557272625880929913937682508028649373754307/722232754821191975697605838772659415097866664729935048415394458286359305041425270428478786565329750925169191088878376152114310794178757000825049145721727097215963724546840622389974886775033147165233955886250119591885581889910146225283300613601617632588151876420614529726250000000000000000
rhazim3(13,14)	1083700889375348468181880402138348099421538828634977311024094205477649157113315607805476886674430997740043005732325503214355768184242819235901465999608512989877189978935000179302238708820655637508957488465437697108069432115607829550454063056051311987959072889846851250493221941612733962379841794992245332233779641373631901804843/902790943526489969622007298465824268872333330912418810519243072857949131301781588035598483206662188656461488861097970190142888492723446251031311432152158871519954655683550777987468608468791433956542444857812649489856977362387682781604125767002022040735189845525768162157812500000000000000000000000000000000000000000000000000000
rhazim3(9,15)	296391726752874143421938567335245273505942708033989121235956353205120781745260929017817213551634305577837347109508243228665291133303234643290854051725517237163294061187022819576381702742634836436701987388770277633560254620167021593694203594368277080924517927095281811989051171607430337049/240744251607063991899201946257553138365955554909978349471798152762119768347141756809492928855109916975056397029626125384038103598059585666941683048573909032405321241515613540796658295591677715721744651962083373197295193963303382075094433537867205877529383958806871509908750000000000000000
rhazim3(14,15)	338089899291550310848830196871998261733699826302889751440158928871262723495072533201997995778021532366382386477863388415432091564289778418597161094313303220872599989466405175795062281013893411290770033025542352673310212214166361991357210289832030521336017888111914938385204914531674244216297913963668110074842506380477443470428067/282573565323791360491688284419802996157040332575587087692523081804538078097457637055142325243685265049472446013523664669514724098222438676572800478263625726785745807228951393510077674450731718828397785240495359290325233914427344710642091365071632898750114421649565434755395312500000000000000000000000000000000000000000000000000000
rhazim3(13,15)	370611441685892307112110855767685892697998214984543470321267096511541034046311998619498411266225767002741495059939443236406426717688864071188640441769128166296986079976285316073974166139107266739329494659375959581085181697238523350697528581020885445662675054684755544881635195469794796347307086036331889925157493619522556529571933/282573565323791360491688284419802996157040332575587087692523081804538078097457637055142325243685265049472446013523664669514724098222438676572800478263625726785745807228951393510077674450731718828397785240495359290325233914427344710642091365071632898750114421649565434755395312500000000000000000000000000000000000000000000000000000
rhazim3(9,16)	35976010557687873167076719166328096525953074037432558309072153939163876676246762742472143130821584575193991375771755234526840235297292310444214096709942478040086635252200304943176705959731157176927637517867204840742422829494894655131893843746973847498181350714259966146620063185847613492927337904705223048585260616274415006307611/28257356532379136049168828441980299615704033257558708769252308180453807809745763705514232524368526504947244601352366466951472409822243867657280047826362572678574580722895139351007767445073171882839778524049535929032523391442734471064209136507163289875011442164956543475539531250000000000000000000000000000000000000000000000000000
rhazim3(12,16)	1577317597233956350538383655206665353097788744708028303075377840168029773782371918570423716400361069800987593339628195176905498434226702106872277223265134363540829790947099845078153945131347820973709651950297410811863628862878142004918510243221393239040323602755216892415343490597382893/1337468064483688843884455256986406324255308638388768608176656404233998713039676426719405160306166205416979983497922918800211686655886587038564905825410605735585118008420075226648101642175987309565248066456018739984973299796129900417191297432595588208496577548927063943937500000000000000
rhazim3(14,16)	36326702017199732719636118008266215534236974874967794495031206302772352652247661543140178898357748853921020438532314840849000254992499201766302462587542085803217830219123401516845284901386995810995262137439070569432050943493206566448139044814642844101192861579827726524345535227162906699440787095294776951414739383725584993692389/28257356532379136049168828441980299615704033257558708769252308180453807809745763705514232524368526504947244601352366466951472409822243867657280047826362572678574580722895139351007767445073171882839778524049535929032523391442734471064209136507163289875011442164956543475539531250000000000000000000000000000000000000000000000000000
rhazim3(12,17)	295493140216378647600546897630971365293457677387714822456436486072147926072983173206583167641704325295689609151443321182376026271111698378389641168895869085653845612300346742887552471757357603898618417329808286182342740713288594934870749880138320921805887739162267570943575646253826106626778946478921376968389156425356306875233/225697735881622492405501824616456067218083332728104702629810768214487282825445397008899620801665547164115372215274492547535722123180861562757827858038039717879988663920887694496867152117197858489135611214453162372464244340596920695401031441750505510183797461381442040539453125000000000000000000000000000000000000000000000000000
rhazim3(7,17)	437877697733990572094993570022012635708832264682310358482126742939473191021661538161534309735131686996366536581012335505437565474235949879486938515846724012038270399863231499526934989800873426705495921741808785664293087490700032167579428226200671225876327881080209419544397518875020863867/361116377410595987848802919386329707548933332364967524207697229143179652520712635214239393282664875462584595544439188076057155397089378500412524572860863548607981862273420311194987443387516573582616977943125059795942790944955073112641650306800808816294075938210307264863125000000000000000
rhazim3(14,17)	90212452374662180595320955534825528929677010007664391139905958937176990325798445845239054358679485431735445268348983446375602273002668565345511511055354460467363324873622596220918265250678584162249068341242181556460198495835486745927576581746980129329257970695706327394718995744275869858886184507026207677203614524881231041589/75232578627207497468500608205485355739361110909368234209936922738162427608481799002966540267221849054705124071758164182511907374393620520919275952679346572626662887973629231498955717372399286163045203738151054124154748113532306898467010480583501836727932487127147346846484375000000000000000000000000000000000000000000000000000
rhazim3(7,18)	1553151196707683335149102763701209117275894193006520345765514650228832580089368118594488179039687471584046530941255066697908864618801992706959790463902177794355982219980616963628371506005166055993894960980197454038051567549909219311602702025566638939166272971673348739989492182853269308901/1203721258035319959496009731287765691829777774549891747358990763810598841735708784047464644275549584875281985148130626920190517990297928334708415242869545162026606207578067703983291477958388578608723259810416865986475969816516910375472167689336029387646919794034357549543750000000000000000
rhazim3(11,18)	61171143281959956035426867725578730225336198503376643999368471637154767392846306881798384832799224028654608461859457572075411461665730153094974310691130002486298638449918069792198984928670321553273694214129424587500270584638411646215671623728223653005948250897440914444360270415048843626569893232851173092403246937440013437121/50155052418138331645667072136990237159574073939578822806624615158774951738987866001977693511481232703136749381172109455007938249595747013946183968452897715084441925315752820999303811581599524108696802492100702749436498742354871265644673653722334557818621658084764897897656250000000000000000000000000000000000000000000000000000
rhazim3(14,18)	60827839699116460672142793895680739663515056872211369397507824848593667445627340579848908445373345327521079992124377059979075368337927165103277353774804526023356670574910338553998935684663222463093608061622092398234741410594744463289626551529148586159239491888526180299316011174116602555680106767148826907596753062559986562879/50155052418138331645667072136990237159574073939578822806624615158774951738987866001977693511481232703136749381172109455007938249595747013946183968452897715084441925315752820999303811581599524108696802492100702749436498742354871265644673653722334557818621658084764897897656250000000000000000000000000000000000000000000000000000
rhazim3(13,19)	28936637515902432402419518672778113618254015398457497424448146950536577655534201700176330616464726281883587526435384584513849431128244458229122216115088810259636265354443573846080511669995053967770856743465250076050855641280047641411491367025748895940782263787682906918772193740521996463/24074425160706399189920194625755313836595555490997834947179815276211976834714175680949292885510991697505639702962612538403810359805958566694168304857390903240532124151561354079665829559167771572174465196208337319729519396330338207509443353786720587752938395880687150990875000000000000000
rhazim3(14,19)	4797369882328694531995100270650648294506671562153569843403935752623080345751563931622951897391004138543182860256174350061592202735260619328640855705499296075298323761896197472585807353847057787407719481414571881666687640451052807143535617143936494250838952616892534270428684651790889/4012404193451066531653365770959218972765925915166305824529969212701996139119029280158215480918498616250939950493768756400635059967659761115694717476231817206755354025260225679944304926527961928695744199368056219954919899388389701251573892297786764625489732646781191831812500000000000
rhazim3(11,19)	31701450391754358814948504127563849559362741766638507346716493852477508325852285188476861007312756313444207901293287801200262599554033414144021853806429717328977394768192919588247307376079786542801325731234222194889152463750679039120826129150314599287798834072244186707998783957222420453/24074425160706399189920194625755313836595555490997834947179815276211976834714175680949292885510991697505639702962612538403810359805958566694168304857390903240532124151561354079665829559167771572174465196208337319729519396330338207509443353786720587752938395880687150990875000000000000000
rhazim3(3,20)	122859275552455258148638772709785664362739714216291442434528890941241059273918250233538299578623032469001775778271990612273983372329296865083402660799424809918889011742624050401785818968521246533129482413246751998280427989977208963936241351582257925275012957863537288941966839146665495792952699703885293/90279094352648996962200729846582426887233333091241881051924307285794913130178158803559848320666218865646148886109797019014288849272344625103131143215215887151995465568355077798746860846879143395654244485781264948985697736238768278160412576700202204073518984552576816215781250000000000000000000000000000
rhazim3(2,20)	41235047089604150231133922665055571740693096822198796265919061466838525635068650657386327392031228258512402855732269056253250965448385063240951103593411775459106564483664678906078814837263269781796577282363133316177141238209384839683071888028677078713563360641041673733890775981790892841765766765371569/30093031450882998987400243282194142295744444363747293683974769095264971043392719601186616106888739621882049628703265673004762949757448208367710381071738629050665155189451692599582286948959714465218081495260421649661899245412922759386804192233400734691172994850858938738593750000000000000000000000000000
rhazim3(6,20)	399852565998257847949372227059964547053871272872028038666281588220874624285773948996713075212810551947986002164853310814344353834373253983739022548765788260108226948087284954568186838949029552433330505530254914514385424498129113376906877478903868741341185715196025562698371443383085805247/361116377410595987848802919386329707548933332364967524207697229143179652520712635214239393282664875462584595544439188076057155397089378500412524572860863548607981862273420311194987443387516573582616977943125059795942790944955073112641650306800808816294075938210307264863125000000000000000
All other variables are zero. Solution has 913 nonzero entries.

Dual solution (name, value):
azim_sum(0)__le	1010472549931740461378672341577093559094214152350123209053771235894317912990174625388562831783307540329658577135768372425843054318159094411014737449393028255775770275000000000000000000000000000000000000000000000000000000/190637770924424501818347298005349061920479866766657346607292136140734606265241312393088978428061613290334365789901677577576199126213163904349654424949452618203122762786312388612907995737536181391658702192463410375491209461
azim_sum(1)__ge	-3169438591267646351816215158935571298011614931634584727713944081621879611730765512790474366815755546846122746394524123756747315730251123429518780693211418569229940042808354533469647315000000000000000000000000000000000000/190637770924424501818347298005349061920479866766657346607292136140734606265241312393088978428061613290334365789901677577576199126213163904349654424949452618203122762786312388612907995737536181391658702192463410375491209461
azim_sum(2)__ge	-17896412610335632883257385946505831505002357368552196426969648172025315096728758428648485188910059565709528415057864740811843558758534204563104445310152528750442420523391495300000000000000000000000000000000000000000000000000000000000000000000000000/3503195254263841859567035531605100961405914849074156303679302291675790612802112425959195060742146236397099103943728127919008070971745685239820933069064463322931938366000051774572722896005629841435561631136787278149526527617902002792430829987637685063
azim_sum(3)__le	1692007777984845776018229858616919634947289263243329035951707964793678392347980293813258907282531743892107218553867106432267678716805024181764259844275934683994015526535744544069881733297648940000000000000000000000000000000000000000000000000000000/1167731751421280619855678510535033653801971616358052101226434097225263537600704141986398353580715412132366367981242709306336023657248561746606977689688154440977312788666683924857574298668543280478520543712262426049842175872634000930810276662545895021
azim_sum(4)__ge	-3223681454777954585795768895171238027506965286414354750322625536567480656230870977039450970746004872930536714332505658110725493082139326529673913082855131264120197184275971806842500000000000000000000000000000000000000000000000000000000000000000000/1167731751421280619855678510535033653801971616358052101226434097225263537600704141986398353580715412132366367981242709306336023657248561746606977689688154440977312788666683924857574298668543280478520543712262426049842175872634000930810276662545895021
azim_sum(5)__ge	-444484620784699011770967270516187476363863067373443688728001448574609767942275969763068239139515448538523362721458904679296212465136133818360560285729250000000000000000000000000000000000000000000000000000000000000000000/190637770924424501818347298005349061920479866766657346607292136140734606265241312393088978428061613290334365789901677577576199126213163904349654424949452618203122762786312388612907995737536181391658702192463410375491209461
azim_sum(7)__le	322365494570444685495741111244258176161062155325517717357948383727064169106979002511645794489306906487900015188906684278398817999366427352176574098738085057304330558393363921759668001396570188529900000000000000000000000000/571913312773273505455041894016047185761439600299972039821876408422203818795723937179266935284184839871003097369705032732728597378639491713048963274848357854609368288358937165838723987212608544174976106577390231126473628383
azim_sum(8)__le	2490741059212696375903973430962053069562986853315607891254650337694029456094272232444413423788081275238788497053842404276941770717166508429754973002426340387612178563570109438243610667779828000000000000000000000000000000/190637770924424501818347298005349061920479866766657346607292136140734606265241312393088978428061613290334365789901677577576199126213163904349654424949452618203122762786312388612907995737536181391658702192463410375491209461
azim_sum(9)__le	1332556050613556781031702745136899795506377777247169221823848648591368102479337356870417220070478981617723505233889461374398654769293001681233870481396207650858377812506710142074356709812398448055600000000000000000000000000/2287653251093094021820167576064188743045758401199888159287505633688815275182895748717067741136739359484012389478820130930914389514557966852195853099393431418437473153435748663354895948850434176699904426309560924505894513532
azim_sum(10)__le	637892121093862576878408019003583391396916891132733791583852868657572038756733632311042646625041939584662956955553895072373782018253203735076011942991139757489635155118889073121347201828152277454200000000000000000000000000/1143826625546547010910083788032094371522879200599944079643752816844407637591447874358533870568369679742006194739410065465457194757278983426097926549696715709218736576717874331677447974425217088349952213154780462252947256766
azim_sum(11)__le	8382284642399322879915546491137091508031046530250652334335226689336808841227889914038460520356043810468409432133095774787061519723661430037129573639661216386714439389663309236742020091993043221760000000000000000000000000/190637770924424501818347298005349061920479866766657346607292136140734606265241312393088978428061613290334365789901677577576199126213163904349654424949452618203122762786312388612907995737536181391658702192463410375491209461
azim_sum(12)__ge	-444484620784699011770967270516187476363863067373443688728001448574609767942275969763068239139515448538523362721458904679296212465136133818360560285729250000000000000000000000000000000000000000000000000000000000000000000/190637770924424501818347298005349061920479866766657346607292136140734606265241312393088978428061613290334365789901677577576199126213163904349654424949452618203122762786312388612907995737536181391658702192463410375491209461
azim_sum(13)__le	4760127623670033017321155358549436144349659150247690899776241586813643821805965427023688384396894863154137995355911986554033430205706716485534394204673531025576619937124410483773896964781578000000000000000000000000000000/190637770924424501818347298005349061920479866766657346607292136140734606265241312393088978428061613290334365789901677577576199126213163904349654424949452618203122762786312388612907995737536181391658702192463410375491209461
azim_sum(14)__le	6709342068971073946068014323254707565737682353960120541749783255050060601783479823618091230521743311915830162390489016894280885929419626310529734495849185005285911736832442128804301904684436000000000000000000000000000000/381275541848849003636694596010698123840959733533314693214584272281469212530482624786177956856123226580668731579803355155152398252426327808699308849898905236406245525572624777225815991475072362783317404384926820750982418922
rhazim_sum(0)__le	566450700310989613857410247258024985936835496665184636093881703407109312330229607538534456792018741096264532637595312527841405085904805629705978224313896884529363849748807703489133470203656758350000000000000000000000000000/571913312773273505455041894016047185761439600299972039821876408422203818795723937179266935284184839871003097369705032732728597378639491713048963274848357854609368288358937165838723987212608544174976106577390231126473628383
rhazim_sum(1)__le	566450700310989613857410247258024985936835496665184636093881703407109312330229607538534456792018741096264532637595312527841405085904805629705978224313896884529363849748807703489133470203656758350000000000000000000000000000/571913312773273505455041894016047185761439600299972039821876408422203818795723937179266935284184839871003097369705032732728597378639491713048963274848357854609368288358937165838723987212608544174976106577390231126473628383
rhazim_sum(2)__le	3487631004871119928590569258708335581532282511078985915121674579663443967364069395458103449004796496757671410221069440558637589986883657471837679672578527841687782425525845338952002845625603023194311703207723506258186824350000000000000000000000000000/3503195254263841859567035531605100961405914849074156303679302291675790612802112425959195060742146236397099103943728127919008070971745685239820933069064463322931938366000051774572722896005629841435561631136787278149526527617902002792430829987637685063
rhazim_sum(3)__le	3473045045568591514515177694469452097949762381052983288844418764762988007820876795158437702650494126394607940674202403858363895264805741875125911239442903462013966371550306955102002845625603023194311703207723506258186824350000000000000000000000000000/3503195254263841859567035531605100961405914849074156303679302291675790612802112425959195060742146236397099103943728127919008070971745685239820933069064463322931938366000051774572722896005629841435561631136787278149526527617902002792430829987637685063
rhazim_sum(4)__le	3487034347001559865098607247006886842548798212469480766118582360287447409450886555415275179921954624429150400041958735666220888321682633464874344102220084543468712635338407465667781345625603023194311703207723506258186824350000000000000000000000000000/3503195254263841859567035531605100961405914849074156303679302291675790612802112425959195060742146236397099103943728127919008070971745685239820933069064463322931938366000051774572722896005629841435561631136787278149526527617902002792430829987637685063
rhazim_sum(5)__le	569029577481755748224533884289427584983653245940269975289852422838011077150585736126744229065934216950997706121310376608884771079329599888941358477857975634529363849748807703489133470203656758350000000000000000000000000000/571913312773273505455041894016047185761439600299972039821876408422203818795723937179266935284184839871003097369705032732728597378639491713048963274848357854609368288358937165838723987212608544174976106577390231126473628383
rhazim_sum(6)__le	567696123619401651189220982477879022554561656738149644223668418492287247846758908217455024348515670605382136033145999894846882441934191487486276797000787884529363849748807703489133470203656758350000000000000000000000000000/571913312773273505455041894016047185761439600299972039821876408422203818795723937179266935284184839871003097369705032732728597378639491713048963274848357854609368288358937165838723987212608544174976106577390231126473628383
rhazim_sum(7)__le	569029577481755748224533884289427584983653245940269975289852422838011077150585736126744229065934216950997706121310376608884771079329599888941358477857975634529363849748807703489133470203656758350000000000000000000000000000/571913312773273505455041894016047185761439600299972039821876408422203818795723937179266935284184839871003097369705032732728597378639491713048963274848357854609368288358937165838723987212608544174976106577390231126473628383
rhazim_sum(8)__le	569029577481755748224533884289427584983653245940269975289852422838011077150585736126744229065934216950997706121310376608884771079329599888941358477857975634529363849748807703489133470203656758350000000000000000000000000000/571913312773273505455041894016047185761439600299972039821876408422203818795723937179266935284184839871003097369705032732728597378639491713048963274848357854609368288358937165838723987212608544174976106577390231126473628383
rhazim_sum(9)__le	569029577481755748224533884289427584983653245940269975289852422838011077150585736126744229065934216950997706121310376608884771079329599888941358477857975634529363849748807703489133470203656758350000000000000000000000000000/571913312773273505455041894016047185761439600299972039821876408422203818795723937179266935284184839871003097369705032732728597378639491713048963274848357854609368288358937165838723987212608544174976106577390231126473628383
rhazim_sum(10)__le	567696123619401651189220982477879022554561656738149644223668418492287247846758908217455024348515670605382136033145999894846882441934191487486276797000787884529363849748807703489133470203656758350000000000000000000000000000/571913312773273505455041894016047185761439600299972039821876408422203818795723937179266935284184839871003097369705032732728597378639491713048963274848357854609368288358937165838723987212608544174976106577390231126473628383
rhazim_sum(11)__le	569029577481755748224533884289427584983653245940269975289852422838011077150585736126744229065934216950997706121310376608884771079329599888941358477857975634529363849748807703489133470203656758350000000000000000000000000000/571913312773273505455041894016047185761439600299972039821876408422203818795723937179266935284184839871003097369705032732728597378639491713048963274848357854609368288358937165838723987212608544174976106577390231126473628383
rhazim_sum(12)__le	569029577481755748224533884289427584983653245940269975289852422838011077150585736126744229065934216950997706121310376608884771079329599888941358477857975634529363849748807703489133470203656758350000000000000000000000000000/571913312773273505455041894016047185761439600299972039821876408422203818795723937179266935284184839871003097369705032732728597378639491713048963274848357854609368288358937165838723987212608544174976106577390231126473628383
rhazim_sum(13)__le	569029577481755748224533884289427584983653245940269975289852422838011077150585736126744229065934216950997706121310376608884771079329599888941358477857975634529363849748807703489133470203656758350000000000000000000000000000/571913312773273505455041894016047185761439600299972039821876408422203818795723937179266935284184839871003097369705032732728597378639491713048963274848357854609368288358937165838723987212608544174976106577390231126473628383
rhazim_sum(14)__le	569029577481755748224533884289427584983653245940269975289852422838011077150585736126744229065934216950997706121310376608884771079329599888941358477857975634529363849748807703489133470203656758350000000000000000000000000000/571913312773273505455041894016047185761439600299972039821876408422203818795723937179266935284184839871003097369705032732728597378639491713048963274848357854609368288358937165838723987212608544174976106577390231126473628383
sol_sum(6)__le	3169438591267646351816215158935571298011614931634584727713944081621879611730765512790474366815755546846122746394524123756747315730251123429518780693211418569229940042808354533469647315000000000000000000000000000000000000/190637770924424501818347298005349061920479866766657346607292136140734606265241312393088978428061613290334365789901677577576199126213163904349654424949452618203122762786312388612907995737536181391658702192463410375491209461
sol_sum(10)__le	444484620784699011770967270516187476363863067373443688728001448574609767942275969763068239139515448538523362721458904679296212465136133818360560285729250000000000000000000000000000000000000000000000000000000000000000000/190637770924424501818347298005349061920479866766657346607292136140734606265241312393088978428061613290334365789901677577576199126213163904349654424949452618203122762786312388612907995737536181391658702192463410375491209461
sol_sum(11)__ge	-1773086713464196975031030197675121817428821858203576242237986210381762752277730257671804754237930779567965926449983458874085905620499852945545912949362904915473450016098726663349781161961699600000000000000000000000000000/381275541848849003636694596010698123840959733533314693214584272281469212530482624786177956856123226580668731579803355155152398252426327808699308849898905236406245525572624777225815991475072362783317404384926820750982418922
sol_sum(12)__ge	-6808200475491761626807845943814537932927620352932028745239450322332938865347911810016977972721260821368795550094609925868217015031298988231884172745223446732457685767704643059584718611204157000000000000000000000000000000/190637770924424501818347298005349061920479866766657346607292136140734606265241312393088978428061613290334365789901677577576199126213163904349654424949452618203122762786312388612907995737536181391658702192463410375491209461
sol_sum(13)__ge	-2935225679997395387674940701478240545926849920689051579982651786268639224036548202207481662927596723777311859775301308956237983182302642248115533288155590387612178563570109438243610667779828000000000000000000000000000000/190637770924424501818347298005349061920479866766657346607292136140734606265241312393088978428061613290334365789901677577576199126213163904349654424949452618203122762786312388612907995737536181391658702192463410375491209461
sol_sum(14)__ge	-2721983909854891845897056496093213004774967764284690760933737016014991773160439484586171708958400360297270951355402502910814078881749799505245639632847237029904495597160354257917723741151168000000000000000000000000000000/190637770924424501818347298005349061920479866766657346607292136140734606265241312393088978428061613290334365789901677577576199126213163904349654424949452618203122762786312388612907995737536181391658702192463410375491209461
sol_sum(15)__ge	-6709342068971073946068014323254707565737682353960120541749783255050060601783479823618091230521743311915830162390489016894280885929419626310529734495849185005285911736832442128804301904684436000000000000000000000000000000/381275541848849003636694596010698123840959733533314693214584272281469212530482624786177956856123226580668731579803355155152398252426327808699308849898905236406245525572624777225815991475072362783317404384926820750982418922
sol_sum(16)__ge	-839150344127328745765826967152358501690837274506944014966835948241285865653940705124048521827468039375374591112508840375543907852424862243481754577770545142342144410447775294376893093863448000000000000000000000000000000/190637770924424501818347298005349061920479866766657346607292136140734606265241312393088978428061613290334365789901677577576199126213163904349654424949452618203122762786312388612907995737536181391658702192463410375491209461
sol_sum(18)__ge	-6709342068971073946068014323254707565737682353960120541749783255050060601783479823618091230521743311915830162390489016894280885929419626310529734495849185005285911736832442128804301904684436000000000000000000000000000000/381275541848849003636694596010698123840959733533314693214584272281469212530482624786177956856123226580668731579803355155152398252426327808699308849898905236406245525572624777225815991475072362783317404384926820750982418922
sol_sum(19)__ge	-6709342068971073946068014323254707565737682353960120541749783255050060601783479823618091230521743311915830162390489016894280885929419626310529734495849185005285911736832442128804301904684436000000000000000000000000000000/381275541848849003636694596010698123840959733533314693214584272281469212530482624786177956856123226580668731579803355155152398252426327808699308849898905236406245525572624777225815991475072362783317404384926820750982418922
tau_sum(0)__ge	-567696123619401651189220982477879022554561656738149644223668418492287247846758908217455024348515670605382136033145999894846882441934191487486276797000787884529363849748807703489133470203656758350000000000000000000000000000/571913312773273505455041894016047185761439600299972039821876408422203818795723937179266935284184839871003097369705032732728597378639491713048963274848357854609368288358937165838723987212608544174976106577390231126473628383
tau_sum(1)__ge	-569029577481755748224533884289427584983653245940269975289852422838011077150585736126744229065934216950997706121310376608884771079329599888941358477857975634529363849748807703489133470203656758350000000000000000000000000000/571913312773273505455041894016047185761439600299972039821876408422203818795723937179266935284184839871003097369705032732728597378639491713048963274848357854609368288358937165838723987212608544174976106577390231126473628383
tau_sum(2)__ge	-567696123619401651189220982477879022554561656738149644223668418492287247846758908217455024348515670605382136033145999894846882441934191487486276797000787884529363849748807703489133470203656758350000000000000000000000000000/571913312773273505455041894016047185761439600299972039821876408422203818795723937179266935284184839871003097369705032732728597378639491713048963274848357854609368288358937165838723987212608544174976106577390231126473628383
tau_sum(3)__ge	-566450700310989613857410247258024985936835496665184636093881703407109312330229607538534456792018741096264532637595312527841405085904805629705978224313896884529363849748807703489133470203656758350000000000000000000000000000/571913312773273505455041894016047185761439600299972039821876408422203818795723937179266935284184839871003097369705032732728597378639491713048963274848357854609368288358937165838723987212608544174976106577390231126473628383
tau_sum(4)__ge	-567696123619401651189220982477879022554561656738149644223668418492287247846758908217455024348515670605382136033145999894846882441934191487486276797000787884529363849748807703489133470203656758350000000000000000000000000000/571913312773273505455041894016047185761439600299972039821876408422203818795723937179266935284184839871003097369705032732728597378639491713048963274848357854609368288358937165838723987212608544174976106577390231126473628383
tau_sum(5)__ge	-566450700310989613857410247258024985936835496665184636093881703407109312330229607538534456792018741096264532637595312527841405085904805629705978224313896884529363849748807703489133470203656758350000000000000000000000000000/571913312773273505455041894016047185761439600299972039821876408422203818795723937179266935284184839871003097369705032732728597378639491713048963274848357854609368288358937165838723987212608544174976106577390231126473628383
tau_sum(6)__ge	-566450700310989613857410247258024985936835496665184636093881703407109312330229607538534456792018741096264532637595312527841405085904805629705978224313896884529363849748807703489133470203656758350000000000000000000000000000/571913312773273505455041894016047185761439600299972039821876408422203818795723937179266935284184839871003097369705032732728597378639491713048963274848357854609368288358937165838723987212608544174976106577390231126473628383
tau_sum(7)__ge	-566450700310989613857410247258024985936835496665184636093881703407109312330229607538534456792018741096264532637595312527841405085904805629705978224313896884529363849748807703489133470203656758350000000000000000000000000000/571913312773273505455041894016047185761439600299972039821876408422203818795723937179266935284184839871003097369705032732728597378639491713048963274848357854609368288358937165838723987212608544174976106577390231126473628383
tau_sum(8)__ge	-567696123619401651189220982477879022554561656738149644223668418492287247846758908217455024348515670605382136033145999894846882441934191487486276797000787884529363849748807703489133470203656758350000000000000000000000000000/571913312773273505455041894016047185761439600299972039821876408422203818795723937179266935284184839871003097369705032732728597378639491713048963274848357854609368288358937165838723987212608544174976106577390231126473628383
tau_sum(9)__ge	-567696123619401651189220982477879022554561656738149644223668418492287247846758908217455024348515670605382136033145999894846882441934191487486276797000787884529363849748807703489133470203656758350000000000000000000000000000/571913312773273505455041894016047185761439600299972039821876408422203818795723937179266935284184839871003097369705032732728597378639491713048963274848357854609368288358937165838723987212608544174976106577390231126473628383
tau_sum(10)__ge	-569029577481755748224533884289427584983653245940269975289852422838011077150585736126744229065934216950997706121310376608884771079329599888941358477857975634529363849748807703489133470203656758350000000000000000000000000000/571913312773273505455041894016047185761439600299972039821876408422203818795723937179266935284184839871003097369705032732728597378639491713048963274848357854609368288358937165838723987212608544174976106577390231126473628383
tau_sum(11)__ge	-1130072987098410711453348874362732679656836847901688559720622878353429207436684625661894634434317548872060374286942049413071507167006883416135915855153487054312307349449319226988217596921428417900000000000000000000000000000/1143826625546547010910083788032094371522879200599944079643752816844407637591447874358533870568369679742006194739410065465457194757278983426097926549696715709218736576717874331677447974425217088349952213154780462252947256766
tau_sum(12)__ge	-567696123619401651189220982477879022554561656738149644223668418492287247846758908217455024348515670605382136033145999894846882441934191487486276797000787884529363849748807703489133470203656758350000000000000000000000000000/571913312773273505455041894016047185761439600299972039821876408422203818795723937179266935284184839871003097369705032732728597378639491713048963274848357854609368288358937165838723987212608544174976106577390231126473628383
tau_sum(13)__ge	-567696123619401651189220982477879022554561656738149644223668418492287247846758908217455024348515670605382136033145999894846882441934191487486276797000787884529363849748807703489133470203656758350000000000000000000000000000/571913312773273505455041894016047185761439600299972039821876408422203818795723937179266935284184839871003097369705032732728597378639491713048963274848357854609368288358937165838723987212608544174976106577390231126473628383
tau_sum(14)__ge	-569029577481755748224533884289427584983653245940269975289852422838011077150585736126744229065934216950997706121310376608884771079329599888941358477857975634529363849748807703489133470203656758350000000000000000000000000000/571913312773273505455041894016047185761439600299972039821876408422203818795723937179266935284184839871003097369705032732728597378639491713048963274848357854609368288358937165838723987212608544174976106577390231126473628383
tau_sum(15)__ge	-569029577481755748224533884289427584983653245940269975289852422838011077150585736126744229065934216950997706121310376608884771079329599888941358477857975634529363849748807703489133470203656758350000000000000000000000000000/571913312773273505455041894016047185761439600299972039821876408422203818795723937179266935284184839871003097369705032732728597378639491713048963274848357854609368288358937165838723987212608544174976106577390231126473628383
tau_sum(16)__ge	-569029577481755748224533884289427584983653245940269975289852422838011077150585736126744229065934216950997706121310376608884771079329599888941358477857975634529363849748807703489133470203656758350000000000000000000000000000/571913312773273505455041894016047185761439600299972039821876408422203818795723937179266935284184839871003097369705032732728597378639491713048963274848357854609368288358937165838723987212608544174976106577390231126473628383
tau_sum(17)__ge	-569029577481755748224533884289427584983653245940269975289852422838011077150585736126744229065934216950997706121310376608884771079329599888941358477857975634529363849748807703489133470203656758350000000000000000000000000000/571913312773273505455041894016047185761439600299972039821876408422203818795723937179266935284184839871003097369705032732728597378639491713048963274848357854609368288358937165838723987212608544174976106577390231126473628383
tau_sum(18)__ge	-569029577481755748224533884289427584983653245940269975289852422838011077150585736126744229065934216950997706121310376608884771079329599888941358477857975634529363849748807703489133470203656758350000000000000000000000000000/571913312773273505455041894016047185761439600299972039821876408422203818795723937179266935284184839871003097369705032732728597378639491713048963274848357854609368288358937165838723987212608544174976106577390231126473628383
tau_sum(19)__ge	-569029577481755748224533884289427584983653245940269975289852422838011077150585736126744229065934216950997706121310376608884771079329599888941358477857975634529363849748807703489133470203656758350000000000000000000000000000/571913312773273505455041894016047185761439600299972039821876408422203818795723937179266935284184839871003097369705032732728597378639491713048963274848357854609368288358937165838723987212608544174976106577390231126473628383
tau_sum(20)__ge	-567696123619401651189220982477879022554561656738149644223668418492287247846758908217455024348515670605382136033145999894846882441934191487486276797000787884529363849748807703489133470203656758350000000000000000000000000000/571913312773273505455041894016047185761439600299972039821876408422203818795723937179266935284184839871003097369705032732728597378639491713048963274848357854609368288358937165838723987212608544174976106577390231126473628383
ln_def(0)__ge	-35092609222445111848182828720721446162313884911937353028780319497501025741598251657356638801783145882366694236918033942986691318948686983373640177373299801146235275027669684012424350000000000000000000000000000000000000000/381275541848849003636694596010698123840959733533314693214584272281469212530482624786177956856123226580668731579803355155152398252426327808699308849898905236406245525572624777225815991475072362783317404384926820750982418922
ln_def(1)__ge	-17546304611222555924091414360360723081156942455968676514390159748750512870799125828678319400891572941183347118459016971493345659474343491686820088686649900573117637513834842006212175000000000000000000000000000000000000000/190637770924424501818347298005349061920479866766657346607292136140734606265241312393088978428061613290334365789901677577576199126213163904349654424949452618203122762786312388612907995737536181391658702192463410375491209461
ln_def(2)__ge	-18620089367842693897086857517151072971457083898081808300008338639072031776602851334397228512226176515125918823362488855942056272999855543960606355405259052298144182745238331724212175000000000000000000000000000000000000000/190637770924424501818347298005349061920479866766657346607292136140734606265241312393088978428061613290334365789901677577576199126213163904349654424949452618203122762786312388612907995737536181391658702192463410375491209461
ln_def(3)__ge	-17744931809690989052563363662818063956505876096521650723372989745044674204011295316417283730968034293342110650550466653925634589675180608157900249417121589517715219506706028693212175000000000000000000000000000000000000000/190637770924424501818347298005349061920479866766657346607292136140734606265241312393088978428061613290334365789901677577576199126213163904349654424949452618203122762786312388612907995737536181391658702192463410375491209461
ln_def(4)__ge	-18584289895669090087569136815064148632448025981511499359822805476512238301811880931827532367255664175414658212615846562397054173087794103542806221183752454404999995333992059327158885000000000000000000000000000000000000000/190637770924424501818347298005349061920479866766657346607292136140734606265241312393088978428061613290334365789901677577576199126213163904349654424949452618203122762786312388612907995737536181391658702192463410375491209461
ln_def(5)__ge	-18494103174135757698315339528980944200810261308484063465648141742022304666660563935802509590739263354424336870968966689118909802799949115490447559343020818847654266347422685286467900000000000000000000000000000000000000000/190637770924424501818347298005349061920479866766657346607292136140734606265241312393088978428061613290334365789901677577576199126213163904349654424949452618203122762786312388612907995737536181391658702192463410375491209461
ln_def(6)__ge	-18004027233809058262125898413933325787496772229956915504764732879930091783690324155960431192521383298287161604035995543937123584333009024767464916828838530777458359840822384401927235000000000000000000000000000000000000000/190637770924424501818347298005349061920479866766657346607292136140734606265241312393088978428061613290334365789901677577576199126213163904349654424949452618203122762786312388612907995737536181391658702192463410375491209461
ln_def(7)__ge	-18494103174135757698315339528980944200810261308484063465648141742022304666660563935802509590739263354424336870968966689118909802799949115490447559343020818847654266347422685286467900000000000000000000000000000000000000000/190637770924424501818347298005349061920479866766657346607292136140734606265241312393088978428061613290334365789901677577576199126213163904349654424949452618203122762786312388612907995737536181391658702192463410375491209461
ln_def(8)__ge	-18494103174135757698315339528980944200810261308484063465648141742022304666660563935802509590739263354424336870968966689118909802799949115490447559343020818847654266347422685286467900000000000000000000000000000000000000000/190637770924424501818347298005349061920479866766657346607292136140734606265241312393088978428061613290334365789901677577576199126213163904349654424949452618203122762786312388612907995737536181391658702192463410375491209461
ln_def(9)__ge	-18494103174135757698315339528980944200810261308484063465648141742022304666660563935802509590739263354424336870968966689118909802799949115490447559343020818847654266347422685286467900000000000000000000000000000000000000000/190637770924424501818347298005349061920479866766657346607292136140734606265241312393088978428061613290334365789901677577576199126213163904349654424949452618203122762786312388612907995737536181391658702192463410375491209461
ln_def(10)__ge	-18004027233809058262125898413933325787496772229956915504764732879930091783690324155960431192521383298287161604035995543937123584333009024767464916828838530777458359840822384401927235000000000000000000000000000000000000000/190637770924424501818347298005349061920479866766657346607292136140734606265241312393088978428061613290334365789901677577576199126213163904349654424949452618203122762786312388612907995737536181391658702192463410375491209461
ln_def(11)__ge	-18494103174135757698315339528980944200810261308484063465648141742022304666660563935802509590739263354424336870968966689118909802799949115490447559343020818847654266347422685286467900000000000000000000000000000000000000000/190637770924424501818347298005349061920479866766657346607292136140734606265241312393088978428061613290334365789901677577576199126213163904349654424949452618203122762786312388612907995737536181391658702192463410375491209461
ln_def(12)__ge	-18494103174135757698315339528980944200810261308484063465648141742022304666660563935802509590739263354424336870968966689118909802799949115490447559343020818847654266347422685286467900000000000000000000000000000000000000000/190637770924424501818347298005349061920479866766657346607292136140734606265241312393088978428061613290334365789901677577576199126213163904349654424949452618203122762786312388612907995737536181391658702192463410375491209461
ln_def(13)__ge	-18494103174135757698315339528980944200810261308484063465648141742022304666660563935802509590739263354424336870968966689118909802799949115490447559343020818847654266347422685286467900000000000000000000000000000000000000000/190637770924424501818347298005349061920479866766657346607292136140734606265241312393088978428061613290334365789901677577576199126213163904349654424949452618203122762786312388612907995737536181391658702192463410375491209461
ln_def(14)__ge	-18494103174135757698315339528980944200810261308484063465648141742022304666660563935802509590739263354424336870968966689118909802799949115490447559343020818847654266347422685286467900000000000000000000000000000000000000000/190637770924424501818347298005349061920479866766657346607292136140734606265241312393088978428061613290334365789901677577576199126213163904349654424949452618203122762786312388612907995737536181391658702192463410375491209461
rho_def(0)__le	3559114717435599153687334283395511935782275129947131890793319900239781285691055363423882070446683912019965029767238970903391887038867185472637129152109923690092507292291292657107724429615151921649844280682076500000000000000/571913312773273505455041894016047185761439600299972039821876408422203818795723937179266935284184839871003097369705032732728597378639491713048963274848357854609368288358937165838723987212608544174976106577390231126473628383
rho_def(1)__le	3559114717435599153687334283395511935782275129947131890793319900239781285691055363423882070446683912019965029767238970903391887038867185472637129152109923690092507292291292657107724429615151921649844280682076500000000000000/571913312773273505455041894016047185761439600299972039821876408422203818795723937179266935284184839871003097369705032732728597378639491713048963274848357854609368288358937165838723987212608544174976106577390231126473628383
rho_def(2)__le	34876310048711199285905692587083355815322825110789859151216745796634439673640693954581034490047964967576714102210694405586375899868836574718376796725785278416877824255258453389520028456256030231943117032077235062581868243500000000000000/5575508413321592496479577491412070857195944656466860963128067003609342469905753878702463083084314804035729348222532798449389429163931390129006566372366955239715326474693139631149364733147792230462319596314135066332400589123096541854657
rho_def(3)__le	69460900911371830290303553889389041958995247621059665776888375295259760156417535903168754053009882527892158813484048077167277905296114837502518224788858069240279327431006139102040056912512060463886234064154470125163736487000000000000000/11151016826643184992959154982824141714391889312933721926256134007218684939811507757404926166168629608071458696445065596898778858327862780258013132744733910479430652949386279262298729466295584460924639192628270132664801178246193083709314
rho_def(4)__le	34870343470015598650986072470068868425487982124694807661185823602874474094508865554152751799219546244291504000419587356662208883216826334648743441022200845434687126353384074656677813456256030231943117032077235062581868243500000000000000/5575508413321592496479577491412070857195944656466860963128067003609342469905753878702463083084314804035729348222532798449389429163931390129006566372366955239715326474693139631149364733147792230462319596314135066332400589123096541854657
rho_def(5)__le	3575318280583977799627131153514613577689322210061975994792866894236447037673282133020812122165122202273010252114350995937907409836891889470521978216752095908677414645003792657107724429615151921649844280682076500000000000000/571913312773273505455041894016047185761439600299972039821876408422203818795723937179266935284184839871003097369705032732728597378639491713048963274848357854609368288358937165838723987212608544174976106577390231126473628383
rho_def(6)__le	3566939942868232661724460696418186123281545701103293118887035123316794939771252826524074402246693656629738761527758789335318166895032744232845210184288032553471883046981292657107724429615151921649844280682076500000000000000/571913312773273505455041894016047185761439600299972039821876408422203818795723937179266935284184839871003097369705032732728597378639491713048963274848357854609368288358937165838723987212608544174976106577390231126473628383
rho_def(7)__le	3575318280583977799627131153514613577689322210061975994792866894236447037673282133020812122165122202273010252114350995937907409836891889470521978216752095908677414645003792657107724429615151921649844280682076500000000000000/571913312773273505455041894016047185761439600299972039821876408422203818795723937179266935284184839871003097369705032732728597378639491713048963274848357854609368288358937165838723987212608544174976106577390231126473628383
rho_def(8)__le	3575318280583977799627131153514613577689322210061975994792866894236447037673282133020812122165122202273010252114350995937907409836891889470521978216752095908677414645003792657107724429615151921649844280682076500000000000000/571913312773273505455041894016047185761439600299972039821876408422203818795723937179266935284184839871003097369705032732728597378639491713048963274848357854609368288358937165838723987212608544174976106577390231126473628383
rho_def(9)__le	3575318280583977799627131153514613577689322210061975994792866894236447037673282133020812122165122202273010252114350995937907409836891889470521978216752095908677414645003792657107724429615151921649844280682076500000000000000/571913312773273505455041894016047185761439600299972039821876408422203818795723937179266935284184839871003097369705032732728597378639491713048963274848357854609368288358937165838723987212608544174976106577390231126473628383
rho_def(10)__le	3566939942868232661724460696418186123281545701103293118887035123316794939771252826524074402246693656629738761527758789335318166895032744232845210184288032553471883046981292657107724429615151921649844280682076500000000000000/571913312773273505455041894016047185761439600299972039821876408422203818795723937179266935284184839871003097369705032732728597378639491713048963274848357854609368288358937165838723987212608544174976106577390231126473628383
rho_def(11)__le	3575318280583977799627131153514613577689322210061975994792866894236447037673282133020812122165122202273010252114350995937907409836891889470521978216752095908677414645003792657107724429615151921649844280682076500000000000000/571913312773273505455041894016047185761439600299972039821876408422203818795723937179266935284184839871003097369705032732728597378639491713048963274848357854609368288358937165838723987212608544174976106577390231126473628383
rho_def(12)__le	3575318280583977799627131153514613577689322210061975994792866894236447037673282133020812122165122202273010252114350995937907409836891889470521978216752095908677414645003792657107724429615151921649844280682076500000000000000/571913312773273505455041894016047185761439600299972039821876408422203818795723937179266935284184839871003097369705032732728597378639491713048963274848357854609368288358937165838723987212608544174976106577390231126473628383
rho_def(13)__le	3575318280583977799627131153514613577689322210061975994792866894236447037673282133020812122165122202273010252114350995937907409836891889470521978216752095908677414645003792657107724429615151921649844280682076500000000000000/571913312773273505455041894016047185761439600299972039821876408422203818795723937179266935284184839871003097369705032732728597378639491713048963274848357854609368288358937165838723987212608544174976106577390231126473628383
rho_def(14)__le	3575318280583977799627131153514613577689322210061975994792866894236447037673282133020812122165122202273010252114350995937907409836891889470521978216752095908677414645003792657107724429615151921649844280682076500000000000000/571913312773273505455041894016047185761439600299972039821876408422203818795723937179266935284184839871003097369705032732728597378639491713048963274848357854609368288358937165838723987212608544174976106577390231126473628383
edge_sym(8,1,0,5)__le	60346267707451523322393444192988697708698772221552438502125587632640513613923317605668720941135246381709766671960381652257832532190806839767310407075366405415195894627524960595163983791880344793750000000000000000000000000/571913312773273505455041894016047185761439600299972039821876408422203818795723937179266935284184839871003097369705032732728597378639491713048963274848357854609368288358937165838723987212608544174976106577390231126473628383
edge_sym(8,5,1,7)__le	4940263491807307005159975376693418836852067563033676885843192878007109067363038800963072935575704967912991292919090926158338088852230669202479176849971845990483555752326673418855432984781500000000000000000000000000000000/381275541848849003636694596010698123840959733533314693214584272281469212530482624786177956856123226580668731579803355155152398252426327808699308849898905236406245525572624777225815991475072362783317404384926820750982418922
edge_sym(8,7,10,13)__le	1794080907500096050590876115407320736691399594178969545316460641555459256530599719112493516373195701827971922306189355626341244408215793292634016026655924962591833326868782468063414547968500000000000000000000000000000000/381275541848849003636694596010698123840959733533314693214584272281469212530482624786177956856123226580668731579803355155152398252426327808699308849898905236406245525572624777225815991475072362783317404384926820750982418922
edge_sym(10,7,1,6)__ge	-4069380486345049700269121928623486164630088029345012200954335909445018025171316479549884062235952059837355158523680273323641289692748785051975728255785199390483555752326673418855432984781500000000000000000000000000000000/381275541848849003636694596010698123840959733533314693214584272281469212530482624786177956856123226580668731579803355155152398252426327808699308849898905236406245525572624777225815991475072362783317404384926820750982418922
edge_sym(10,12,13,13)__ge	-80179411551851479885786165737445715610704906765544707836760364347234263779983520661511067459242525483806709600861951731744368618022806896399460912741033285344053291529011628790541082321128950000000000000000000000000000/10304744374293216314505259351640489833539452257657153870664439791391059798121152021248052888003330448126181934589279869058172925741252102937819158105375817200168797988449318303400432202028982777927497415808832993269795106
edge_sym(9,14,13,15)__le	2351708578264732384450339132076655391170976137382992500085058221757596277110496869253837654649982037725664112681077488629704662655937954465453741303527929166180884476259275033499094687134426549000000000000000000000000000/190637770924424501818347298005349061920479866766657346607292136140734606265241312393088978428061613290334365789901677577576199126213163904349654424949452618203122762786312388612907995737536181391658702192463410375491209461
edge_sym(9,15,14,16)__ge	-3825891994660350285303128875828227580128206109543410266739684194055422999197428012162476455196756779753782327344201606416024716973019606368573448128461890782886004717927294915478119079582071253000000000000000000000000000/190637770924424501818347298005349061920479866766657346607292136140734606265241312393088978428061613290334365789901677577576199126213163904349654424949452618203122762786312388612907995737536181391658702192463410375491209461
edge_sym(12,16,14,17)__le	67561662359274249789187025118460496407307186240763440686656220183340684727225947403986372349206348177855551133661753511253024294700692340390805163430846000000000000000000000000000000000000000000000000000000000000000000/190637770924424501818347298005349061920479866766657346607292136140734606265241312393088978428061613290334365789901677577576199126213163904349654424949452618203122762786312388612907995737536181391658702192463410375491209461
edge_sym(7,17,14,18)__le	7859725444595452633807029674116809596975401695709641260388150336085036635903902531054692134102360139664782478366082903477109214311870093601081675041295322652044392820763548548902832267823504920400000000000000000000000000/381275541848849003636694596010698123840959733533314693214584272281469212530482624786177956856123226580668731579803355155152398252426327808699308849898905236406245525572624777225815991475072362783317404384926820750982418922
edge_sym(7,18,11,8)__le	346014188191865377951196797815874106484100359263268156995098341962830332385166964309588641970093130220502761921903015397921231051822113017058246375868544279213784170686885843603799965051904455000000000000000000000000000/190637770924424501818347298005349061920479866766657346607292136140734606265241312393088978428061613290334365789901677577576199126213163904349654424949452618203122762786312388612907995737536181391658702192463410375491209461
edge_sym(11,18,14,19)__le	68710300622895454962840195355990933512316645492817248410094469448401837860518437161861216909968424173556351064787993669294059662088516109357875782195028271344739679641251555435457379696994349705550000000000000000000000000/571913312773273505455041894016047185761439600299972039821876408422203818795723937179266935284184839871003097369705032732728597378639491713048963274848357854609368288358937165838723987212608544174976106577390231126473628383
edge_sym(11,19,13,12)__ge	-68710300622895454962840195355990933512316645492817248410094469448401837860518437161861216909968424173556351064787993669294059662088516109357875782195028271344739679641251555435457379696994349705550000000000000000000000000/571913312773273505455041894016047185761439600299972039821876408422203818795723937179266935284184839871003097369705032732728597378639491713048963274848357854609368288358937165838723987212608544174976106577390231126473628383
y1_def(1,0,8,5)__ge	-33261138817247563619916312996363417268267553528106440550776384728185954773139092541782244285263711033556900288590938252685043879253596256803645702521291867571661162332712216683974446039375365501000000000000000000000000000/190637770924424501818347298005349061920479866766657346607292136140734606265241312393088978428061613290334365789901677577576199126213163904349654424949452618203122762786312388612907995737536181391658702192463410375491209461
y1_def(8,1,0,5)__le	1584719295633823175908107579467785649005807465817292363856972040810939805865382756395237183407877773423061373197262061878373657865125561714759390346605709284614970021404177266734823657500000000000000000000000000000000000/190637770924424501818347298005349061920479866766657346607292136140734606265241312393088978428061613290334365789901677577576199126213163904349654424949452618203122762786312388612907995737536181391658702192463410375491209461
y1_def(10,2,1,6)__ge	-1475082075884692753306081064689886366664989682102188808955891287139475746336392115776789094110987157546560295153982683389380254719384714853085476684866139893468167935443350666713041617579520000000000000000000000000000000/190637770924424501818347298005349061920479866766657346607292136140734606265241312393088978428061613290334365789901677577576199126213163904349654424949452618203122762786312388612907995737536181391658702192463410375491209461
y1_def(2,1,10,6)__ge	-478585227281414599124248488999271265999753854676822293884805556324903821371345592431361629389179087573764534705573142687268844675267919637857335884674924203953720946464061534553916744565000000000000000000000000000000000/190637770924424501818347298005349061920479866766657346607292136140734606265241312393088978428061613290334365789901677577576199126213163904349654424949452618203122762786312388612907995737536181391658702192463410375491209461
y1_def(10,1,8,7)__le	1584719295633823175908107579467785649005807465817292363856972040810939805865382756395237183407877773423061373197262061878373657865125561714759390346605709284614970021404177266734823657500000000000000000000000000000000000/190637770924424501818347298005349061920479866766657346607292136140734606265241312393088978428061613290334365789901677577576199126213163904349654424949452618203122762786312388612907995737536181391658702192463410375491209461
y1_def(8,10,1,7)__ge	-2702852473121128201892426400914243800461576951750176405488541888608803424556784053808864382929070482029327066823983493755821088049983817447429480451778053016715110865105312221290075344735480000000000000000000000000000000/190637770924424501818347298005349061920479866766657346607292136140734606265241312393088978428061613290334365789901677577576199126213163904349654424949452618203122762786312388612907995737536181391658702192463410375491209461
y1_def(11,7,6,8)__ge	-498260430996286144249723388854858713337104517339106146072941612426475678634640428605807644436934107517523977167540342173006572714623842744563874781250703762067849205789115614789471949674742415200000000000000000000000000/190637770924424501818347298005349061920479866766657346607292136140734606265241312393088978428061613290334365789901677577576199126213163904349654424949452618203122762786312388612907995737536181391658702192463410375491209461
y1_def(12,9,5,9)__ge	-6593513762534256203001458523112464651815142796099363841732687231644951872768955377716186611922928454881664230939873895701787319998525794866885289182635337412706922465903028861307095638953666542000000000000000000000000000/190637770924424501818347298005349061920479866766657346607292136140734606265241312393088978428061613290334365789901677577576199126213163904349654424949452618203122762786312388612907995737536181391658702192463410375491209461
y1_def(5,4,12,10)__ge	-34208891826643834444249449115213599407950138079589588514389073589015430703994427839038877048066119849789179395049562891139659992842011549543053953274623654821761830984928462209348008212219405501000000000000000000000000000/190637770924424501818347298005349061920479866766657346607292136140734606265241312393088978428061613290334365789901677577576199126213163904349654424949452618203122762786312388612907995737536181391658702192463410375491209461
y1_def(12,4,7,11)__ge	-6678903851890895962297996911269138222138960804716797861418390531628043833037874317492773391061658032996757382834184940678646902189209009956500439442735431070518376105467417168306186099648481368000000000000000000000000000/190637770924424501818347298005349061920479866766657346607292136140734606265241312393088978428061613290334365789901677577576199126213163904349654424949452618203122762786312388612907995737536181391658702192463410375491209461
y1_def(4,7,12,11)__ge	-6512739745723273388905733126496465617712101722165810199787884085380662963649735963483138212424230201846921245388554803442606355173519024342936561371733813714918044437503657899757988130543771346000000000000000000000000000/381275541848849003636694596010698123840959733533314693214584272281469212530482624786177956856123226580668731579803355155152398252426327808699308849898905236406245525572624777225815991475072362783317404384926820750982418922
y1_def(11,10,13,12)__ge	-15929978655953453394185461808739107094652407286706639086073174777513002715888398420437966480912099670926306357094167800581357830654951078300425598905952254074746867214668807202203764485131478333200000000000000000000000000/190637770924424501818347298005349061920479866766657346607292136140734606265241312393088978428061613290334365789901677577576199126213163904349654424949452618203122762786312388612907995737536181391658702192463410375491209461
y1_def(10,13,11,12)__le	3388910296205384217044843116023981570619544801769618001558594765958859406632041694421562304226504366958209405044571289147366151892121684492110594770595242611774453507017880650547603895468869160000000000000000000000000000/190637770924424501818347298005349061920479866766657346607292136140734606265241312393088978428061613290334365789901677577576199126213163904349654424949452618203122762786312388612907995737536181391658702192463410375491209461
y1_def(13,10,8,13)__ge	-12145859989368851062809363685344693030270054435911319530121528755092572503394431097188058612363867057085837478822395469349711929960394261573612168723345919544490228358976311491016463964450257400000000000000000000000000000/381275541848849003636694596010698123840959733533314693214584272281469212530482624786177956856123226580668731579803355155152398252426327808699308849898905236406245525572624777225815991475072362783317404384926820750982418922
y1_def(10,8,13,13)__le	1115385758399010247316477466561731407452202969861839600393407678782082905133888316838843031912486755035378506714614497403370433609275004054283902649499124347292627854156641586532572053756334640000000000000000000000000000/190637770924424501818347298005349061920479866766657346607292136140734606265241312393088978428061613290334365789901677577576199126213163904349654424949452618203122762786312388612907995737536181391658702192463410375491209461
y1_def(8,13,10,13)__ge	-12462075230996963602184250903367055707234779414824388045276491720220872075776389418756603561929464188766735321047050549561537461338555423066704872976722965891435278541298902058600672294809571250000000000000000000000000000/190637770924424501818347298005349061920479866766657346607292136140734606265241312393088978428061613290334365789901677577576199126213163904349654424949452618203122762786312388612907995737536181391658702192463410375491209461
y1_def(13,8,9,14)__le	115621425321097734996541532565579967605990455484541434839543339160481158533083626070879142585159542529241227150780049316936154082291645537745333315210448321146158516795122409837056536685670000000000000000000000000000000/190637770924424501818347298005349061920479866766657346607292136140734606265241312393088978428061613290334365789901677577576199126213163904349654424949452618203122762786312388612907995737536181391658702192463410375491209461
y1_def(8,9,13,14)__ge	-28172592423909156285547995213800727673501971691649075113995695527899183393633954630417821986922289324315548099106718380704088208394970866169273327038569112023582417247053343620784034684933836406000000000000000000000000000/381275541848849003636694596010698123840959733533314693214584272281469212530482624786177956856123226580668731579803355155152398252426327808699308849898905236406245525572624777225815991475072362783317404384926820750982418922
y1_def(9,13,8,14)__ge	-1220644270203888047565892808725032038291282671053240783152775987451312711933805486925828736920114357760977672651905129753924069507917797579494935113066767474008035267204473273665262143632252549000000000000000000000000000/190637770924424501818347298005349061920479866766657346607292136140734606265241312393088978428061613290334365789901677577576199126213163904349654424949452618203122762786312388612907995737536181391658702192463410375491209461
y1_def(13,9,14,15)__ge	-1389899094057377397213528468172661133510006907395954032115464158000218215091271785123211596068597980726817067013762294277303704820680687939940217369021448900888249107538678267621142387322204348000000000000000000000000000/190637770924424501818347298005349061920479866766657346607292136140734606265241312393088978428061613290334365789901677577576199126213163904349654424949452618203122762786312388612907995737536181391658702192463410375491209461
y1_def(14,13,9,15)__ge	-841727951262594680923573055136635126290861884189983983649018490617950637675529661062049554435564298789817903290823752638218210058633045404498419694396939281384971410749334643261738686849932704000000000000000000000000000/190637770924424501818347298005349061920479866766657346607292136140734606265241312393088978428061613290334365789901677577576199126213163904349654424949452618203122762786312388612907995737536181391658702192463410375491209461
y1_def(14,9,12,16)__ge	-14181010509894990815233712731805765277826110172228803911430044632369558925331641950423362491213655391849005638158280378154658123391472117705774705720413374456915180634078192187597998651044758402000000000000000000000000000/190637770924424501818347298005349061920479866766657346607292136140734606265241312393088978428061613290334365789901677577576199126213163904349654424949452618203122762786312388612907995737536181391658702192463410375491209461
y1_def(9,12,14,16)__le	641817482456013878768397118834272989027350170940193851847418698407947816798108337443558380483491743956948976916983872527420060158780498030921157431749897571171072205223887647188446546931724000000000000000000000000000000/190637770924424501818347298005349061920479866766657346607292136140734606265241312393088978428061613290334365789901677577576199126213163904349654424949452618203122762786312388612907995737536181391658702192463410375491209461
y1_def(12,14,9,16)__ge	-1182294724468357866816044691403247782153661834162364640276786169263359884561765627141948633913699699793794030338885763993650371502773926928538062954972402259341381385245169511911871193485021900000000000000000000000000000/381275541848849003636694596010698123840959733533314693214584272281469212530482624786177956856123226580668731579803355155152398252426327808699308849898905236406245525572624777225815991475072362783317404384926820750982418922
y1_def(14,12,7,17)__le	222242310392349505885483635258093738181931533686721844364000724287304883971137984881534119569757724269261681360729452339648106232568066909180280142864625000000000000000000000000000000000000000000000000000000000000000000/190637770924424501818347298005349061920479866766657346607292136140734606265241312393088978428061613290334365789901677577576199126213163904349654424949452618203122762786312388612907995737536181391658702192463410375491209461
y1_def(12,7,14,17)__ge	-6608948098630792886470731016185067454778310679934872934776033739770018642321958367800354256748425688576242400891106221060461399279712045421042095561238238767867782290085193660971826699650393250000000000000000000000000000/190637770924424501818347298005349061920479866766657346607292136140734606265241312393088978428061613290334365789901677577576199126213163904349654424949452618203122762786312388612907995737536181391658702192463410375491209461
y1_def(7,14,12,17)__ge	-24238018925202668305589904206673623589563245882918433743748222489979074686486191775084527507269465117142036019739129362467430680045662798367838564140779081023479262129635871847802087887917991124000000000000000000000000000/381275541848849003636694596010698123840959733533314693214584272281469212530482624786177956856123226580668731579803355155152398252426327808699308849898905236406245525572624777225815991475072362783317404384926820750982418922
y1_def(14,7,11,18)__ge	-6447831558803459864735652733729303934717166578765629521619706247619579492739086583943281543671810655252549311242983296204386341537045816893572561296125073591606817550749654833409261680803348440000000000000000000000000000/381275541848849003636694596010698123840959733533314693214584272281469212530482624786177956856123226580668731579803355155152398252426327808699308849898905236406245525572624777225815991475072362783317404384926820750982418922
y1_def(7,11,14,18)__ge	-1915971158289739819412445865564792721266800045138241710343132376492052498482644263536427984784057969324873849289087519834248874018157941762104651950960641276061503358854295219263944672049688960000000000000000000000000000/381275541848849003636694596010698123840959733533314693214584272281469212530482624786177956856123226580668731579803355155152398252426327808699308849898905236406245525572624777225815991475072362783317404384926820750982418922
y1_def(11,14,7,18)__ge	-6605177211637309990491108124615628375542843153514663394373165569890031126205040352991232685745324232522955222205069063781260142707438757816415542036494071465143758103670550596034896327468779575200000000000000000000000000/190637770924424501818347298005349061920479866766657346607292136140734606265241312393088978428061613290334365789901677577576199126213163904349654424949452618203122762786312388612907995737536181391658702192463410375491209461
y1_def(13,14,11,19)__ge	-31330810691309685022463571142095103383347240092480537581023500734779147803656990522453610339863258181646362331734350130595798593917183241448397340954551503183024757035985207344058819814664350744200000000000000000000000000/190637770924424501818347298005349061920479866766657346607292136140734606265241312393088978428061613290334365789901677577576199126213163904349654424949452618203122762786312388612907995737536181391658702192463410375491209461
y1_def(14,11,13,19)__ge	-256278393172018853719628397558195180398200121157198182156939393597206571577225376953780836772659503886346263170609666046534451467047876154223342854021300958324737693283866253303916543759638510000000000000000000000000000/190637770924424501818347298005349061920479866766657346607292136140734606265241312393088978428061613290334365789901677577576199126213163904349654424949452618203122762786312388612907995737536181391658702192463410375491209461
y1_def(3,2,6,20)__ge	-33854196865762092849384803078697068583652672725461477298455652595340912284717317713227206868161451984803327596063645432523233387177820512952460179038898773071761830984928462209348008212219405501000000000000000000000000000/190637770924424501818347298005349061920479866766657346607292136140734606265241312393088978428061613290334365789901677577576199126213163904349654424949452618203122762786312388612907995737536181391658702192463410375491209461
y2_def(1,0,8,5)__ge	-32655966807093444257596626130992895935726028672263951760874081135008847775049276958637034005308688147653467766744326574439206474022450775160888976262850382949277053515014716683974446039375365501000000000000000000000000000/190637770924424501818347298005349061920479866766657346607292136140734606265241312393088978428061613290334365789901677577576199126213163904349654424949452618203122762786312388612907995737536181391658702192463410375491209461
y2_def(8,1,0,5)__ge	-481754665872682245476064704158206837297765469608456878612519500406525700983076357944152103755994843120610657451967666811025591990998170761286854665368135622522950886506869889087386391880000000000000000000000000000000000/190637770924424501818347298005349061920479866766657346607292136140734606265241312393088978428061613290334365789901677577576199126213163904349654424949452618203122762786312388612907995737536181391658702192463410375491209461
y2_def(10,2,1,6)__ge	-1475082075884692753306081064689886366664989682102188808955891287139475746336392115776789094110987157546560295153982683389380254719384714853085476684866139893468167935443350666713041617579520000000000000000000000000000000/190637770924424501818347298005349061920479866766657346607292136140734606265241312393088978428061613290334365789901677577576199126213163904349654424949452618203122762786312388612907995737536181391658702192463410375491209461
y2_def(2,1,10,6)__ge	-478585227281414599124248488999271265999753854676822293884805556324903821371345592431361629389179087573764534705573142687268844675267919637857335884674924203953720946464061534553916744565000000000000000000000000000000000/190637770924424501818347298005349061920479866766657346607292136140734606265241312393088978428061613290334365789901677577576199126213163904349654424949452618203122762786312388612907995737536181391658702192463410375491209461
y2_def(10,1,8,7)__ge	-481754665872682245476064704158206837297765469608456878612519500406525700983076357944152103755994843120610657451967666811025591990998170761286854665368135622522950886506869889087386391880000000000000000000000000000000000/190637770924424501818347298005349061920479866766657346607292136140734606265241312393088978428061613290334365789901677577576199126213163904349654424949452618203122762786312388612907995737536181391658702192463410375491209461
y2_def(8,10,1,7)__ge	-2302697964128340607181637174775141835186161720306519293388070331741132743095919745671686027026607030749841095833547642736961213557742141342619549047479974716715110865105312221290075344735480000000000000000000000000000000/190637770924424501818347298005349061920479866766657346607292136140734606265241312393088978428061613290334365789901677577576199126213163904349654424949452618203122762786312388612907995737536181391658702192463410375491209461
y2_def(11,7,6,8)__ge	-498260430996286144249723388854858713337104517339106146072941612426475678634640428605807644436934107517523977167540342173006572714623842744563874781250703762067849205789115614789471949674742415200000000000000000000000000/190637770924424501818347298005349061920479866766657346607292136140734606265241312393088978428061613290334365789901677577576199126213163904349654424949452618203122762786312388612907995737536181391658702192463410375491209461
y2_def(12,9,5,9)__ge	-1356691200540258070654898792033760007947967572282223349514865194678337814532065815028513209312661054843496928311205589975563569568077922062259661003137949277390702696057170559193807410287405367000000000000000000000000000/190637770924424501818347298005349061920479866766657346607292136140734606265241312393088978428061613290334365789901677577576199126213163904349654424949452618203122762786312388612907995737536181391658702192463410375491209461
y2_def(5,4,12,10)__ge	-34208891826643834444249449115213599407950138079589588514389073589015430703994427839038877048066119849789179395049562891139659992842011549543053953274623654821761830984928462209348008212219405501000000000000000000000000000/190637770924424501818347298005349061920479866766657346607292136140734606265241312393088978428061613290334365789901677577576199126213163904349654424949452618203122762786312388612907995737536181391658702192463410375491209461
y2_def(12,4,7,11)__ge	-6678903851890895962297996911269138222138960804716797861418390531628043833037874317492773391061658032996757382834184940678646902189209009956500439442735431070518376105467417168306186099648481368000000000000000000000000000/190637770924424501818347298005349061920479866766657346607292136140734606265241312393088978428061613290334365789901677577576199126213163904349654424949452618203122762786312388612907995737536181391658702192463410375491209461
y2_def(4,7,12,11)__le	5148776648401922035960323440867336626571556809549295139305089008887200334487843479135016846346675476318877924896890333849241534005654659006998083653538343747960781455655472979257366210511970434800000000000000000000000000/190637770924424501818347298005349061920479866766657346607292136140734606265241312393088978428061613290334365789901677577576199126213163904349654424949452618203122762786312388612907995737536181391658702192463410375491209461
y2_def(11,10,13,12)__ge	-3252709371873118928028081244242683228596498047491744509914365119857220541700743357985862644305646872549405972375905300760059778825546539097278248433053988152779999626432291795623879015137799598200000000000000000000000000/190637770924424501818347298005349061920479866766657346607292136140734606265241312393088978428061613290334365789901677577576199126213163904349654424949452618203122762786312388612907995737536181391658702192463410375491209461
y2_def(10,13,11,12)__le	2343370769569240919334191514807689439055952817546915011367239614870924606941056584995457984557981834649369911849331438565419585113104282563061624468452168570887998585479569011118948182001347652000000000000000000000000000/190637770924424501818347298005349061920479866766657346607292136140734606265241312393088978428061613290334365789901677577576199126213163904349654424949452618203122762786312388612907995737536181391658702192463410375491209461
y2_def(13,10,8,13)__le	18807993404814148518112031681263548058362863017992039051111592825439094187171206281986104378890260519461856419333913665090894346011010518241010502972023745201021251488644594687578260581546590076000000000000000000000000000/381275541848849003636694596010698123840959733533314693214584272281469212530482624786177956856123226580668731579803355155152398252426327808699308849898905236406245525572624777225815991475072362783317404384926820750982418922
y2_def(10,8,13,13)__le	1115385758399010247316477466561731407452202969861839600393407678782082905133888316838843031912486755035378506714614497403370433609275004054283902649499124347292627854156641586532572053756334640000000000000000000000000000/190637770924424501818347298005349061920479866766657346607292136140734606265241312393088978428061613290334365789901677577576199126213163904349654424949452618203122762786312388612907995737536181391658702192463410375491209461
y2_def(8,13,10,13)__ge	-10940702730957049548343097593196563554872231356600456585087190192393402466852725635559555880734922592247671479120608576527844148921094003618396973114405947168358374602677231162432583831535223175000000000000000000000000000/190637770924424501818347298005349061920479866766657346607292136140734606265241312393088978428061613290334365789901677577576199126213163904349654424949452618203122762786312388612907995737536181391658702192463410375491209461
y2_def(13,8,9,14)__ge	-35148913297613711438948625899936310152221098467300596191221175104786272194057422325547259345888500928889333053837134992348590841016660243474581327823976289628432189105717212590465187152443680000000000000000000000000000/190637770924424501818347298005349061920479866766657346607292136140734606265241312393088978428061613290334365789901677577576199126213163904349654424949452618203122762786312388612907995737536181391658702192463410375491209461
y2_def(8,9,13,14)__le	1324579841225848295600215120549140360484444204347257943763388891201109422370012635572830998521299989927954779418596533890171394752243762653262212053979053422588989919102611474342606991367916260000000000000000000000000000/381275541848849003636694596010698123840959733533314693214584272281469212530482624786177956856123226580668731579803355155152398252426327808699308849898905236406245525572624777225815991475072362783317404384926820750982418922
y2_def(13,9,14,15)__ge	-1389899094057377397213528468172661133510006907395954032115464158000218215091271785123211596068597980726817067013762294277303704820680687939940217369021448900888249107538678267621142387322204348000000000000000000000000000/190637770924424501818347298005349061920479866766657346607292136140734606265241312393088978428061613290334365789901677577576199126213163904349654424949452618203122762786312388612907995737536181391658702192463410375491209461
y2_def(14,9,12,16)__ge	-373460027221074229538889509412235010002046417634586144252510831114200229316241803654430760986886423689552930489893711647180670722557008430324180324243225436554586455538952822985680704970047773000000000000000000000000000/190637770924424501818347298005349061920479866766657346607292136140734606265241312393088978428061613290334365789901677577576199126213163904349654424949452618203122762786312388612907995737536181391658702192463410375491209461
y2_def(9,12,14,16)__ge	-195112514666628219145592724125618988664314451965818930961615284316016136306624934582841747666981490162912488982763097248335698288269271401400031859251968861636005950388061844745287750267244096000000000000000000000000000/190637770924424501818347298005349061920479866766657346607292136140734606265241312393088978428061613290334365789901677577576199126213163904349654424949452618203122762786312388612907995737536181391658702192463410375491209461
y2_def(12,14,9,16)__le	1830795958442703947805781545538901565641351240219934011049882923382709199966070262625340884600831152148772968682215019222507958254720987273595749401338115668826930579109434831424382669400848806000000000000000000000000000/381275541848849003636694596010698123840959733533314693214584272281469212530482624786177956856123226580668731579803355155152398252426327808699308849898905236406245525572624777225815991475072362783317404384926820750982418922
y2_def(14,12,7,17)__ge	-67561662359274249789187025118460496407307186240763440686656220183340684727225947403986372349206348177855551133661753511253024294700692340390805163430846000000000000000000000000000000000000000000000000000000000000000000/190637770924424501818347298005349061920479866766657346607292136140734606265241312393088978428061613290334365789901677577576199126213163904349654424949452618203122762786312388612907995737536181391658702192463410375491209461
y2_def(12,7,14,17)__le	10234026438688278856964676667190408709760967048631064940276590118733233123153024042734250698003200459884657913550100229122986822118668992888158376913764234415434408405795753077564458451075651505000000000000000000000000000/190637770924424501818347298005349061920479866766657346607292136140734606265241312393088978428061613290334365789901677577576199126213163904349654424949452618203122762786312388612907995737536181391658702192463410375491209461
y2_def(7,14,12,17)__ge	-20219793960095892119289770428476379228442947921131717551294277298529593392078065708719652669309993047635645335483465490249445857462533384170462306151215004123813529590446922256861191477202482403600000000000000000000000000/381275541848849003636694596010698123840959733533314693214584272281469212530482624786177956856123226580668731579803355155152398252426327808699308849898905236406245525572624777225815991475072362783317404384926820750982418922
y2_def(14,7,11,18)__le	9984535762759910828839591616187632773802454970267287586882600440462829691096823863391319803158178287005968912175836687186281658235450947947110872577276230978662642156245954867564384364443993605600000000000000000000000000/381275541848849003636694596010698123840959733533314693214584272281469212530482624786177956856123226580668731579803355155152398252426327808699308849898905236406245525572624777225815991475072362783317404384926820750982418922
y2_def(7,11,14,18)__le	2966901721283558809719953406293736473485057601811941099548365411938118741267379776599600611331568915052432313856591270075247511724287978754169714233849265363228855626753523533149572196420773670400000000000000000000000000/381275541848849003636694596010698123840959733533314693214584272281469212530482624786177956856123226580668731579803355155152398252426327808699308849898905236406245525572624777225815991475072362783317404384926820750982418922
y2_def(11,14,7,18)__ge	-6605177211637309990491108124615628375542843153514663394373165569890031126205040352991232685745324232522955222205069063781260142707438757816415542036494071465143758103670550596034896327468779575200000000000000000000000000/190637770924424501818347298005349061920479866766657346607292136140734606265241312393088978428061613290334365789901677577576199126213163904349654424949452618203122762786312388612907995737536181391658702192463410375491209461
y2_def(13,14,11,19)__ge	-31330810691309685022463571142095103383347240092480537581023500734779147803656990522453610339863258181646362331734350130595798593917183241448397340954551503183024757035985207344058819814664350744200000000000000000000000000/190637770924424501818347298005349061920479866766657346607292136140734606265241312393088978428061613290334365789901677577576199126213163904349654424949452618203122762786312388612907995737536181391658702192463410375491209461
y2_def(14,11,13,19)__le	396849818192756003696054356899690324029383081230231568029405299276695622965754530525450410644982099847835766671424925422697391016420094180944146657780218803124987432280846508839554171379287037400000000000000000000000000/190637770924424501818347298005349061920479866766657346607292136140734606265241312393088978428061613290334365789901677577576199126213163904349654424949452618203122762786312388612907995737536181391658702192463410375491209461
y2_def(3,2,6,20)__ge	-34124868864790308962831669533145345875238491514652539065329298673852916936976352394112610217106784664784886734029994820285757132554873706043378402169516417071761830984928462209348008212219405501000000000000000000000000000/190637770924424501818347298005349061920479866766657346607292136140734606265241312393088978428061613290334365789901677577576199126213163904349654424949452618203122762786312388612907995737536181391658702192463410375491209461
y3_def(1,0,8,5)__ge	-32655966807093444257596626130992895935726028672263951760874081135008847775049276958637034005308688147653467766744326574439206474022450775160888976262850382949277053515014716683974446039375365501000000000000000000000000000/190637770924424501818347298005349061920479866766657346607292136140734606265241312393088978428061613290334365789901677577576199126213163904349654424949452618203122762786312388612907995737536181391658702192463410375491209461
y3_def(8,1,0,5)__ge	-481754665872682245476064704158206837297765469608456878612519500406525700983076357944152103755994843120610657451967666811025591990998170761286854665368135622522950886506869889087386391880000000000000000000000000000000000/190637770924424501818347298005349061920479866766657346607292136140734606265241312393088978428061613290334365789901677577576199126213163904349654424949452618203122762786312388612907995737536181391658702192463410375491209461
y3_def(10,2,1,6)__ge	-1475082075884692753306081064689886366664989682102188808955891287139475746336392115776789094110987157546560295153982683389380254719384714853085476684866139893468167935443350666713041617579520000000000000000000000000000000/190637770924424501818347298005349061920479866766657346607292136140734606265241312393088978428061613290334365789901677577576199126213163904349654424949452618203122762786312388612907995737536181391658702192463410375491209461
y3_def(2,1,10,6)__ge	-478585227281414599124248488999271265999753854676822293884805556324903821371345592431361629389179087573764534705573142687268844675267919637857335884674924203953720946464061534553916744565000000000000000000000000000000000/190637770924424501818347298005349061920479866766657346607292136140734606265241312393088978428061613290334365789901677577576199126213163904349654424949452618203122762786312388612907995737536181391658702192463410375491209461
y3_def(10,1,8,7)__ge	-481754665872682245476064704158206837297765469608456878612519500406525700983076357944152103755994843120610657451967666811025591990998170761286854665368135622522950886506869889087386391880000000000000000000000000000000000/190637770924424501818347298005349061920479866766657346607292136140734606265241312393088978428061613290334365789901677577576199126213163904349654424949452618203122762786312388612907995737536181391658702192463410375491209461
y3_def(8,10,1,7)__ge	-2302697964128340607181637174775141835186161720306519293388070331741132743095919745671686027026607030749841095833547642736961213557742141342619549047479974716715110865105312221290075344735480000000000000000000000000000000/190637770924424501818347298005349061920479866766657346607292136140734606265241312393088978428061613290334365789901677577576199126213163904349654424949452618203122762786312388612907995737536181391658702192463410375491209461
y3_def(11,7,6,8)__ge	-498260430996286144249723388854858713337104517339106146072941612426475678634640428605807644436934107517523977167540342173006572714623842744563874781250703762067849205789115614789471949674742415200000000000000000000000000/190637770924424501818347298005349061920479866766657346607292136140734606265241312393088978428061613290334365789901677577576199126213163904349654424949452618203122762786312388612907995737536181391658702192463410375491209461
y3_def(12,9,5,9)__ge	-1356691200540258070654898792033760007947967572282223349514865194678337814532065815028513209312661054843496928311205589975563569568077922062259661003137949277390702696057170559193807410287405367000000000000000000000000000/190637770924424501818347298005349061920479866766657346607292136140734606265241312393088978428061613290334365789901677577576199126213163904349654424949452618203122762786312388612907995737536181391658702192463410375491209461
y3_def(5,4,12,10)__ge	-34208891826643834444249449115213599407950138079589588514389073589015430703994427839038877048066119849789179395049562891139659992842011549543053953274623654821761830984928462209348008212219405501000000000000000000000000000/190637770924424501818347298005349061920479866766657346607292136140734606265241312393088978428061613290334365789901677577576199126213163904349654424949452618203122762786312388612907995737536181391658702192463410375491209461
y3_def(12,4,7,11)__ge	-6678903851890895962297996911269138222138960804716797861418390531628043833037874317492773391061658032996757382834184940678646902189209009956500439442735431070518376105467417168306186099648481368000000000000000000000000000/190637770924424501818347298005349061920479866766657346607292136140734606265241312393088978428061613290334365789901677577576199126213163904349654424949452618203122762786312388612907995737536181391658702192463410375491209461
y3_def(4,7,12,11)__le	5148776648401922035960323440867336626571556809549295139305089008887200334487843479135016846346675476318877924896890333849241534005654659006998083653538343747960781455655472979257366210511970434800000000000000000000000000/190637770924424501818347298005349061920479866766657346607292136140734606265241312393088978428061613290334365789901677577576199126213163904349654424949452618203122762786312388612907995737536181391658702192463410375491209461
y3_def(11,10,13,12)__ge	-3252709371873118928028081244242683228596498047491744509914365119857220541700743357985862644305646872549405972375905300760059778825546539097278248433053988152779999626432291795623879015137799598200000000000000000000000000/190637770924424501818347298005349061920479866766657346607292136140734606265241312393088978428061613290334365789901677577576199126213163904349654424949452618203122762786312388612907995737536181391658702192463410375491209461
y3_def(10,13,11,12)__le	2343370769569240919334191514807689439055952817546915011367239614870924606941056584995457984557981834649369911849331438565419585113104282563061624468452168570887998585479569011118948182001347652000000000000000000000000000/190637770924424501818347298005349061920479866766657346607292136140734606265241312393088978428061613290334365789901677577576199126213163904349654424949452618203122762786312388612907995737536181391658702192463410375491209461
y3_def(13,10,8,13)__le	18807993404814148518112031681263548058362863017992039051111592825439094187171206281986104378890260519461856419333913665090894346011010518241010502972023745201021251488644594687578260581546590076000000000000000000000000000/381275541848849003636694596010698123840959733533314693214584272281469212530482624786177956856123226580668731579803355155152398252426327808699308849898905236406245525572624777225815991475072362783317404384926820750982418922
y3_def(10,8,13,13)__le	1115385758399010247316477466561731407452202969861839600393407678782082905133888316838843031912486755035378506714614497403370433609275004054283902649499124347292627854156641586532572053756334640000000000000000000000000000/190637770924424501818347298005349061920479866766657346607292136140734606265241312393088978428061613290334365789901677577576199126213163904349654424949452618203122762786312388612907995737536181391658702192463410375491209461
y3_def(8,13,10,13)__ge	-10940702730957049548343097593196563554872231356600456585087190192393402466852725635559555880734922592247671479120608576527844148921094003618396973114405947168358374602677231162432583831535223175000000000000000000000000000/190637770924424501818347298005349061920479866766657346607292136140734606265241312393088978428061613290334365789901677577576199126213163904349654424949452618203122762786312388612907995737536181391658702192463410375491209461
y3_def(13,8,9,14)__ge	-35148913297613711438948625899936310152221098467300596191221175104786272194057422325547259345888500928889333053837134992348590841016660243474581327823976289628432189105717212590465187152443680000000000000000000000000000/190637770924424501818347298005349061920479866766657346607292136140734606265241312393088978428061613290334365789901677577576199126213163904349654424949452618203122762786312388612907995737536181391658702192463410375491209461
y3_def(8,9,13,14)__le	1324579841225848295600215120549140360484444204347257943763388891201109422370012635572830998521299989927954779418596533890171394752243762653262212053979053422588989919102611474342606991367916260000000000000000000000000000/381275541848849003636694596010698123840959733533314693214584272281469212530482624786177956856123226580668731579803355155152398252426327808699308849898905236406245525572624777225815991475072362783317404384926820750982418922
y3_def(13,9,14,15)__ge	-1389899094057377397213528468172661133510006907395954032115464158000218215091271785123211596068597980726817067013762294277303704820680687939940217369021448900888249107538678267621142387322204348000000000000000000000000000/190637770924424501818347298005349061920479866766657346607292136140734606265241312393088978428061613290334365789901677577576199126213163904349654424949452618203122762786312388612907995737536181391658702192463410375491209461
y3_def(14,9,12,16)__ge	-373460027221074229538889509412235010002046417634586144252510831114200229316241803654430760986886423689552930489893711647180670722557008430324180324243225436554586455538952822985680704970047773000000000000000000000000000/190637770924424501818347298005349061920479866766657346607292136140734606265241312393088978428061613290334365789901677577576199126213163904349654424949452618203122762786312388612907995737536181391658702192463410375491209461
y3_def(9,12,14,16)__ge	-195112514666628219145592724125618988664314451965818930961615284316016136306624934582841747666981490162912488982763097248335698288269271401400031859251968861636005950388061844745287750267244096000000000000000000000000000/190637770924424501818347298005349061920479866766657346607292136140734606265241312393088978428061613290334365789901677577576199126213163904349654424949452618203122762786312388612907995737536181391658702192463410375491209461
y3_def(12,14,9,16)__le	1830795958442703947805781545538901565641351240219934011049882923382709199966070262625340884600831152148772968682215019222507958254720987273595749401338115668826930579109434831424382669400848806000000000000000000000000000/381275541848849003636694596010698123840959733533314693214584272281469212530482624786177956856123226580668731579803355155152398252426327808699308849898905236406245525572624777225815991475072362783317404384926820750982418922
y3_def(14,12,7,17)__ge	-67561662359274249789187025118460496407307186240763440686656220183340684727225947403986372349206348177855551133661753511253024294700692340390805163430846000000000000000000000000000000000000000000000000000000000000000000/190637770924424501818347298005349061920479866766657346607292136140734606265241312393088978428061613290334365789901677577576199126213163904349654424949452618203122762786312388612907995737536181391658702192463410375491209461
y3_def(12,7,14,17)__le	10234026438688278856964676667190408709760967048631064940276590118733233123153024042734250698003200459884657913550100229122986822118668992888158376913764234415434408405795753077564458451075651505000000000000000000000000000/190637770924424501818347298005349061920479866766657346607292136140734606265241312393088978428061613290334365789901677577576199126213163904349654424949452618203122762786312388612907995737536181391658702192463410375491209461
y3_def(7,14,12,17)__ge	-20219793960095892119289770428476379228442947921131717551294277298529593392078065708719652669309993047635645335483465490249445857462533384170462306151215004123813529590446922256861191477202482403600000000000000000000000000/381275541848849003636694596010698123840959733533314693214584272281469212530482624786177956856123226580668731579803355155152398252426327808699308849898905236406245525572624777225815991475072362783317404384926820750982418922
y3_def(14,7,11,18)__le	9984535762759910828839591616187632773802454970267287586882600440462829691096823863391319803158178287005968912175836687186281658235450947947110872577276230978662642156245954867564384364443993605600000000000000000000000000/381275541848849003636694596010698123840959733533314693214584272281469212530482624786177956856123226580668731579803355155152398252426327808699308849898905236406245525572624777225815991475072362783317404384926820750982418922
y3_def(7,11,14,18)__le	2966901721283558809719953406293736473485057601811941099548365411938118741267379776599600611331568915052432313856591270075247511724287978754169714233849265363228855626753523533149572196420773670400000000000000000000000000/381275541848849003636694596010698123840959733533314693214584272281469212530482624786177956856123226580668731579803355155152398252426327808699308849898905236406245525572624777225815991475072362783317404384926820750982418922
y3_def(11,14,7,18)__ge	-6605177211637309990491108124615628375542843153514663394373165569890031126205040352991232685745324232522955222205069063781260142707438757816415542036494071465143758103670550596034896327468779575200000000000000000000000000/190637770924424501818347298005349061920479866766657346607292136140734606265241312393088978428061613290334365789901677577576199126213163904349654424949452618203122762786312388612907995737536181391658702192463410375491209461
y3_def(13,14,11,19)__ge	-31330810691309685022463571142095103383347240092480537581023500734779147803656990522453610339863258181646362331734350130595798593917183241448397340954551503183024757035985207344058819814664350744200000000000000000000000000/190637770924424501818347298005349061920479866766657346607292136140734606265241312393088978428061613290334365789901677577576199126213163904349654424949452618203122762786312388612907995737536181391658702192463410375491209461
y3_def(14,11,13,19)__le	396849818192756003696054356899690324029383081230231568029405299276695622965754530525450410644982099847835766671424925422697391016420094180944146657780218803124987432280846508839554171379287037400000000000000000000000000/190637770924424501818347298005349061920479866766657346607292136140734606265241312393088978428061613290334365789901677577576199126213163904349654424949452618203122762786312388612907995737536181391658702192463410375491209461
y3_def(3,2,6,20)__ge	-34124868864790308962831669533145345875238491514652539065329298673852916936976352394112610217106784664784886734029994820285757132554873706043378402169516417071761830984928462209348008212219405501000000000000000000000000000/190637770924424501818347298005349061920479866766657346607292136140734606265241312393088978428061613290334365789901677577576199126213163904349654424949452618203122762786312388612907995737536181391658702192463410375491209461
y4_def(1,0,8,5)__ge	-70875849773471402922075515403800927851189470921213173187623725905910302610333145323540021660553517332001261965522405432762129896392210417383504533834928727089689741911140034758280095915365344793750000000000000000000000000/571913312773273505455041894016047185761439600299972039821876408422203818795723937179266935284184839871003097369705032732728597378639491713048963274848357854609368288358937165838723987212608544174976106577390231126473628383
y4_def(8,1,0,5)__le	2449976031049890629953934317857196613362978342153533994522878775093712939867881741387036685548579037712052882962967147663965675059484118411018017475852426554014743653090858054372037374495000000000000000000000000000000000/190637770924424501818347298005349061920479866766657346607292136140734606265241312393088978428061613290334365789901677577576199126213163904349654424949452618203122762786312388612907995737536181391658702192463410375491209461
y4_def(10,2,1,6)__ge	-2048725105395406601814001478735953287034707891808595567994293454360382981022766827467762630709704385481333743269420393596361464888034326184840939840091860963150233243671320370434780024416000000000000000000000000000000000/381275541848849003636694596010698123840959733533314693214584272281469212530482624786177956856123226580668731579803355155152398252426327808699308849898905236406245525572624777225815991475072362783317404384926820750982418922
y4_def(2,1,10,6)__le	1024362552697703300907000739367976643517353945904297783997146727180191490511383413733881315354852192740666871634710196798180732444017163092420469920045930481575116621835660185217390012208000000000000000000000000000000000/190637770924424501818347298005349061920479866766657346607292136140734606265241312393088978428061613290334365789901677577576199126213163904349654424949452618203122762786312388612907995737536181391658702192463410375491209461
y4_def(10,1,8,7)__le	2449976031049890629953934317857196613362978342153533994522878775093712939867881741387036685548579037712052882962967147663965675059484118411018017475852426554014743653090858054372037374495000000000000000000000000000000000/190637770924424501818347298005349061920479866766657346607292136140734606265241312393088978428061613290334365789901677577576199126213163904349654424949452618203122762786312388612907995737536181391658702192463410375491209461
y4_def(8,10,1,7)__ge	-3976754160061942514207845968377005162256536623816763128618153877194057665396886085074768728063715281671769978015155592536286904870234327679905467519235574745437653979312933640680660201021500000000000000000000000000000000/381275541848849003636694596010698123840959733533314693214584272281469212530482624786177956856123226580668731579803355155152398252426327808699308849898905236406245525572624777225815991475072362783317404384926820750982418922
y4_def(4,12,5,10)__le	70697724896906624366253605670685952745874254112408455910640882650213443012826386235560757668572102939971761012669070522133550777310003990767387410479203873516170481218600962936141683775457094793750000000000000000000000000/571913312773273505455041894016047185761439600299972039821876408422203818795723937179266935284184839871003097369705032732728597378639491713048963274848357854609368288358937165838723987212608544174976106577390231126473628383
y4_def(12,4,7,11)__ge	-4638127674924233307151386743936901543152056114386665181540548980297252661831857164925537077126151411803303738079295097693504793186950701358680860724121827132304427851019039700212629235867000950000000000000000000000000000/190637770924424501818347298005349061920479866766657346607292136140734606265241312393088978428061613290334365789901677577576199126213163904349654424949452618203122762786312388612907995737536181391658702192463410375491209461
y4_def(11,10,13,12)__ge	-44215701835560765467357583424742732351769301419163554324537007548596250654510504971908705191564964299405780566086435173127350515119999562975106701012296993513876836887687766251794865800955670060000000000000000000000000000/381275541848849003636694596010698123840959733533314693214584272281469212530482624786177956856123226580668731579803355155152398252426327808699308849898905236406245525572624777225815991475072362783317404384926820750982418922
y4_def(10,13,11,12)__ge	-189667181209522799640167365373477343024631461158712901821234060738028599139290970672733159466955354017264394778435543394805192223004014150227264294174841936285285046863180517153679430222722410000000000000000000000000000/381275541848849003636694596010698123840959733533314693214584272281469212530482624786177956856123226580668731579803355155152398252426327808699308849898905236406245525572624777225815991475072362783317404384926820750982418922
y4_def(13,10,8,13)__ge	-35403889756245374374571974997706871173340371440847888843120200839312392190745469368399234678592548655760845416992939985125756051161149230544358874789327467608407686918718184558920331130418835400000000000000000000000000000/381275541848849003636694596010698123840959733533314693214584272281469212530482624786177956856123226580668731579803355155152398252426327808699308849898905236406245525572624777225815991475072362783317404384926820750982418922
y4_def(10,8,13,13)__ge	-575304233279489495984288377489735147001662584455054109676599750108653287911163447632666405933808957860353124515959056555422644703731317880630644524478495715971986998459741449895747690884846288000000000000000000000000000/190637770924424501818347298005349061920479866766657346607292136140734606265241312393088978428061613290334365789901677577576199126213163904349654424949452618203122762786312388612907995737536181391658702192463410375491209461
y4_def(8,13,10,13)__ge	-19451465845755265576734331041691398501050937443260900377074853966777246867879479105833265083395838305569122092608184907606390301011763675772383229949722678731669110818593894255850179747745397500000000000000000000000000000/381275541848849003636694596010698123840959733533314693214584272281469212530482624786177956856123226580668731579803355155152398252426327808699308849898905236406245525572624777225815991475072362783317404384926820750982418922
y4_def(13,8,9,14)__le	178750723546417098304653209346386629918861244179101058261934002342103871092147285905579154436656652750206937175105956243983294211222884001354285305315353104491961066965259245608089405716045820000000000000000000000000000/190637770924424501818347298005349061920479866766657346607292136140734606265241312393088978428061613290334365789901677577576199126213163904349654424949452618203122762786312388612907995737536181391658702192463410375491209461
y4_def(9,13,8,14)__ge	-2102660028123087863267788670930396140947672696269290249440681869205919861630234738697163981521548383117678509398297262401024186762681749977150293342564623482432059031082581362710074907113493369000000000000000000000000000/190637770924424501818347298005349061920479866766657346607292136140734606265241312393088978428061613290334365789901677577576199126213163904349654424949452618203122762786312388612907995737536181391658702192463410375491209461
y4_def(14,13,9,15)__ge	-5721368580907676407809690434749981363714735958814662155541223724221654032990311878320492360298238586275874283835955581891349843917316035042785483244393991425649441230939758903704651510105525356000000000000000000000000000/381275541848849003636694596010698123840959733533314693214584272281469212530482624786177956856123226580668731579803355155152398252426327808699308849898905236406245525572624777225815991475072362783317404384926820750982418922
y4_def(14,9,12,16)__ge	-1305447604390899009936222047050742595498107963806769267753339914383995557898368498651684644568455475467236888449365317703330513088781059790014075355972485945554918678333311141933807168866360614000000000000000000000000000/381275541848849003636694596010698123840959733533314693214584272281469212530482624786177956856123226580668731579803355155152398252426327808699308849898905236406245525572624777225815991475072362783317404384926820750982418922
y4_def(9,12,14,16)__le	992249827876997456575941945717786041036283364273539694956109307738687324769875489687741256227478236157443118313657066927391413005474649955804109389485341645030477629276130302553338361556445304000000000000000000000000000/190637770924424501818347298005349061920479866766657346607292136140734606265241312393088978428061613290334365789901677577576199126213163904349654424949452618203122762786312388612907995737536181391658702192463410375491209461
y4_def(12,14,9,16)__ge	-3446263345790745271357406866430743535213865346388169270594036280618729876275784913158446018003762954718080471413347865258087253103830382749142864358111044883612111697416770704934603266115914900000000000000000000000000000/381275541848849003636694596010698123840959733533314693214584272281469212530482624786177956856123226580668731579803355155152398252426327808699308849898905236406245525572624777225815991475072362783317404384926820750982418922
y4_def(14,12,7,17)__le	343586611866572336098957700109012919229266151079671971386745119748173350619379324626851748854845441720278559383687733317095972235550231441592713100868710250000000000000000000000000000000000000000000000000000000000000000/190637770924424501818347298005349061920479866766657346607292136140734606265241312393088978428061613290334365789901677577576199126213163904349654424949452618203122762786312388612907995737536181391658702192463410375491209461
y4_def(7,14,12,17)__ge	-20332929552658009214350979284143896426707319724780602999179867797099784876851596190660528651307988223413604724832876951223467595647936601095535143500666776830868816811591506155128916902151303010000000000000000000000000000/381275541848849003636694596010698123840959733533314693214584272281469212530482624786177956856123226580668731579803355155152398252426327808699308849898905236406245525572624777225815991475072362783317404384926820750982418922
y4_def(14,7,11,18)__ge	-18794743054384553222740094138742864660771315346614707328976590551571965755430954510643182371979533186587218205112525778297892101927133551370626402075939044298939021371334100259086571282341675240000000000000000000000000000/381275541848849003636694596010698123840959733533314693214584272281469212530482624786177956856123226580668731579803355155152398252426327808699308849898905236406245525572624777225815991475072362783317404384926820750982418922
y4_def(7,11,14,18)__ge	-5584852099695624579989469863454821336458544812424236474829981608072578559406856683074268806710977485053355688353297664197704164691226340881028453559183145847243105535383796702960860001506540160000000000000000000000000000/381275541848849003636694596010698123840959733533314693214584272281469212530482624786177956856123226580668731579803355155152398252426327808699308849898905236406245525572624777225815991475072362783317404384926820750982418922
y4_def(11,14,7,18)__ge	-6129704553829869441328575713424810517159655926776346186220384584237643883796934855685871565274780470808697851094310963232843353928047350333582047029694203891731964720812853356753178315380479183000000000000000000000000000/190637770924424501818347298005349061920479866766657346607292136140734606265241312393088978428061613290334365789901677577576199126213163904349654424949452618203122762786312388612907995737536181391658702192463410375491209461
y4_def(11,13,14,19)__ge	-3085551869274586118086167920439026068287585251448993213589150321405800092309091443328364400347721729779957893570470448991714287429096425922142507897591086304097598742083275330124556175943208956000000000000000000000000000/381275541848849003636694596010698123840959733533314693214584272281469212530482624786177956856123226580668731579803355155152398252426327808699308849898905236406245525572624777225815991475072362783317404384926820750982418922
y4_def(13,14,11,19)__ge	-130545044547123687593598213092062930763946833718668906587597919728246449181904127176890043082763575756859843048893125544149160807988263506034988920643964596595936487649938363933578415894434794767500000000000000000000000000/1143826625546547010910083788032094371522879200599944079643752816844407637591447874358533870568369679742006194739410065465457194757278983426097926549696715709218736576717874331677447974425217088349952213154780462252947256766
y4_def(14,11,13,19)__ge	-747024252437586871480618946073888079033051416990130871393631849421644687363401630695063290167113873030413575624968601029259996829479979428268041936189749601925299233614673972396522691384478210000000000000000000000000000/190637770924424501818347298005349061920479866766657346607292136140734606265241312393088978428061613290334365789901677577576199126213163904349654424949452618203122762786312388612907995737536181391658702192463410375491209461
y5_def(1,0,8,5)__ge	-67696195800601195212255247146560287548787707248013040485694223957921652433526962829829830997780983494845925320849283095249729557369259195000364459502923685077240125586797534758280095915365344793750000000000000000000000000/571913312773273505455041894016047185761439600299972039821876408422203818795723937179266935284184839871003097369705032732728597378639491713048963274848357854609368288358937165838723987212608544174976106577390231126473628383
y5_def(8,1,0,5)__ge	-481754665872682245476064704158206837297765469608456878612519500406525700983076357944152103755994843120610657451967666811025591990998170761286854665368135622522950886506869889087386391880000000000000000000000000000000000/190637770924424501818347298005349061920479866766657346607292136140734606265241312393088978428061613290334365789901677577576199126213163904349654424949452618203122762786312388612907995737536181391658702192463410375491209461
y5_def(10,2,1,6)__ge	-2048725105395406601814001478735953287034707891808595567994293454360382981022766827467762630709704385481333743269420393596361464888034326184840939840091860963150233243671320370434780024416000000000000000000000000000000000/381275541848849003636694596010698123840959733533314693214584272281469212530482624786177956856123226580668731579803355155152398252426327808699308849898905236406245525572624777225815991475072362783317404384926820750982418922
y5_def(2,1,10,6)__le	1024362552697703300907000739367976643517353945904297783997146727180191490511383413733881315354852192740666871634710196798180732444017163092420469920045930481575116621835660185217390012208000000000000000000000000000000000/190637770924424501818347298005349061920479866766657346607292136140734606265241312393088978428061613290334365789901677577576199126213163904349654424949452618203122762786312388612907995737536181391658702192463410375491209461
y5_def(1,10,2,6)__le	2034690243172524850134560964311743082315044014672506100477167954722509012585658239774942031117976029918677579261840136661820644846374392525987864127892599695241777876163336709427716492390750000000000000000000000000000000/190637770924424501818347298005349061920479866766657346607292136140734606265241312393088978428061613290334365789901677577576199126213163904349654424949452618203122762786312388612907995737536181391658702192463410375491209461
y5_def(10,1,8,7)__ge	-481754665872682245476064704158206837297765469608456878612519500406525700983076357944152103755994843120610657451967666811025591990998170761286854665368135622522950886506869889087386391880000000000000000000000000000000000/190637770924424501818347298005349061920479866766657346607292136140734606265241312393088978428061613290334365789901677577576199126213163904349654424949452618203122762786312388612907995737536181391658702192463410375491209461
y5_def(8,10,1,7)__ge	-3105871154599685209316992520307072490034557090128098443729296908631966623205163763661579854723962373596133843619744939701590105710752443529402018925048928145437653979312933640680660201021500000000000000000000000000000000/381275541848849003636694596010698123840959733533314693214584272281469212530482624786177956856123226580668731579803355155152398252426327808699308849898905236406245525572624777225815991475072362783317404384926820750982418922
y5_def(7,6,11,8)__le	346014188191865377951196797815874106484100359263268156995098341962830332385166964309588641970093130220502761921903015397921231051822113017058246375868544279213784170686885843603799965051904455000000000000000000000000000/190637770924424501818347298005349061920479866766657346607292136140734606265241312393088978428061613290334365789901677577576199126213163904349654424949452618203122762786312388612907995737536181391658702192463410375491209461
y5_def(11,7,6,8)__ge	-346014188191865377951196797815874106484100359263268156995098341962830332385166964309588641970093130220502761921903015397921231051822113017058246375868544279213784170686885843603799965051904455000000000000000000000000000/190637770924424501818347298005349061920479866766657346607292136140734606265241312393088978428061613290334365789901677577576199126213163904349654424949452618203122762786312388612907995737536181391658702192463410375491209461
y5_def(5,4,12,10)__ge	-70697724896906624366253605670685952745874254112408455910640882650213443012826386235560757668572102939971761012669070522133550777310003990767387410479203873516170481218600962936141683775457094793750000000000000000000000000/571913312773273505455041894016047185761439600299972039821876408422203818795723937179266935284184839871003097369705032732728597378639491713048963274848357854609368288358937165838723987212608544174976106577390231126473628383
y5_def(12,4,7,11)__ge	-4638127674924233307151386743936901543152056114386665181540548980297252661831857164925537077126151411803303738079295097693504793186950701358680860724121827132304427851019039700212629235867000950000000000000000000000000000/190637770924424501818347298005349061920479866766657346607292136140734606265241312393088978428061613290334365789901677577576199126213163904349654424949452618203122762786312388612907995737536181391658702192463410375491209461
y5_def(4,7,12,11)__le	4638127674924233307151386743936901543152056114386665181540548980297252661831857164925537077126151411803303738079295097693504793186950701358680860724121827132304427851019039700212629235867000950000000000000000000000000000/190637770924424501818347298005349061920479866766657346607292136140734606265241312393088978428061613290334365789901677577576199126213163904349654424949452618203122762786312388612907995737536181391658702192463410375491209461
y5_def(11,10,13,12)__le	189667181209522799640167365373477343024631461158712901821234060738028599139290970672733159466955354017264394778435543394805192223004014150227264294174841936285285046863180517153679430222722410000000000000000000000000000/381275541848849003636694596010698123840959733533314693214584272281469212530482624786177956856123226580668731579803355155152398252426327808699308849898905236406245525572624777225815991475072362783317404384926820750982418922
y5_def(10,13,11,12)__ge	-1578152704314013777707127748829484410310356505741933545890683770792848179499340617574321327729464398459056325005163878734673415544923934658503659032796536747007628416718305391201849738052246780000000000000000000000000000/190637770924424501818347298005349061920479866766657346607292136140734606265241312393088978428061613290334365789901677577576199126213163904349654424949452618203122762786312388612907995737536181391658702192463410375491209461
y5_def(13,10,8,13)__le	18807993404814148518112031681263548058362863017992039051111592825439094187171206281986104378890260519461856419333913665090894346011010518241010502972023745201021251488644594687578260581546590076000000000000000000000000000/381275541848849003636694596010698123840959733533314693214584272281469212530482624786177956856123226580668731579803355155152398252426327808699308849898905236406245525572624777225815991475072362783317404384926820750982418922
y5_def(10,8,13,13)__ge	-575304233279489495984288377489735147001662584455054109676599750108653287911163447632666405933808957860353124515959056555422644703731317880630644524478495715971986998459741449895747690884846288000000000000000000000000000/190637770924424501818347298005349061920479866766657346607292136140734606265241312393088978428061613290334365789901677577576199126213163904349654424949452618203122762786312388612907995737536181391658702192463410375491209461
y5_def(8,13,10,13)__le	36554498222804353366540551752686341467343696609757997062473400339529698766567796263664567490460166571481551666024858098236601340568611866305620163838284459040351660915637667458711826512188527976000000000000000000000000000/381275541848849003636694596010698123840959733533314693214584272281469212530482624786177956856123226580668731579803355155152398252426327808699308849898905236406245525572624777225815991475072362783317404384926820750982418922
y5_def(13,8,9,14)__ge	-35148913297613711438948625899936310152221098467300596191221175104786272194057422325547259345888500928889333053837134992348590841016660243474581327823976289628432189105717212590465187152443680000000000000000000000000000/190637770924424501818347298005349061920479866766657346607292136140734606265241312393088978428061613290334365789901677577576199126213163904349654424949452618203122762786312388612907995737536181391658702192463410375491209461
y5_def(8,9,13,14)__le	2137808941420701574706737296830332451099893794736590845631903044310706133824292161022711240867436884046567842452134397393372777603698410220624874670388599772060491220188298575300540094265937049000000000000000000000000000/190637770924424501818347298005349061920479866766657346607292136140734606265241312393088978428061613290334365789901677577576199126213163904349654424949452618203122762786312388612907995737536181391658702192463410375491209461
y5_def(9,13,8,14)__le	35148913297613711438948625899936310152221098467300596191221175104786272194057422325547259345888500928889333053837134992348590841016660243474581327823976289628432189105717212590465187152443680000000000000000000000000000/190637770924424501818347298005349061920479866766657346607292136140734606265241312393088978428061613290334365789901677577576199126213163904349654424949452618203122762786312388612907995737536181391658702192463410375491209461
y5_def(13,9,14,15)__ge	-1930415408413024162796567316906473796541676260272158377938144663889191965404544146004460550095274973231690370852447630940699590028723177694361413012529790140122568204914830927251586649058617150000000000000000000000000000/381275541848849003636694596010698123840959733533314693214584272281469212530482624786177956856123226580668731579803355155152398252426327808699308849898905236406245525572624777225815991475072362783317404384926820750982418922
y5_def(14,9,12,16)__le	3836488375124001709648592314681981512542494250319807132517266849250762148889034782324129513337725935043905449378874059754758649680368925551942928076614982606884123598192894394425178766650403092000000000000000000000000000/381275541848849003636694596010698123840959733533314693214584272281469212530482624786177956856123226580668731579803355155152398252426327808699308849898905236406245525572624777225815991475072362783317404384926820750982418922
y5_def(9,12,14,16)__ge	-195112514666628219145592724125618988664314451965818930961615284316016136306624934582841747666981490162912488982763097248335698288269271401400031859251968861636005950388061844745287750267244096000000000000000000000000000/190637770924424501818347298005349061920479866766657346607292136140734606265241312393088978428061613290334365789901677577576199126213163904349654424949452618203122762786312388612907995737536181391658702192463410375491209461
y5_def(12,14,9,16)__le	1830795958442703947805781545538901565641351240219934011049882923382709199966070262625340884600831152148772968682215019222507958254720987273595749401338115668826930579109434831424382669400848806000000000000000000000000000/381275541848849003636694596010698123840959733533314693214584272281469212530482624786177956856123226580668731579803355155152398252426327808699308849898905236406245525572624777225815991475072362783317404384926820750982418922
y5_def(14,12,7,17)__ge	-67561662359274249789187025118460496407307186240763440686656220183340684727225947403986372349206348177855551133661753511253024294700692340390805163430846000000000000000000000000000000000000000000000000000000000000000000/190637770924424501818347298005349061920479866766657346607292136140734606265241312393088978428061613290334365789901677577576199126213163904349654424949452618203122762786312388612907995737536181391658702192463410375491209461
y5_def(12,7,14,17)__le	10234026438688278856964676667190408709760967048631064940276590118733233123153024042734250698003200459884657913550100229122986822118668992888158376913764234415434408405795753077564458451075651505000000000000000000000000000/190637770924424501818347298005349061920479866766657346607292136140734606265241312393088978428061613290334365789901677577576199126213163904349654424949452618203122762786312388612907995737536181391658702192463410375491209461
y5_def(7,14,12,17)__ge	-13295500656514249752320239060482033661005064703711832562938520140877776311640904203667512759613731663545090467501493021403056374396568355058420504987970566678824423990827957606226084634327798089600000000000000000000000000/381275541848849003636694596010698123840959733533314693214584272281469212530482624786177956856123226580668731579803355155152398252426327808699308849898905236406245525572624777225815991475072362783317404384926820750982418922
y5_def(14,7,11,18)__le	9984535762759910828839591616187632773802454970267287586882600440462829691096823863391319803158178287005968912175836687186281658235450947947110872577276230978662642156245954867564384364443993605600000000000000000000000000/381275541848849003636694596010698123840959733533314693214584272281469212530482624786177956856123226580668731579803355155152398252426327808699308849898905236406245525572624777225815991475072362783317404384926820750982418922
y5_def(7,11,14,18)__le	2966901721283558809719953406293736473485057601811941099548365411938118741267379776599600611331568915052432313856591270075247511724287978754169714233849265363228855626753523533149572196420773670400000000000000000000000000/381275541848849003636694596010698123840959733533314693214584272281469212530482624786177956856123226580668731579803355155152398252426327808699308849898905236406245525572624777225815991475072362783317404384926820750982418922
y5_def(11,14,7,18)__ge	-6129704553829869441328575713424810517159655926776346186220384584237643883796934855685871565274780470808697851094310963232843353928047350333582047029694203891731964720812853356753178315380479183000000000000000000000000000/190637770924424501818347298005349061920479866766657346607292136140734606265241312393088978428061613290334365789901677577576199126213163904349654424949452618203122762786312388612907995737536181391658702192463410375491209461
y5_def(11,13,14,19)__ge	-3085551869274586118086167920439026068287585251448993213589150321405800092309091443328364400347721729779957893570470448991714287429096425922142507897591086304097598742083275330124556175943208956000000000000000000000000000/381275541848849003636694596010698123840959733533314693214584272281469212530482624786177956856123226580668731579803355155152398252426327808699308849898905236406245525572624777225815991475072362783317404384926820750982418922
y5_def(13,14,11,19)__ge	-130545044547123687593598213092062930763946833718668906587597919728246449181904127176890043082763575756859843048893125544149160807988263506034988920643964596595936487649938363933578415894434794767500000000000000000000000000/1143826625546547010910083788032094371522879200599944079643752816844407637591447874358533870568369679742006194739410065465457194757278983426097926549696715709218736576717874331677447974425217088349952213154780462252947256766
y5_def(14,11,13,19)__le	396849818192756003696054356899690324029383081230231568029405299276695622965754530525450410644982099847835766671424925422697391016420094180944146657780218803124987432280846508839554171379287037400000000000000000000000000/190637770924424501818347298005349061920479866766657346607292136140734606265241312393088978428061613290334365789901677577576199126213163904349654424949452618203122762786312388612907995737536181391658702192463410375491209461
y6_def(1,0,8,5)__ge	-67696195800601195212255247146560287548787707248013040485694223957921652433526962829829830997780983494845925320849283095249729557369259195000364459502923685077240125586797534758280095915365344793750000000000000000000000000/571913312773273505455041894016047185761439600299972039821876408422203818795723937179266935284184839871003097369705032732728597378639491713048963274848357854609368288358937165838723987212608544174976106577390231126473628383
y6_def(8,1,0,5)__ge	-481754665872682245476064704158206837297765469608456878612519500406525700983076357944152103755994843120610657451967666811025591990998170761286854665368135622522950886506869889087386391880000000000000000000000000000000000/190637770924424501818347298005349061920479866766657346607292136140734606265241312393088978428061613290334365789901677577576199126213163904349654424949452618203122762786312388612907995737536181391658702192463410375491209461
y6_def(10,2,1,6)__ge	-1024362552697703300907000739367976643517353945904297783997146727180191490511383413733881315354852192740666871634710196798180732444017163092420469920045930481575116621835660185217390012208000000000000000000000000000000000/190637770924424501818347298005349061920479866766657346607292136140734606265241312393088978428061613290334365789901677577576199126213163904349654424949452618203122762786312388612907995737536181391658702192463410375491209461
y6_def(2,1,10,6)__le	1024362552697703300907000739367976643517353945904297783997146727180191490511383413733881315354852192740666871634710196798180732444017163092420469920045930481575116621835660185217390012208000000000000000000000000000000000/190637770924424501818347298005349061920479866766657346607292136140734606265241312393088978428061613290334365789901677577576199126213163904349654424949452618203122762786312388612907995737536181391658702192463410375491209461
y6_def(10,1,8,7)__ge	-481754665872682245476064704158206837297765469608456878612519500406525700983076357944152103755994843120610657451967666811025591990998170761286854665368135622522950886506869889087386391880000000000000000000000000000000000/190637770924424501818347298005349061920479866766657346607292136140734606265241312393088978428061613290334365789901677577576199126213163904349654424949452618203122762786312388612907995737536181391658702192463410375491209461
y6_def(8,10,1,7)__ge	-3105871154599685209316992520307072490034557090128098443729296908631966623205163763661579854723962373596133843619744939701590105710752443529402018925048928145437653979312933640680660201021500000000000000000000000000000000/381275541848849003636694596010698123840959733533314693214584272281469212530482624786177956856123226580668731579803355155152398252426327808699308849898905236406245525572624777225815991475072362783317404384926820750982418922
y6_def(11,7,6,8)__ge	-346014188191865377951196797815874106484100359263268156995098341962830332385166964309588641970093130220502761921903015397921231051822113017058246375868544279213784170686885843603799965051904455000000000000000000000000000/190637770924424501818347298005349061920479866766657346607292136140734606265241312393088978428061613290334365789901677577576199126213163904349654424949452618203122762786312388612907995737536181391658702192463410375491209461
y6_def(12,4,7,11)__ge	-4638127674924233307151386743936901543152056114386665181540548980297252661831857164925537077126151411803303738079295097693504793186950701358680860724121827132304427851019039700212629235867000950000000000000000000000000000/190637770924424501818347298005349061920479866766657346607292136140734606265241312393088978428061613290334365789901677577576199126213163904349654424949452618203122762786312388612907995737536181391658702192463410375491209461
y6_def(4,7,12,11)__le	4638127674924233307151386743936901543152056114386665181540548980297252661831857164925537077126151411803303738079295097693504793186950701358680860724121827132304427851019039700212629235867000950000000000000000000000000000/190637770924424501818347298005349061920479866766657346607292136140734606265241312393088978428061613290334365789901677577576199126213163904349654424949452618203122762786312388612907995737536181391658702192463410375491209461
y6_def(7,12,4,11)__le	4638127674924233307151386743936901543152056114386665181540548980297252661831857164925537077126151411803303738079295097693504793186950701358680860724121827132304427851019039700212629235867000950000000000000000000000000000/190637770924424501818347298005349061920479866766657346607292136140734606265241312393088978428061613290334365789901677577576199126213163904349654424949452618203122762786312388612907995737536181391658702192463410375491209461
y6_def(11,10,13,12)__le	189667181209522799640167365373477343024631461158712901821234060738028599139290970672733159466955354017264394778435543394805192223004014150227264294174841936285285046863180517153679430222722410000000000000000000000000000/381275541848849003636694596010698123840959733533314693214584272281469212530482624786177956856123226580668731579803355155152398252426327808699308849898905236406245525572624777225815991475072362783317404384926820750982418922
y6_def(10,13,11,12)__ge	-1578152704314013777707127748829484410310356505741933545890683770792848179499340617574321327729464398459056325005163878734673415544923934658503659032796536747007628416718305391201849738052246780000000000000000000000000000/190637770924424501818347298005349061920479866766657346607292136140734606265241312393088978428061613290334365789901677577576199126213163904349654424949452618203122762786312388612907995737536181391658702192463410375491209461
y6_def(13,10,8,13)__le	18807993404814148518112031681263548058362863017992039051111592825439094187171206281986104378890260519461856419333913665090894346011010518241010502972023745201021251488644594687578260581546590076000000000000000000000000000/381275541848849003636694596010698123840959733533314693214584272281469212530482624786177956856123226580668731579803355155152398252426327808699308849898905236406245525572624777225815991475072362783317404384926820750982418922
y6_def(10,8,13,13)__ge	-575304233279489495984288377489735147001662584455054109676599750108653287911163447632666405933808957860353124515959056555422644703731317880630644524478495715971986998459741449895747690884846288000000000000000000000000000/190637770924424501818347298005349061920479866766657346607292136140734606265241312393088978428061613290334365789901677577576199126213163904349654424949452618203122762786312388612907995737536181391658702192463410375491209461
y6_def(8,13,10,13)__ge	-14690746710836664770369366793998586286763456298756776641798259844374119851489489122244862071030669160840301915070103337905507417736704027312969160151648522211347305705151681522536745153895126350000000000000000000000000000/381275541848849003636694596010698123840959733533314693214584272281469212530482624786177956856123226580668731579803355155152398252426327808699308849898905236406245525572624777225815991475072362783317404384926820750982418922
y6_def(13,8,9,14)__ge	-35148913297613711438948625899936310152221098467300596191221175104786272194057422325547259345888500928889333053837134992348590841016660243474581327823976289628432189105717212590465187152443680000000000000000000000000000/190637770924424501818347298005349061920479866766657346607292136140734606265241312393088978428061613290334365789901677577576199126213163904349654424949452618203122762786312388612907995737536181391658702192463410375491209461
y6_def(8,9,13,14)__le	2137808941420701574706737296830332451099893794736590845631903044310706133824292161022711240867436884046567842452134397393372777603698410220624874670388599772060491220188298575300540094265937049000000000000000000000000000/190637770924424501818347298005349061920479866766657346607292136140734606265241312393088978428061613290334365789901677577576199126213163904349654424949452618203122762786312388612907995737536181391658702192463410375491209461
y6_def(9,13,8,14)__le	35148913297613711438948625899936310152221098467300596191221175104786272194057422325547259345888500928889333053837134992348590841016660243474581327823976289628432189105717212590465187152443680000000000000000000000000000/190637770924424501818347298005349061920479866766657346607292136140734606265241312393088978428061613290334365789901677577576199126213163904349654424949452618203122762786312388612907995737536181391658702192463410375491209461
y6_def(13,9,14,15)__ge	-1930415408413024162796567316906473796541676260272158377938144663889191965404544146004460550095274973231690370852447630940699590028723177694361413012529790140122568204914830927251586649058617150000000000000000000000000000/381275541848849003636694596010698123840959733533314693214584272281469212530482624786177956856123226580668731579803355155152398252426327808699308849898905236406245525572624777225815991475072362783317404384926820750982418922
y6_def(14,13,9,15)__ge	-2773001748116440606104110947246836985800276014493826622231971779626000588816449592503214759204689102219637854509707346318709735283152731236546069594526068192239200747603719139746602725210235948000000000000000000000000000/381275541848849003636694596010698123840959733533314693214584272281469212530482624786177956856123226580668731579803355155152398252426327808699308849898905236406245525572624777225815991475072362783317404384926820750982418922
y6_def(14,9,12,16)__le	3836488375124001709648592314681981512542494250319807132517266849250762148889034782324129513337725935043905449378874059754758649680368925551942928076614982606884123598192894394425178766650403092000000000000000000000000000/381275541848849003636694596010698123840959733533314693214584272281469212530482624786177956856123226580668731579803355155152398252426327808699308849898905236406245525572624777225815991475072362783317404384926820750982418922
y6_def(9,12,14,16)__ge	-195112514666628219145592724125618988664314451965818930961615284316016136306624934582841747666981490162912488982763097248335698288269271401400031859251968861636005950388061844745287750267244096000000000000000000000000000/190637770924424501818347298005349061920479866766657346607292136140734606265241312393088978428061613290334365789901677577576199126213163904349654424949452618203122762786312388612907995737536181391658702192463410375491209461
y6_def(12,14,9,16)__le	1830795958442703947805781545538901565641351240219934011049882923382709199966070262625340884600831152148772968682215019222507958254720987273595749401338115668826930579109434831424382669400848806000000000000000000000000000/381275541848849003636694596010698123840959733533314693214584272281469212530482624786177956856123226580668731579803355155152398252426327808699308849898905236406245525572624777225815991475072362783317404384926820750982418922
y6_def(14,12,7,17)__ge	-67561662359274249789187025118460496407307186240763440686656220183340684727225947403986372349206348177855551133661753511253024294700692340390805163430846000000000000000000000000000000000000000000000000000000000000000000/190637770924424501818347298005349061920479866766657346607292136140734606265241312393088978428061613290334365789901677577576199126213163904349654424949452618203122762786312388612907995737536181391658702192463410375491209461
y6_def(12,7,14,17)__le	10234026438688278856964676667190408709760967048631064940276590118733233123153024042734250698003200459884657913550100229122986822118668992888158376913764234415434408405795753077564458451075651505000000000000000000000000000/190637770924424501818347298005349061920479866766657346607292136140734606265241312393088978428061613290334365789901677577576199126213163904349654424949452618203122762786312388612907995737536181391658702192463410375491209461
y6_def(14,7,11,18)__le	9984535762759910828839591616187632773802454970267287586882600440462829691096823863391319803158178287005968912175836687186281658235450947947110872577276230978662642156245954867564384364443993605600000000000000000000000000/381275541848849003636694596010698123840959733533314693214584272281469212530482624786177956856123226580668731579803355155152398252426327808699308849898905236406245525572624777225815991475072362783317404384926820750982418922
y6_def(7,11,14,18)__le	2966901721283558809719953406293736473485057601811941099548365411938118741267379776599600611331568915052432313856591270075247511724287978754169714233849265363228855626753523533149572196420773670400000000000000000000000000/381275541848849003636694596010698123840959733533314693214584272281469212530482624786177956856123226580668731579803355155152398252426327808699308849898905236406245525572624777225815991475072362783317404384926820750982418922
y6_def(11,14,7,18)__ge	-6129704553829869441328575713424810517159655926776346186220384584237643883796934855685871565274780470808697851094310963232843353928047350333582047029694203891731964720812853356753178315380479183000000000000000000000000000/190637770924424501818347298005349061920479866766657346607292136140734606265241312393088978428061613290334365789901677577576199126213163904349654424949452618203122762786312388612907995737536181391658702192463410375491209461
y6_def(11,13,14,19)__ge	-3085551869274586118086167920439026068287585251448993213589150321405800092309091443328364400347721729779957893570470448991714287429096425922142507897591086304097598742083275330124556175943208956000000000000000000000000000/381275541848849003636694596010698123840959733533314693214584272281469212530482624786177956856123226580668731579803355155152398252426327808699308849898905236406245525572624777225815991475072362783317404384926820750982418922
y6_def(13,14,11,19)__ge	-130545044547123687593598213092062930763946833718668906587597919728246449181904127176890043082763575756859843048893125544149160807988263506034988920643964596595936487649938363933578415894434794767500000000000000000000000000/1143826625546547010910083788032094371522879200599944079643752816844407637591447874358533870568369679742006194739410065465457194757278983426097926549696715709218736576717874331677447974425217088349952213154780462252947256766
y6_def(14,11,13,19)__le	396849818192756003696054356899690324029383081230231568029405299276695622965754530525450410644982099847835766671424925422697391016420094180944146657780218803124987432280846508839554171379287037400000000000000000000000000/190637770924424501818347298005349061920479866766657346607292136140734606265241312393088978428061613290334365789901677577576199126213163904349654424949452618203122762786312388612907995737536181391658702192463410375491209461
y6_def(3,2,6,20)__ge	-71151319795303836073087854563152691385214583423359386763686133004482952179357317230377804312151992111058642720266954466640692863358240586318389982673505917566170481218600962936141683775457094793750000000000000000000000000/571913312773273505455041894016047185761439600299972039821876408422203818795723937179266935284184839871003097369705032732728597378639491713048963274848357854609368288358937165838723987212608544174976106577390231126473628383
RHA(4,0)	-3223681454777954585795768895171238027506965286414354750322625536567480656230870977039450970746004872930536714332505658110725493082139326529673913082855131264120197184275971806842500000000000000000000000000000000000000000000000000000000000000000000/1167731751421280619855678510535033653801971616358052101226434097225263537600704141986398353580715412132366367981242709306336023657248561746606977689688154440977312788666683924857574298668543280478520543712262426049842175872634000930810276662545895021
RHA(7,0)	-444484620784699011770967270516187476363863067373443688728001448574609767942275969763068239139515448538523362721458904679296212465136133818360560285729250000000000000000000000000000000000000000000000000000000000000000000/190637770924424501818347298005349061920479866766657346607292136140734606265241312393088978428061613290334365789901677577576199126213163904349654424949452618203122762786312388612907995737536181391658702192463410375491209461
RHA(2,2)	-10267702233893927249349318386962453066005194468748213254060095985698999881875452973946621995079886947312620322108221866748878144447441986552357309607008692011430381740265788704749000000000000000000000000000000000000000000000000000000000000000000000/3503195254263841859567035531605100961405914849074156303679302291675790612802112425959195060742146236397099103943728127919008070971745685239820933069064463322931938366000051774572722896005629841435561631136787278149526527617902002792430829987637685063
RHA(11,2)	-444484620784699011770967270516187476363863067373443688728001448574609767942275969763068239139515448538523362721458904679296212465136133818360560285729250000000000000000000000000000000000000000000000000000000000000000000/190637770924424501818347298005349061920479866766657346607292136140734606265241312393088978428061613290334365789901677577576199126213163904349654424949452618203122762786312388612907995737536181391658702192463410375491209461
RHA(2,3)	-17896412610335632883257385946505831505002357368552196426969648172025315096728758428648485188910059565709528415057864740811843558758534204563104445310152528750442420523391495300000000000000000000000000000000000000000000000000000000000000000000000000/3503195254263841859567035531605100961405914849074156303679302291675790612802112425959195060742146236397099103943728127919008070971745685239820933069064463322931938366000051774572722896005629841435561631136787278149526527617902002792430829987637685063
RHA(3,3)	-1103484435935739602621940569207449307494075780849856716571277757189785184512052709660912944869229734215352956063609346846049612226872869283778670724842716358875455515951037150000000000000000000000000000000000000000000000000000000000000000000000000/1167731751421280619855678510535033653801971616358052101226434097225263537600704141986398353580715412132366367981242709306336023657248561746606977689688154440977312788666683924857574298668543280478520543712262426049842175872634000930810276662545895021
RHA(4,4)	-3223681454777954585795768895171238027506965286414354750322625536567480656230870977039450970746004872930536714332505658110725493082139326529673913082855131264120197184275971806842500000000000000000000000000000000000000000000000000000000000000000000/1167731751421280619855678510535033653801971616358052101226434097225263537600704141986398353580715412132366367981242709306336023657248561746606977689688154440977312788666683924857574298668543280478520543712262426049842175872634000930810276662545895021
RHA(5,4)	-444484620784699011770967270516187476363863067373443688728001448574609767942275969763068239139515448538523362721458904679296212465136133818360560285729250000000000000000000000000000000000000000000000000000000000000000000/190637770924424501818347298005349061920479866766657346607292136140734606265241312393088978428061613290334365789901677577576199126213163904349654424949452618203122762786312388612907995737536181391658702192463410375491209461
RHA(8,5)	-859625723588711455707879010467533015605916425028446398656906476967254940118709529403257424638491951577724494571688027014455331141598086411793417848026250000000000000000000000000000000000000000000000000000000000000000000/190637770924424501818347298005349061920479866766657346607292136140734606265241312393088978428061613290334365789901677577576199126213163904349654424949452618203122762786312388612907995737536181391658702192463410375491209461
RHA(10,6)	-415141102804012443936911739951345539242053357655002709928905028392645172176433559640189185498976503039201131850229122335159118676461952593432857562297000000000000000000000000000000000000000000000000000000000000000000000/190637770924424501818347298005349061920479866766657346607292136140734606265241312393088978428061613290334365789901677577576199126213163904349654424949452618203122762786312388612907995737536181391658702192463410375491209461
RHA(2,6)	-17896412610335632883257385946505831505002357368552196426969648172025315096728758428648485188910059565709528415057864740811843558758534204563104445310152528750442420523391495300000000000000000000000000000000000000000000000000000000000000000000000000/3503195254263841859567035531605100961405914849074156303679302291675790612802112425959195060742146236397099103943728127919008070971745685239820933069064463322931938366000051774572722896005629841435561631136787278149526527617902002792430829987637685063
RHA(8,7)	-859625723588711455707879010467533015605916425028446398656906476967254940118709529403257424638491951577724494571688027014455331141598086411793417848026250000000000000000000000000000000000000000000000000000000000000000000/190637770924424501818347298005349061920479866766657346607292136140734606265241312393088978428061613290334365789901677577576199126213163904349654424949452618203122762786312388612907995737536181391658702192463410375491209461
RHA(7,8)	-444484620784699011770967270516187476363863067373443688728001448574609767942275969763068239139515448538523362721458904679296212465136133818360560285729250000000000000000000000000000000000000000000000000000000000000000000/190637770924424501818347298005349061920479866766657346607292136140734606265241312393088978428061613290334365789901677577576199126213163904349654424949452618203122762786312388612907995737536181391658702192463410375491209461
RHA(11,8)	-444484620784699011770967270516187476363863067373443688728001448574609767942275969763068239139515448538523362721458904679296212465136133818360560285729250000000000000000000000000000000000000000000000000000000000000000000/190637770924424501818347298005349061920479866766657346607292136140734606265241312393088978428061613290334365789901677577576199126213163904349654424949452618203122762786312388612907995737536181391658702192463410375491209461
RHA(5,9)	-444484620784699011770967270516187476363863067373443688728001448574609767942275969763068239139515448538523362721458904679296212465136133818360560285729250000000000000000000000000000000000000000000000000000000000000000000/190637770924424501818347298005349061920479866766657346607292136140734606265241312393088978428061613290334365789901677577576199126213163904349654424949452618203122762786312388612907995737536181391658702192463410375491209461
RHA(12,9)	-444484620784699011770967270516187476363863067373443688728001448574609767942275969763068239139515448538523362721458904679296212465136133818360560285729250000000000000000000000000000000000000000000000000000000000000000000/190637770924424501818347298005349061920479866766657346607292136140734606265241312393088978428061613290334365789901677577576199126213163904349654424949452618203122762786312388612907995737536181391658702192463410375491209461
RHA(4,10)	-501037341851846606965540478240024620209803739041310523192576302721853528618427755694570980646671227724007453593777073767468723821361044735325899115175753096365161036496522448283250000000000000000000000000000000000000000000000000000000000000000000/1167731751421280619855678510535033653801971616358052101226434097225263537600704141986398353580715412132366367981242709306336023657248561746606977689688154440977312788666683924857574298668543280478520543712262426049842175872634000930810276662545895021
RHA(12,11)	-2662055955033594998572964738707496770156547992950463619693989107530982288162282197197941232516961676645012651892901268232678330550772120582267033520821404915473450016098726663349781161961699600000000000000000000000000000/381275541848849003636694596010698123840959733533314693214584272281469212530482624786177956856123226580668731579803355155152398252426327808699308849898905236406245525572624777225815991475072362783317404384926820750982418922
RHA(4,11)	-17308220352943472652555018651231498252282381537056486405099939053538182173216241320124655042330871289890970629415335073205841663463520411037328760376291035528337320657583827413810874318995382813462933351791419637884115600000000000000000000000000000/2335463502842561239711357021070067307603943232716104202452868194450527075201408283972796707161430824264732735962485418612672047314497123493213955379376308881954625577333367849715148597337086560957041087424524852099684351745268001861620553325091790042
RHA(11,12)	-444484620784699011770967270516187476363863067373443688728001448574609767942275969763068239139515448538523362721458904679296212465136133818360560285729250000000000000000000000000000000000000000000000000000000000000000000/190637770924424501818347298005349061920479866766657346607292136140734606265241312393088978428061613290334365789901677577576199126213163904349654424949452618203122762786312388612907995737536181391658702192463410375491209461
RHA(13,12)	-444484620784699011770967270516187476363863067373443688728001448574609767942275969763068239139515448538523362721458904679296212465136133818360560285729250000000000000000000000000000000000000000000000000000000000000000000/190637770924424501818347298005349061920479866766657346607292136140734606265241312393088978428061613290334365789901677577576199126213163904349654424949452618203122762786312388612907995737536181391658702192463410375491209461
RHA(8,13)	-444484620784699011770967270516187476363863067373443688728001448574609767942275969763068239139515448538523362721458904679296212465136133818360560285729250000000000000000000000000000000000000000000000000000000000000000000/190637770924424501818347298005349061920479866766657346607292136140734606265241312393088978428061613290334365789901677577576199126213163904349654424949452618203122762786312388612907995737536181391658702192463410375491209461
RHA(2,20)	-10267702233893927249349318386962453066005194468748213254060095985698999881875452973946621995079886947312620322108221866748878144447441986552357309607008692011430381740265788704749000000000000000000000000000000000000000000000000000000000000000000000/3503195254263841859567035531605100961405914849074156303679302291675790612802112425959195060742146236397099103943728127919008070971745685239820933069064463322931938366000051774572722896005629841435561631136787278149526527617902002792430829987637685063
RHB(3,0)	1439419022878162275347415283973676838838311852418137674398572971585653220439049108573041453074161138583616408252938277841605525876824536719803707842871895887461890745090865048417000000000000000000000000000000000000000000000000000000000000000000000/1167731751421280619855678510535033653801971616358052101226434097225263537600704141986398353580715412132366367981242709306336023657248561746606977689688154440977312788666683924857574298668543280478520543712262426049842175872634000930810276662545895021
RHB(0,1)	859625723588711455707879010467533015605916425028446398656906476967254940118709529403257424638491951577724494571688027014455331141598086411793417848026250000000000000000000000000000000000000000000000000000000000000000000/190637770924424501818347298005349061920479866766657346607292136140734606265241312393088978428061613290334365789901677577576199126213163904349654424949452618203122762786312388612907995737536181391658702192463410375491209461
RHB(0,4)	415141102804012443936911739951345539242053357655002709928905028392645172176433559640189185498976503039201131850229122335159118676461952593432857562297000000000000000000000000000000000000000000000000000000000000000000000/190637770924424501818347298005349061920479866766657346607292136140734606265241312393088978428061613290334365789901677577576199126213163904349654424949452618203122762786312388612907995737536181391658702192463410375491209461
RHB(3,4)	1439419022878162275347415283973676838838311852418137674398572971585653220439049108573041453074161138583616408252938277841605525876824536719803707842871895887461890745090865048417000000000000000000000000000000000000000000000000000000000000000000000/1167731751421280619855678510535033653801971616358052101226434097225263537600704141986398353580715412132366367981242709306336023657248561746606977689688154440977312788666683924857574298668543280478520543712262426049842175872634000930810276662545895021
RHB(3,20)	1439419022878162275347415283973676838838311852418137674398572971585653220439049108573041453074161138583616408252938277841605525876824536719803707842871895887461890745090865048417000000000000000000000000000000000000000000000000000000000000000000000/1167731751421280619855678510535033653801971616358052101226434097225263537600704141986398353580715412132366367981242709306336023657248561746606977689688154440977312788666683924857574298668543280478520543712262426049842175872634000930810276662545895021
tau4(0)	-1062173259841740879145430369746910451904157981201626771464517052514211343835446907721436907324054645159403063408304047279308374365149274598417016387734238576497566850214081520926527755886590745685550000000000000000000000000000/4331099517632000256811032263383525337771382093071688257571070040981349519740017376258588500907131792343106456380776212884953667948436870742919798880426614032956746047742231156896656755161084505037094055110576220320784787744459
tau4(1)	-133009361392616053438509339893242239295980634391810168912754326277940009081785491382291531892794919341151177353622419745575391465192873694542868413203698551119000944442050157128691158968473152297678050000000000000000000000000000/653996027162432038778465871770912326003478696053824926893231576188183777480742623815046863636976900643809074913497208145628003860213967482180889630944418718976468653209076904691395170029323760260601202321697009268438502949413309
tau4(2)	-124435894610004383422379351251405299435998746038206592459005043838332673069702411805935545623882388310440588109395104616686025594314644301106943347777127453444180785006369790467945884850712732006173250000000000000000000000000000/653996027162432038778465871770912326003478696053824926893231576188183777480742623815046863636976900643809074913497208145628003860213967482180889630944418718976468653209076904691395170029323760260601202321697009268438502949413309
tau4(3)	-3779996381590297577617542489395915645866370863307447635259866539894604945790175849439016173035426516027137748956273469346108781905173737857376413608067444809506616557538127701383105554116488875147835297861954316710185571941185050000000000000000000000000000/4005984346741551234777675172207659866689775965957826438852266794483975108923310007670136613445041290683519958639043820022327866341823541222495752845935802292429098956103477205414723804209045853167917743122432398671381023441206151939208879999953408536296949
tau4(4)	-4283488265294385673786954671669144721447900479777598146177613178646981655742610800320188370347552525059382732569676928636006232969419408750657817052811822235203662642097720738523207769852292630984550000000000000000000000000000/4331099517632000256811032263383525337771382093071688257571070040981349519740017376258588500907131792343106456380776212884953667948436870742919798880426614032956746047742231156896656755161084505037094055110576220320784787744459
ineq107(10,7)	-415141102804012443936911739951345539242053357655002709928905028392645172176433559640189185498976503039201131850229122335159118676461952593432857562297000000000000000000000000000000000000000000000000000000000000000000000/190637770924424501818347298005349061920479866766657346607292136140734606265241312393088978428061613290334365789901677577576199126213163904349654424949452618203122762786312388612907995737536181391658702192463410375491209461
ineq107(9,9)	-444484620784699011770967270516187476363863067373443688728001448574609767942275969763068239139515448538523362721458904679296212465136133818360560285729250000000000000000000000000000000000000000000000000000000000000000000/190637770924424501818347298005349061920479866766657346607292136140734606265241312393088978428061613290334365789901677577576199126213163904349654424949452618203122762786312388612907995737536181391658702192463410375491209461
ineq107(7,11)	-2662055955033594998572964738707496770156547992950463619693989107530982288162282197197941232516961676645012651892901268232678330550772120582267033520821404915473450016098726663349781161961699600000000000000000000000000000/381275541848849003636694596010698123840959733533314693214584272281469212530482624786177956856123226580668731579803355155152398252426327808699308849898905236406245525572624777225815991475072362783317404384926820750982418922
ineq107(13,13)	-444484620784699011770967270516187476363863067373443688728001448574609767942275969763068239139515448538523362721458904679296212465136133818360560285729250000000000000000000000000000000000000000000000000000000000000000000/190637770924424501818347298005349061920479866766657346607292136140734606265241312393088978428061613290334365789901677577576199126213163904349654424949452618203122762786312388612907995737536181391658702192463410375491209461
ineq108(1,5)	-3169438591267646351816215158935571298011614931634584727713944081621879611730765512790474366815755546846122746394524123756747315730251123429518780693211418569229940042808354533469647315000000000000000000000000000000000000/190637770924424501818347298005349061920479866766657346607292136140734606265241312393088978428061613290334365789901677577576199126213163904349654424949452618203122762786312388612907995737536181391658702192463410375491209461
ineq108(1,7)	-3169438591267646351816215158935571298011614931634584727713944081621879611730765512790474366815755546846122746394524123756747315730251123429518780693211418569229940042808354533469647315000000000000000000000000000000000000/190637770924424501818347298005349061920479866766657346607292136140734606265241312393088978428061613290334365789901677577576199126213163904349654424949452618203122762786312388612907995737536181391658702192463410375491209461
ineq108(13,12)	-1603588231037029597715723314748914312214098135310894156735207286944685275599670413230221349184850509676134192017239034634887372360456137927989218254820665706881065830580232575810821646422579000000000000000000000000000000/190637770924424501818347298005349061920479866766657346607292136140734606265241312393088978428061613290334365789901677577576199126213163904349654424949452618203122762786312388612907995737536181391658702192463410375491209461
ineq108(8,14)	-231242850642195469993083065131159935211980910969082869679086678320962317066167252141758285170319085058482454301560098633872308164583291075490666630420896642292317033590244819674113073371340000000000000000000000000000000/190637770924424501818347298005349061920479866766657346607292136140734606265241312393088978428061613290334365789901677577576199126213163904349654424949452618203122762786312388612907995737536181391658702192463410375491209461
ineq108(12,16)	-1283634964912027757536794237668545978054700341880387703694837396815895633596216674887116760966983487913897953833967745054840120317560996061842314863499795142342144410447775294376893093863448000000000000000000000000000000/190637770924424501818347298005349061920479866766657346607292136140734606265241312393088978428061613290334365789901677577576199126213163904349654424949452618203122762786312388612907995737536181391658702192463410375491209461
ineq108(12,17)	-444484620784699011770967270516187476363863067373443688728001448574609767942275969763068239139515448538523362721458904679296212465136133818360560285729250000000000000000000000000000000000000000000000000000000000000000000/190637770924424501818347298005349061920479866766657346607292136140734606265241312393088978428061613290334365789901677577576199126213163904349654424949452618203122762786312388612907995737536181391658702192463410375491209461
ineq108(2,20)	-415141102804012443936911739951345539242053357655002709928905028392645172176433559640189185498976503039201131850229122335159118676461952593432857562297000000000000000000000000000000000000000000000000000000000000000000000/190637770924424501818347298005349061920479866766657346607292136140734606265241312393088978428061613290334365789901677577576199126213163904349654424949452618203122762786312388612907995737536181391658702192463410375491209461
ineq109(0,5)	-1010472549931740461378672341577093559094214152350123209053771235894317912990174625388562831783307540329658577135768372425843054318159094411014737449393028255775770275000000000000000000000000000000000000000000000000000000/190637770924424501818347298005349061920479866766657346607292136140734606265241312393088978428061613290334365789901677577576199126213163904349654424949452618203122762786312388612907995737536181391658702192463410375491209461
ineq109(9,9)	-8028692329303100275338995456717568100517695129697575756642012757865332614655751804029139968114357086645324149777014639348555904550514532337799105226386648956948104474613221409439452711080750000000000000000000000000000000/190637770924424501818347298005349061920479866766657346607292136140734606265241312393088978428061613290334365789901677577576199126213163904349654424949452618203122762786312388612907995737536181391658702192463410375491209461
ineq109(7,11)	-23784166484338345703292535142078782324430320138352727659667767577902738028161294225870890551167944221684003005548118114362348940335513600480356545446803721844739938016859310782217175637924244400000000000000000000000000000/381275541848849003636694596010698123840959733533314693214584272281469212530482624786177956856123226580668731579803355155152398252426327808699308849898905236406245525572624777225815991475072362783317404384926820750982418922
ineq109(10,12)	-21167589387344021482981099623470402180757904890991642304489580326691905450304984241863589642021126729632493546031495240977288448537993887465599182622972559562475985286753239950876415879101150000000000000000000000000000000/190637770924424501818347298005349061920479866766657346607292136140734606265241312393088978428061613290334365789901677577576199126213163904349654424949452618203122762786312388612907995737536181391658702192463410375491209461
ineq109(13,13)	-1824901943672637629646214657071195598422809229558639319793589800545004597769417224816206721469298139376826135580610677597795447023404074237418860916517940637964441373554301045530286297001750000000000000000000000000000000/190637770924424501818347298005349061920479866766657346607292136140734606265241312393088978428061613290334365789901677577576199126213163904349654424949452618203122762786312388612907995737536181391658702192463410375491209461
ineq109(10,13)	-51684510593058940692805802916360395873489593344303487362219271298266265971891196158247057924952625774833350973712321146168986936001677708823881569035514551253149907910537495706453038146596840000000000000000000000000000000/381275541848849003636694596010698123840959733533314693214584272281469212530482624786177956856123226580668731579803355155152398252426327808699308849898905236406245525572624777225815991475072362783317404384926820750982418922
ineq109(13,14)	-2038143713815141171424098862456223139574691385963000138842504570798652048645525942437516675438494502856867044000509483643219351323956916980288754571826293995672124339964056225856173223630410000000000000000000000000000000/190637770924424501818347298005349061920479866766657346607292136140734606265241312393088978428061613290334365789901677577576199126213163904349654424949452618203122762786312388612907995737536181391658702192463410375491209461
ineq109(9,14)	-49252249566096183972529988870178440530950769570873823773182642209217386568715924638488316890037718006751549304600626005333544169556210767778486456992065729581184516891227174979339859202373940000000000000000000000000000000/381275541848849003636694596010698123840959733533314693214584272281469212530482624786177956856123226580668731579803355155152398252426327808699308849898905236406245525572624777225815991475072362783317404384926820750982418922
ineq109(13,15)	-1405456589184496044287148196922082361480817973267630628901349959288613520914225515214642769136023207196222914160667478106892987240996903330269526956748938522933664068708189419371746012439360000000000000000000000000000000/190637770924424501818347298005349061920479866766657346607292136140734606265241312393088978428061613290334365789901677577576199126213163904349654424949452618203122762786312388612907995737536181391658702192463410375491209461
ineq109(14,16)	-5031041380716416454536360388949990562356007804946232511816111358567488870475598413369994186866807233165080980165471336143193070224569901823566225340308094720601622915936891540050515716957540000000000000000000000000000000/381275541848849003636694596010698123840959733533314693214584272281469212530482624786177956856123226580668731579803355155152398252426327808699308849898905236406245525572624777225815991475072362783317404384926820750982418922
ineq109(9,16)	-23054851365292897955743568579718701398938159550165666667519675740950674062473535058889516998207996273433716326045060388224206800248647702914427325757505675438905650657103421881135945810777610000000000000000000000000000000/190637770924424501818347298005349061920479866766657346607292136140734606265241312393088978428061613290334365789901677577576199126213163904349654424949452618203122762786312388612907995737536181391658702192463410375491209461
ineq109(14,17)	-6709342068971073946068014323254707565737682353960120541749783255050060601783479823618091230521743311915830162390489016894280885929419626310529734495849185005285911736832442128804301904684436000000000000000000000000000000/381275541848849003636694596010698123840959733533314693214584272281469212530482624786177956856123226580668731579803355155152398252426327808699308849898905236406245525572624777225815991475072362783317404384926820750982418922
ineq109(7,17)	-28123183398428905899875451132702414701184300765680310360749079743702206988604078160852571305312449738622308088898324344938133613956221469876774874728673356459011839532277419833922666807022950000000000000000000000000000000/190637770924424501818347298005349061920479866766657346607292136140734606265241312393088978428061613290334365789901677577576199126213163904349654424949452618203122762786312388612907995737536181391658702192463410375491209461
ineq109(7,18)	-27437581101291318573343203122252357169009219484109061794126409564338636139315262059333112951794938958521486430821205515763346134200194965504564090621808823794071564045743212057060688003418504000000000000000000000000000000/381275541848849003636694596010698123840959733533314693214584272281469212530482624786177956856123226580668731579803355155152398252426327808699308849898905236406245525572624777225815991475072362783317404384926820750982418922
ineq109(11,18)	-8153068758679743912393386661977841367092766149524432809970776070178946802053805376750757382059821146063292975698244765252122868162374220264275114684938899047070227058954447741548700732126336000000000000000000000000000000/381275541848849003636694596010698123840959733533314693214584272281469212530482624786177956856123226580668731579803355155152398252426327808699308849898905236406245525572624777225815991475072362783317404384926820750982418922
ineq109(11,19)	-1090546353923484483913312330034873108077447324073183753859316568498751368413725008313961007543231931431260694343019855517167878583182451720099331293707663652445692311846239375761346994721866000000000000000000000000000000/190637770924424501818347298005349061920479866766657346607292136140734606265241312393088978428061613290334365789901677577576199126213163904349654424949452618203122762786312388612907995737536181391658702192463410375491209461
ineq110(1,6)	-3169438591267646351816215158935571298011614931634584727713944081621879611730765512790474366815755546846122746394524123756747315730251123429518780693211418569229940042808354533469647315000000000000000000000000000000000000/190637770924424501818347298005349061920479866766657346607292136140734606265241312393088978428061613290334365789901677577576199126213163904349654424949452618203122762786312388612907995737536181391658702192463410375491209461
ineq110(4,10)	-444484620784699011770967270516187476363863067373443688728001448574609767942275969763068239139515448538523362721458904679296212465136133818360560285729250000000000000000000000000000000000000000000000000000000000000000000/190637770924424501818347298005349061920479866766657346607292136140734606265241312393088978428061613290334365789901677577576199126213163904349654424949452618203122762786312388612907995737536181391658702192463410375491209461
ineq111(7,11)	-1773086713464196975031030197675121817428821858203576242237986210381762752277730257671804754237930779567965926449983458874085905620499852945545912949362904915473450016098726663349781161961699600000000000000000000000000000/381275541848849003636694596010698123840959733533314693214584272281469212530482624786177956856123226580668731579803355155152398252426327808699308849898905236406245525572624777225815991475072362783317404384926820750982418922
ineq111(13,12)	-6808200475491761626807845943814537932927620352932028745239450322332938865347911810016977972721260821368795550094609925868217015031298988231884172745223446732457685767704643059584718611204157000000000000000000000000000000/190637770924424501818347298005349061920479866766657346607292136140734606265241312393088978428061613290334365789901677577576199126213163904349654424949452618203122762786312388612907995737536181391658702192463410375491209461
ineq111(8,13)	-2935225679997395387674940701478240545926849920689051579982651786268639224036548202207481662927596723777311859775301308956237983182302642248115533288155590387612178563570109438243610667779828000000000000000000000000000000/190637770924424501818347298005349061920479866766657346607292136140734606265241312393088978428061613290334365789901677577576199126213163904349654424949452618203122762786312388612907995737536181391658702192463410375491209461
ineq111(13,14)	-1723281148329133745822843701032077109980893151012117948222174810669404621634277147815858540915190903011434275122875638087723367784516843553828231968475081452163096928159075253305732264845548927250000000000000000000000000000/789049733856193013026139466444139767288866168547194757607582151486500535331833791994995281713747017408693940004403043493587888183396285400103219664865784386742725115172546976468826194357662254780075368374606055544158115959079
ineq111(9,14)	-9543010254560263604345073136297731516782698425362217111282562698616646327476781878886306162463628188258970192537135321460136104707045576598383470471879632614611610348487631020215726299779135424750000000000000000000000000000/789049733856193013026139466444139767288866168547194757607582151486500535331833791994995281713747017408693940004403043493587888183396285400103219664865784386742725115172546976468826194357662254780075368374606055544158115959079
ineq111(13,15)	-6709342068971073946068014323254707565737682353960120541749783255050060601783479823618091230521743311915830162390489016894280885929419626310529734495849185005285911736832442128804301904684436000000000000000000000000000000/381275541848849003636694596010698123840959733533314693214584272281469212530482624786177956856123226580668731579803355155152398252426327808699308849898905236406245525572624777225815991475072362783317404384926820750982418922
ineq111(9,16)	-839150344127328745765826967152358501690837274506944014966835948241285865653940705124048521827468039375374591112508840375543907852424862243481754577770545142342144410447775294376893093863448000000000000000000000000000000/190637770924424501818347298005349061920479866766657346607292136140734606265241312393088978428061613290334365789901677577576199126213163904349654424949452618203122762786312388612907995737536181391658702192463410375491209461
ineq111(14,18)	-6709342068971073946068014323254707565737682353960120541749783255050060601783479823618091230521743311915830162390489016894280885929419626310529734495849185005285911736832442128804301904684436000000000000000000000000000000/381275541848849003636694596010698123840959733533314693214584272281469212530482624786177956856123226580668731579803355155152398252426327808699308849898905236406245525572624777225815991475072362783317404384926820750982418922
ineq111(13,19)	-6709342068971073946068014323254707565737682353960120541749783255050060601783479823618091230521743311915830162390489016894280885929419626310529734495849185005285911736832442128804301904684436000000000000000000000000000000/381275541848849003636694596010698123840959733533314693214584272281469212530482624786177956856123226580668731579803355155152398252426327808699308849898905236406245525572624777225815991475072362783317404384926820750982418922
ineq112(0,5)	-550394629466893410191538749934880004698006886705069359944145808129179834393106691746932200329910562692990508716067211419416179358147147826950953987011408432192564271968120278066240767322922758350000000000000000000000000000/571913312773273505455041894016047185761439600299972039821876408422203818795723937179266935284184839871003097369705032732728597378639491713048963274848357854609368288358937165838723987212608544174976106577390231126473628383
ineq112(2,6)	-16389800843163252814512011829887626296277663134468764543954347634883063848182134619742101045677635083850669946155363148770891719104274609478727518720734887705201865949370562963478240195328000000000000000000000000000000000/381275541848849003636694596010698123840959733533314693214584272281469212530482624786177956856123226580668731579803355155152398252426327808699308849898905236406245525572624777225815991475072362783317404384926820750982418922
ineq112(10,7)	-27264086793763563728114215077149294187959388190635275328124431906369070236121376866941676351440939780064515419042733559496951298267851621015219621271109477963501231834503469125445281608172000000000000000000000000000000000/381275541848849003636694596010698123840959733533314693214584272281469212530482624786177956856123226580668731579803355155152398252426327808699308849898905236406245525572624777225815991475072362783317404384926820750982418922
ineq112(7,8)	-2768113505534923023609574382526992851872802874106145255960786735702642659081335714476709135760745041764022095375224123183369848414576904136465971006948354233710273365495086748830399720415235640000000000000000000000000000/190637770924424501818347298005349061920479866766657346607292136140734606265241312393088978428061613290334365789901677577576199126213163904349654424949452618203122762786312388612907995737536181391658702192463410375491209461
ineq112(9,9)	-24667112737095601284634523491522909235417592223313151809361185357787960264219378455063876532957473724427216878385556181373883083055962219313812018238871805043467321746494010167160134732498279400000000000000000000000000000/190637770924424501818347298005349061920479866766657346607292136140734606265241312393088978428061613290334365789901677577576199126213163904349654424949452618203122762786312388612907995737536181391658702192463410375491209461
ineq112(4,10)	-569029577481755748224533884289427584983653245940269975289852422838011077150585736126744229065934216950997706121310376608884771079329599888941358477857975634529363849748807703489133470203656758350000000000000000000000000000/571913312773273505455041894016047185761439600299972039821876408422203818795723937179266935284184839871003097369705032732728597378639491713048963274848357854609368288358937165838723987212608544174976106577390231126473628383
ineq112(4,11)	-37105021399393866457211093951495212345216448915093321452324391842378021294654857319404296617009211294426429904634360781548038345495605610869446885792974617058435422808152317601701033886936007600000000000000000000000000000/190637770924424501818347298005349061920479866766657346607292136140734606265241312393088978428061613290334365789901677577576199126213163904349654424949452618203122762786312388612907995737536181391658702192463410375491209461
ineq112(10,12)	-121728834999195648285387815524706250913047773748040034939090260008226721500741412484444699055968165438474115264186293543907722724983583497177886566550596695306277896358686620152753408372696756480000000000000000000000000000/381275541848849003636694596010698123840959733533314693214584272281469212530482624786177956856123226580668731579803355155152398252426327808699308849898905236406245525572624777225815991475072362783317404384926820750982418922
ineq112(13,13)	-130739250019589715023942334407173469508745571171711573243202191643867001494835675434077267098894109521000746239474796639094197820099708725887723383221152220461262609094596014587789500166824000000000000000000000000000000000/381275541848849003636694596010698123840959733533314693214584272281469212530482624786177956856123226580668731579803355155152398252426327808699308849898905236406245525572624777225815991475072362783317404384926820750982418922
ineq112(13,14)	-20692568974116439804359387898078414601255228755257038287480675176441589866773587420861356836359681190531983490556513986761081406088175611540842795085546995985782266569603470705746130803181828611200000000000000000000000000000/789049733856193013026139466444139767288866168547194757607582151486500535331833791994995281713747017408693940004403043493587888183396285400103219664865784386742725115172546976468826194357662254780075368374606055544158115959079
ineq112(9,14)	-421961713954549185675247367494974305190790451946426772783667981980527455379295653359765106330528755285454862356508679603145404413570818371378512269339324792164608948491105048169497041098312463650800000000000000000000000000000/1578099467712386026052278932888279534577732337094389515215164302973001070663667583989990563427494034817387880008806086987175776366792570800206439329731568773485450230345093952937652388715324509560150736749212111088316231918158
ineq112(13,15)	-19846896065652690669655732780870446764811436752494596542107334096051533051106087016378287083197000826252369436858442316589019182039872245787619226819692043105554262051123045935357730397963621600000000000000000000000000000/381275541848849003636694596010698123840959733533314693214584272281469212530482624786177956856123226580668731579803355155152398252426327808699308849898905236406245525572624777225815991475072362783317404384926820750982418922
ineq112(9,15)	-15443323267304193302372538535251790372333410082177267023505157311113535723236353168035684400762199785853522966819581047525596720229785421554891304100238321120980545639318647418012693192468937200000000000000000000000000000/381275541848849003636694596010698123840959733533314693214584272281469212530482624786177956856123226580668731579803355155152398252426327808699308849898905236406245525572624777225815991475072362783317404384926820750982418922
ineq112(9,16)	-100911084109106052433610981812108518663535120469472344113892427706420434995542874217016271499213490250608051624004939402940846781299570613037859454521692754254026306729211585082158564013112558800000000000000000000000000000/381275541848849003636694596010698123840959733533314693214584272281469212530482624786177956856123226580668731579803355155152398252426327808699308849898905236406245525572624777225815991475072362783317404384926820750982418922
ineq112(14,17)	-62948120941651294245177557890857686976708029249271681712325065069561973458519650045928544633602376219005044254381567898603540755145136628291289101484040340408991869087445133187591880389769857400000000000000000000000000000/190637770924424501818347298005349061920479866766657346607292136140734606265241312393088978428061613290334365789901677577576199126213163904349654424949452618203122762786312388612907995737536181391658702192463410375491209461
ineq112(14,18)	-43777512248565633556911282477966793405738904448706034985031246601941903558577230663770388997469197009927571961440344316617630616855713815641201064392807870089711562964826192225042853829771235640000000000000000000000000000/190637770924424501818347298005349061920479866766657346607292136140734606265241312393088978428061613290334365789901677577576199126213163904349654424949452618203122762786312388612907995737536181391658702192463410375491209461
ineq112(13,19)	-14164166590050044997254696904648827083223996080582476699249542427327905714876235183193748153323680325155641453935476813443481870295441433322229439491237168344492480333312933383031304021000476000000000000000000000000000000/381275541848849003636694596010698123840959733533314693214584272281469212530482624786177956856123226580668731579803355155152398252426327808699308849898905236406245525572624777225815991475072362783317404384926820750982418922
ineq112(14,19)	-1044360356376989500748785704736503446111574669749351252700783357825971593455233017415120344662108606054878744391145004353193286463906108048279911365151716772767491901199506911468627327155478358140000000000000000000000000000/1143826625546547010910083788032094371522879200599944079643752816844407637591447874358533870568369679742006194739410065465457194757278983426097926549696715709218736576717874331677447974425217088349952213154780462252947256766
ineq112(2,20)	-567696123619401651189220982477879022554561656738149644223668418492287247846758908217455024348515670605382136033145999894846882441934191487486276797000787884529363849748807703489133470203656758350000000000000000000000000000/571913312773273505455041894016047185761439600299972039821876408422203818795723937179266935284184839871003097369705032732728597378639491713048963274848357854609368288358937165838723987212608544174976106577390231126473628383
ineq115(8,5)	-5352023614698734555290499107714993746276203320038425383245298425976492645707638597200752154036059467758007973842700369475075242585885934251674745767496150778933192593562475140964234293578000000000000000000000000000000000/190637770924424501818347298005349061920479866766657346607292136140734606265241312393088978428061613290334365789901677577576199126213163904349654424949452618203122762786312388612907995737536181391658702192463410375491209461
ineq115(10,6)	-164849899814573132413231695099226223105109725217117829052427490829414796865044206686406656984732582970993725056255603637231305156173370547803430443131047567226253698843934800080541271429538069363550000000000000000000000000000/179008866898034607207428112827022769143330594893891248464247315836149795283061592337110550743949854879623969476717675245344050979514160906184325505027536008492732274256347332907520607997546474326767521358723142342586245683879
ineq115(2,6)	-1584719295633823175908107579467785649005807465817292363856972040810939805865382756395237183407877773423061373197262061878373657865125561714759390346605709284614970021404177266734823657500000000000000000000000000000000000000/59669622299344869069142704275674256381110198297963749488082438612049931761020530779036850247983284959874656492239225081781350326504720302061441835009178669497577424752115777635840202665848824775589173786241047447528748561293
ineq115(10,7)	-509498499276248064599367427319156063416067804419116446951959160269626229038924626446519685802749153022893735587503111080170752410745370395428124555104744215247312424216365074378072844910664758350000000000000000000000000000/571913312773273505455041894016047185761439600299972039821876408422203818795723937179266935284184839871003097369705032732728597378639491713048963274848357854609368288358937165838723987212608544174976106577390231126473628383
ineq115(8,7)	-5352023614698734555290499107714993746276203320038425383245298425976492645707638597200752154036059467758007973842700369475075242585885934251674745767496150778933192593562475140964234293578000000000000000000000000000000000/190637770924424501818347298005349061920479866766657346607292136140734606265241312393088978428061613290334365789901677577576199126213163904349654424949452618203122762786312388612907995737536181391658702192463410375491209461
ineq115(7,8)	-161849474216399391265527006527903369295076872263819024212066194036393999205402915210467499603362726416757792638535530496218353318380917876815827889797636403652165279196681960879834000698285094264950000000000000000000000000000/179008866898034607207428112827022769143330594893891248464247315836149795283061592337110550743949854879623969476717675245344050979514160906184325505027536008492732274256347332907520607997546474326767521358723142342586245683879
ineq115(11,8)	-4413384631592010945843256880826639492197454798812048011531614068955709304585082941900764379747779629503466397427277339733178866094398781927745066962695233193357219694831654618371010045996521610880000000000000000000000000000/59669622299344869069142704275674256381110198297963749488082438612049931761020530779036850247983284959874656492239225081781350326504720302061441835009178669497577424752115777635840202665848824775589173786241047447528748561293
ineq115(9,9)	-493694785408114847335317412003310294848308880068210188795584862418923367054100772852263394749643249432100485397989331350725233192766304829544840742284172469398961884509325672987653066006161920150000000000000000000000000000/571913312773273505455041894016047185761439600299972039821876408422203818795723937179266935284184839871003097369705032732728597378639491713048963274848357854609368288358937165838723987212608544174976106577390231126473628383
ineq115(7,11)	-907442858702047512710082310653761405585538154411128631006676527299161079668755481745468854732262281105501794859135884723783277094033249750919234540395639351961694812600405321378011393599812372300000000000000000000000000000/1143826625546547010910083788032094371522879200599944079643752816844407637591447874358533870568369679742006194739410065465457194757278983426097926549696715709218736576717874331677447974425217088349952213154780462252947256766
ineq115(11,12)	-1009284393846130132439333908919370525733644622346033638911888907789239871911127036892275393387149218819068622379972376799070358578749287811802980590083509827128376810979333088578650740394443110880000000000000000000000000000/59669622299344869069142704275674256381110198297963749488082438612049931761020530779036850247983284959874656492239225081781350326504720302061441835009178669497577424752115777635840202665848824775589173786241047447528748561293
ineq115(10,12)	-117509345479211969554918586399968437678700934917297941321369671190855743215704063999939810234146903569663805594699316017825187309209361620222777952695490929930008282198035443764645098721580108863550000000000000000000000000000/179008866898034607207428112827022769143330594893891248464247315836149795283061592337110550743949854879623969476717675245344050979514160906184325505027536008492732274256347332907520607997546474326767521358723142342586245683879
ineq115(10,13)	-743174497180034157306614961734237636582886599961164568717730262052973491209010790132678247400349012647762033347867609872411171423569256797309383444338119107674939872213827363214898439906841516700000000000000000000000000000/1143826625546547010910083788032094371522879200599944079643752816844407637591447874358533870568369679742006194739410065465457194757278983426097926549696715709218736576717874331677447974425217088349952213154780462252947256766
ineq115(9,14)	-401109722962747993229136634969133624705820106489820283567710843108579824995653568380372706957967998903213641369816643493397612142721541326078276383326536113822850145364785479673843797805247920150000000000000000000000000000/571913312773273505455041894016047185761439600299972039821876408422203818795723937179266935284184839871003097369705032732728597378639491713048963274848357854609368288358937165838723987212608544174976106577390231126473628383
ineq115(9,15)	-516094248482320422266491477315244229277935975688262179941433685727263473989072075850123271839995416032838867515793341562712847225925113387927592681478080088189561638213145163459077834818007920150000000000000000000000000000/571913312773273505455041894016047185761439600299972039821876408422203818795723937179266935284184839871003097369705032732728597378639491713048963274848357854609368288358937165838723987212608544174976106577390231126473628383
ineq115(9,16)	-835325902636193339148234823142529613976701130472122918238027562556760849314542849602439643634227963150171257370605935008947001814760487938769138592150873006296648779309980651731791248367975840300000000000000000000000000000/1143826625546547010910083788032094371522879200599944079643752816844407637591447874358533870568369679742006194739410065465457194757278983426097926549696715709218736576717874331677447974425217088349952213154780462252947256766
ineq115(7,17)	-380185214656801865489001210616854524053529158192454930152877227629325156775026785988958595165127088293982573358165672913074148813894190004067491173405854613302388242486472303926357829034347186150000000000000000000000000000/571913312773273505455041894016047185761439600299972039821876408422203818795723937179266935284184839871003097369705032732728597378639491713048963274848357854609368288358937165838723987212608544174976106577390231126473628383
ineq115(7,18)	-135572554907525548358312142537998789529470901284206971927067047248990561997665444843609494107915941541122020149544571239706188734586002732226966680530799022052647172359750220240435258267207889264950000000000000000000000000000/179008866898034607207428112827022769143330594893891248464247315836149795283061592337110550743949854879623969476717675245344050979514160906184325505027536008492732274256347332907520607997546474326767521358723142342586245683879
ineq115(11,18)	-475539614286956975342422999260408520807911139254187829237473513361152569654623656927018107032630790739423931544364441856929821338882253374863574524633587180268184995884932150782759386793828610880000000000000000000000000000/59669622299344869069142704275674256381110198297963749488082438612049931761020530779036850247983284959874656492239225081781350326504720302061441835009178669497577424752115777635840202665848824775589173786241047447528748561293
ineq115(11,19)	-1968533626995150711484113499737432308542379014598704154800509246656513585961212496957726948775970111539616828297415705411376599087884582580882687549014480115812895604700424398289261072464479610880000000000000000000000000000/59669622299344869069142704275674256381110198297963749488082438612049931761020530779036850247983284959874656492239225081781350326504720302061441835009178669497577424752115777635840202665848824775589173786241047447528748561293
ineq115(13,19)	-702728294592248022143574098461041180740408986633815314450674979644306760457112757607321384568011603598111457080333739053446493620498451665134763478374469261466832034354094709685873006219680000000000000000000000000000000000/59669622299344869069142704275674256381110198297963749488082438612049931761020530779036850247983284959874656492239225081781350326504720302061441835009178669497577424752115777635840202665848824775589173786241047447528748561293
ineq119(5,1)	-148161540261566337256989090172062492121287689124481229576000482858203255980758656587689413046505149512841120907152968226432070821712044606120186761909750000000000000000000000000000000000000000000000000000000000000000000000/28786303409588099774570441998807708349992459881765259337701112557250925546051438171356435742637303606840489234275153314214006068058187749556797818167367345348671537180733170680549107356367963390140464031061974966699172628611
ineq119(2,2)	-138380367601337481312303913317115179747351119218334236642968342797548390725477853213396395166325501013067043950076374111719706225487317531144285854099000000000000000000000000000000000000000000000000000000000000000000000000/28786303409588099774570441998807708349992459881765259337701112557250925546051438171356435742637303606840489234275153314214006068058187749556797818167367345348671537180733170680549107356367963390140464031061974966699172628611
ineq119(1,3)	-1056479530422548783938738386311857099337204977211528242571314693873959870576921837596824788938585182282040915464841374585582438576750374476506260231070472856409980014269451511156549105000000000000000000000000000000000000000/28786303409588099774570441998807708349992459881765259337701112557250925546051438171356435742637303606840489234275153314214006068058187749556797818167367345348671537180733170680549107356367963390140464031061974966699172628611
ineq120(7,0)	-3236989484327987825310540130558067385901537445276380484241323880727879984108058304209349992067254528335155852770710609924367066367618357536316557795952728073043305583933639217596680013965701885299000000000000000000000000000000/4331099517632000256811032263383525337771382093071688257571070040981349519740017376258588500907131792343106456380776212884953667948436870742919798880426614032956746047742231156896656755161084505037094055110576220320784787744459
ineq120(8,1)	-24907410592126963759039734309620530695629868533156078912546503376940294560942722324444134237880812752387884970538424042769417707171665084297549730024263403876121785635701094382436106677798280000000000000000000000000000000000/1443699839210666752270344087794508445923794031023896085857023346993783173246672458752862833635710597447702152126925404294984555982812290247639932960142204677652248682580743718965552251720361501679031351703525406773594929248153
ineq120(9,1)	-3331390126533891952579256862842249488765944443117923054559621621478420256198343392176043050176197454044308763084723653435996636923232504203084676203490519127145944531266775355185891774530996120139000000000000000000000000000000/4331099517632000256811032263383525337771382093071688257571070040981349519740017376258588500907131792343106456380776212884953667948436870742919798880426614032956746047742231156896656755161084505037094055110576220320784787744459
ineq120(10,2)	-3189460605469312884392040095017916956984584455663668957919264343287860193783668161555213233125209697923314784777769475361868910091266018675380059714955698787448175775594445365606736009140761387271000000000000000000000000000000/4331099517632000256811032263383525337771382093071688257571070040981349519740017376258588500907131792343106456380776212884953667948436870742919798880426614032956746047742231156896656755161084505037094055110576220320784787744459
ineq120(11,2)	-88267692631840218916865137616532789843949095976240960230632281379114186091701658838015287594955592590069327948545546794663577321887975638554901339253904663867144393896633092367420200919930432217600000000000000000000000000000/1443699839210666752270344087794508445923794031023896085857023346993783173246672458752862833635710597447702152126925404294984555982812290247639932960142204677652248682580743718965552251720361501679031351703525406773594929248153
ineq120(0,3)	-10104725499317404613786723415770935590942141523501232090537712358943179129901746253885628317833075403296585771357683724258430543181590944110147374493930282557757702750000000000000000000000000000000000000000000000000000000000/1443699839210666752270344087794508445923794031023896085857023346993783173246672458752862833635710597447702152126925404294984555982812290247639932960142204677652248682580743718965552251720361501679031351703525406773594929248153
ineq120(3,3)	-27954922139205853786401704278243689424413650440931857525229857219834635768600330034741718521517614781074601746174764532783172909436778934655429305691186510428694710424867816940698817332976489400000000000000000000000000000000000000000000000000000000000/8843232553513358134167053360281809860242331050679528562587785418286920770250132467262994731666757816078410504721951037576882707156343358107054642044008393581521189748572797362946410163816878263063836077532963352475454797883457289049026225165460062994033
ineq120(0,4)	-5224826291781010223005276211944372119264982233469703176075918198369890733631470536866176347918882811725394536445909522556402587782741128025252376958381471445736597350000000000000000000000000000000000000000000000000000000000/1443699839210666752270344087794508445923794031023896085857023346993783173246672458752862833635710597447702152126925404294984555982812290247639932960142204677652248682580743718965552251720361501679031351703525406773594929248153
bdlo__ye(8,1)	-60346267707451523322393444192988697708698772221552438502125587632640513613923317605668720941135246381709766671960381652257832532190806839767310407075366405415195894627524960595163983791880344793750000000000000000000000000/571913312773273505455041894016047185761439600299972039821876408422203818795723937179266935284184839871003097369705032732728597378639491713048963274848357854609368288358937165838723987212608544174976106577390231126473628383
bdlo__ye(2,20)	-71151319795303836073087854563152691385214583423359386763686133004482952179357317230377804312151992111058642720266954466640692863358240586318389982673505917566170481218600962936141683775457094793750000000000000000000000000/571913312773273505455041894016047185761439600299972039821876408422203818795723937179266935284184839871003097369705032732728597378639491713048963274848357854609368288358937165838723987212608544174976106577390231126473628383
bdlo__ye(1,5)	-69141459798219241948683441259034908060681003656838411121531782459141229536476191903662287309048968024207757293205186095682806333342253707284225023499028091944808978246318144425542255091005344793750000000000000000000000000/571913312773273505455041894016047185761439600299972039821876408422203818795723937179266935284184839871003097369705032732728597378639491713048963274848357854609368288358937165838723987212608544174976106577390231126473628383
bdlo__ye(8,5)	-159463018017600820332487345162631353236721737349178118304452147448281086628653865197634174750370118626465161754513889644865427611287101866942167726211981805885967856398301309107650809136355189587500000000000000000000000000/1143826625546547010910083788032094371522879200599944079643752816844407637591447874358533870568369679742006194739410065465457194757278983426097926549696715709218736576717874331677447974425217088349952213154780462252947256766
bdlo__ye(13,12)	-279536622978357288993995907479186970541803334277576761069144064167349516761564432944894477361008527636084381777866276130378211362806574515592093621623726743713155640445876241973510455225169190271100000000000000000000000000/1143826625546547010910083788032094371522879200599944079643752816844407637591447874358533870568369679742006194739410065465457194757278983426097926549696715709218736576717874331677447974425217088349952213154780462252947256766
bdlo__ye(13,19)	-72141922834786483588370215264911668721503948987478335728363580894496858791505905645522758012404712092191099091677174248649931825626216330185512347976938176559890539638938116879165610285285645447750000000000000000000000000/571913312773273505455041894016047185761439600299972039821876408422203818795723937179266935284184839871003097369705032732728597378639491713048963274848357854609368288358937165838723987212608544174976106577390231126473628383
bdlo__ye(11,18)	-110841176284036554906356133594939057344724999890350436312897960910565540033154603829984204246764711993284623454954828321326556609176926519283306955047245551423500822420560980594622413272017139608950000000000000000000000000/571913312773273505455041894016047185761439600299972039821876408422203818795723937179266935284184839871003097369705032732728597378639491713048963274848357854609368288358937165838723987212608544174976106577390231126473628383
bdlo__y4(7,8)	-346014188191865377951196797815874106484100359263268156995098341962830332385166964309588641970093130220502761921903015397921231051822113017058246375868544279213784170686885843603799965051904455000000000000000000000000000/190637770924424501818347298005349061920479866766657346607292136140734606265241312393088978428061613290334365789901677577576199126213163904349654424949452618203122762786312388612907995737536181391658702192463410375491209461
bdlo__y4(9,9)	-8887515302947092672249639904595486224591066392907792296248607901134855565107071331930647188588586902154337655859648900330814085537715983731195873155658366415942866783421807936361041948652598675000000000000000000000000000/190637770924424501818347298005349061920479866766657346607292136140734606265241312393088978428061613290334365789901677577576199126213163904349654424949452618203122762786312388612907995737536181391658702192463410375491209461
bdlo__y4(4,10)	-70697724896906624366253605670685952745874254112408455910640882650213443012826386235560757668572102939971761012669070522133550777310003990767387410479203873516170481218600962936141683775457094793750000000000000000000000000/571913312773273505455041894016047185761439600299972039821876408422203818795723937179266935284184839871003097369705032732728597378639491713048963274848357854609368288358937165838723987212608544174976106577390231126473628383
bdlo__y4(12,10)	-70697724896906624366253605670685952745874254112408455910640882650213443012826386235560757668572102939971761012669070522133550777310003990767387410479203873516170481218600962936141683775457094793750000000000000000000000000/571913312773273505455041894016047185761439600299972039821876408422203818795723937179266935284184839871003097369705032732728597378639491713048963274848357854609368288358937165838723987212608544174976106577390231126473628383
bdlo__y4(7,11)	-9231593683404380993941974668541462528004026877075293484920724313378461958064042490152911751827397486575348523465647517508457259029361845052612075265449170597089483502865803038114961257833182380800000000000000000000000000/190637770924424501818347298005349061920479866766657346607292136140734606265241312393088978428061613290334365789901677577576199126213163904349654424949452618203122762786312388612907995737536181391658702192463410375491209461
bdlo__y4(9,14)	-23692533343518442109686615366134750685357237306708186032213733662313352252138774515632486552112844324594282190345663911103804462120056326940802347699100272106791728663415793342614249064419075784000000000000000000000000000/190637770924424501818347298005349061920479866766657346607292136140734606265241312393088978428061613290334365789901677577576199126213163904349654424949452618203122762786312388612907995737536181391658702192463410375491209461
bdlo__y4(9,15)	-1930415408413024162796567316906473796541676260272158377938144663889191965404544146004460550095274973231690370852447630940699590028723177694361413012529790140122568204914830927251586649058617150000000000000000000000000000/381275541848849003636694596010698123840959733533314693214584272281469212530482624786177956856123226580668731579803355155152398252426327808699308849898905236406245525572624777225815991475072362783317404384926820750982418922
bdlo__y4(9,16)	-21611265607298270305987021902400583843325934445105479567426084502865783170734789282781307300467276585949053885474544152479325931396231582915964320270753968691648615835972676442944000593166253276000000000000000000000000000/190637770924424501818347298005349061920479866766657346607292136140734606265241312393088978428061613290334365789901677577576199126213163904349654424949452618203122762786312388612907995737536181391658702192463410375491209461
bdlo__y4(7,17)	-19264380627923800541414684025901154070311246024491012597113119624436011787193793540184011344139028070956281040895352176282621525560011706865590789189141249174423110079610032586237026762810720750000000000000000000000000000/190637770924424501818347298005349061920479866766657346607292136140734606265241312393088978428061613290334365789901677577576199126213163904349654424949452618203122762786312388612907995737536181391658702192463410375491209461
bdlo__y4(2,20)	-69999303235022701541162924484787707513817885355866754243633421550693361826567714102376279322392332315124859579382568652160626309031058667871613802938131742566170481218600962936141683775457094793750000000000000000000000000/571913312773273505455041894016047185761439600299972039821876408422203818795723937179266935284184839871003097369705032732728597378639491713048963274848357854609368288358937165838723987212608544174976106577390231126473628383
bdlo__y5(10,6)	-2034690243172524850134560964311743082315044014672506100477167954722509012585658239774942031117976029918677579261840136661820644846374392525987864127892599695241777876163336709427716492390750000000000000000000000000000000/190637770924424501818347298005349061920479866766657346607292136140734606265241312393088978428061613290334365789901677577576199126213163904349654424949452618203122762786312388612907995737536181391658702192463410375491209461
bdlo__y5(6,8)	-346014188191865377951196797815874106484100359263268156995098341962830332385166964309588641970093130220502761921903015397921231051822113017058246375868544279213784170686885843603799965051904455000000000000000000000000000/190637770924424501818347298005349061920479866766657346607292136140734606265241312393088978428061613290334365789901677577576199126213163904349654424949452618203122762786312388612907995737536181391658702192463410375491209461
bdlo__y5(13,13)	-25622622466820509068454959273342463877053576454257386852135830091951909309028642692954714780745417866160926790547480718071054379152657946809294661994966490625849483310394674490624285833041827163000000000000000000000000000/190637770924424501818347298005349061920479866766657346607292136140734606265241312393088978428061613290334365789901677577576199126213163904349654424949452618203122762786312388612907995737536181391658702192463410375491209461
bdlo__y5(13,15)	-2773001748116440606104110947246836985800276014493826622231971779626000588816449592503214759204689102219637854509707346318709735283152731236546069594526068192239200747603719139746602725210235948000000000000000000000000000/381275541848849003636694596010698123840959733533314693214584272281469212530482624786177956856123226580668731579803355155152398252426327808699308849898905236406245525572624777225815991475072362783317404384926820750982418922
bdlo__y5(2,20)	-71151319795303836073087854563152691385214583423359386763686133004482952179357317230377804312151992111058642720266954466640692863358240586318389982673505917566170481218600962936141683775457094793750000000000000000000000000/571913312773273505455041894016047185761439600299972039821876408422203818795723937179266935284184839871003097369705032732728597378639491713048963274848357854609368288358937165838723987212608544174976106577390231126473628383
bdlo__y6(4,10)	-70697724896906624366253605670685952745874254112408455910640882650213443012826386235560757668572102939971761012669070522133550777310003990767387410479203873516170481218600962936141683775457094793750000000000000000000000000/571913312773273505455041894016047185761439600299972039821876408422203818795723937179266935284184839871003097369705032732728597378639491713048963274848357854609368288358937165838723987212608544174976106577390231126473628383
bdlo__y6(12,11)	-4638127674924233307151386743936901543152056114386665181540548980297252661831857164925537077126151411803303738079295097693504793186950701358680860724121827132304427851019039700212629235867000950000000000000000000000000000/190637770924424501818347298005349061920479866766657346607292136140734606265241312393088978428061613290334365789901677577576199126213163904349654424949452618203122762786312388612907995737536181391658702192463410375491209461
bdlo__y6(14,17)	-13295500656514249752320239060482033661005064703711832562938520140877776311640904203667512759613731663545090467501493021403056374396568355058420504987970566678824423990827957606226084634327798089600000000000000000000000000/381275541848849003636694596010698123840959733533314693214584272281469212530482624786177956856123226580668731579803355155152398252426327808699308849898905236406245525572624777225815991475072362783317404384926820750982418922
All other dual values are zero.

Reduced costs (name, value):
All other reduced costs are zero.
Primal solution feasible in original problem (max. violation = 0).
Dual solution feasible in original problem (max. violation = 0).

